kw_a,kw_b,weight
computer science,health care,544
artificial intelligence,computer science,517
law,political science,502
computer science,medicine,433
health care,medicine,416
health care,political science,416
health care,law,411
computer science,political science,393
computer science,law,373
computer science,psychology,361
economic growth,economics,338
health care,psychology,332
economics,health care,329
economic growth,health care,325
medicine,political science,325
medicine,psychology,323
law,medicine,315
computer science,data science,311
computer science,economics,311
political science,psychology,288
computer science,economic growth,279
law,psychology,277
computer science,knowledge management,262
computer science,computer security,260
artificial intelligence,health care,229
medicine,pathology,224
computer science,world wide web,216
computer science,engineering,215
medicine,nursing,211
health care,knowledge management,200
artificial intelligence,medicine,199
economics,medicine,199
business,computer science,199
economic growth,medicine,191
artificial intelligence,data science,188
computer science,operating system,188
data science,health care,175
artificial intelligence,psychology,174
health care,nursing,173
health care,health literacy,170
digital health,health care,170
pedagogy,psychology,169
artificial intelligence,economics,160
knowledge management,political science,158
computer science,machine learning,158
health literacy,medicine,155
artificial intelligence,political science,155
health care,pedagogy,154
computer science,pathology,152
knowledge management,law,151
medical education,medicine,151
artificial intelligence,law,149
biology,computer science,149
medicine,pedagogy,147
business,health care,141
nursing,political science,141
health literacy,psychology,139
disease,medicine,139
artificial intelligence,economic growth,139
law,nursing,137
computer science,nursing,136
digital health,medicine,136
computer security,health care,133
artificial intelligence,machine learning,133
nursing,psychology,132
health care,medical education,131
economics,psychology,130
health literacy,political science,129
health literacy,law,129
computer science,internet privacy,128
literacy,pedagogy,128
pedagogy,political science,128
medical education,psychology,128
political science,public relations,127
business,political science,126
health care,literacy,126
health care,world wide web,126
artificial intelligence,knowledge management,125
digital health,political science,124
health care,pathology,124
computer science,digital health,124
data science,medicine,124
data science,economics,124
law,pedagogy,124
disease,pathology,123
literacy,psychology,122
literacy,medicine,122
digital health,law,120
artificial intelligence,computer security,119
health literacy,literacy,119
health literacy,pedagogy,119
infectious disease (medical specialty),medicine,118
coronavirus disease 2019 (covid-19),disease,118
economic growth,psychology,118
coronavirus disease 2019 (covid-19),medicine,118
disease,infectious disease (medical specialty),118
coronavirus disease 2019 (covid-19),infectious disease (medical specialty),117
knowledge management,psychology,116
business,law,116
knowledge management,medicine,114
data science,economic growth,114
pathology,political science,114
computer science,pedagogy,113
computer science,mathematics,112
artificial intelligence,engineering,112
psychology,social psychology,110
artificial intelligence,operating system,108
infectious disease (medical specialty),pathology,108
engineering,political science,108
law,pathology,107
coronavirus disease 2019 (covid-19),pathology,107
law,public relations,106
engineering,health care,103
engineering,law,101
computer science,philosophy,101
medical education,political science,101
pathology,psychology,100
environmental health,medicine,100
literacy,political science,99
digital health,psychology,99
computer science,public relations,99
law,medical education,98
law,literacy,97
business,knowledge management,96
biology,medicine,96
medicine,world wide web,96
data science,political science,95
computer science,medical education,94
computer science,human–computer interaction,94
biology,health care,94
business,medicine,93
biology,paleontology,93
medicine,public health,93
data science,law,92
economics,knowledge management,92
disease,pandemic,92
coronavirus disease 2019 (covid-19),pandemic,92
big data,computer science,92
medicine,pandemic,92
nursing,public health,92
psychiatry,psychology,91
computer science,social psychology,91
infectious disease (medical specialty),pandemic,91
computer science,sociology,90
medical education,pedagogy,90
health care,public relations,89
health care,operating system,88
political science,world wide web,88
engineering,psychology,87
digital health,health literacy,87
medicine,psychological intervention,87
psychology,world wide web,86
health care,internet privacy,85
computer science,health literacy,85
computer science,disease,84
computer science,context (archaeology),84
pandemic,pathology,84
computer security,data science,84
engineering,medicine,83
health literacy,medical education,83
computer science,the internet,83
medicine,public relations,83
the internet,world wide web,82
law,world wide web,82
economics,political science,82
biology,context (archaeology),81
engineering,knowledge management,81
context (archaeology),paleontology,81
business,economics,81
computer science,embedded system,81
economic growth,knowledge management,81
computer science,transparency (behavior),81
computer security,economics,79
data science,knowledge management,79
computer science,data mining,78
computer security,political science,78
computer security,transparency (behavior),78
political science,sociology,77
computer science,paleontology,77
digital health,nursing,77
disease,political science,77
health literacy,nursing,77
medicine,psychiatry,77
computer security,operating system,77
engineering,engineering ethics,76
health care,sociology,76
economics,law,76
environmental health,health care,75
computer security,law,75
psychological intervention,psychology,74
computer security,economic growth,74
economics,nursing,73
psychology,sociology,73
infectious disease (medical specialty),political science,72
digital health,pedagogy,72
artificial intelligence,mathematics,72
economic growth,nursing,72
coronavirus disease 2019 (covid-19),political science,72
artificial intelligence,biology,71
disease,law,71
literacy,medical education,71
biology,political science,71
computer science,programming language,71
health care,mathematics,71
health care,public health,70
computer science,literacy,70
internet privacy,political science,70
law,sociology,70
internal medicine,medicine,69
computer science,infectious disease (medical specialty),69
economics,world wide web,69
economics,operating system,69
psychology,public relations,69
artificial intelligence,pathology,69
health care,psychological intervention,69
economic growth,political science,68
biology,law,68
computer security,medicine,68
computer science,coronavirus disease 2019 (covid-19),68
medicine,sociology,68
business,economic growth,68
disease,health care,68
computer science,internet of things,68
economics,pathology,67
artificial intelligence,business,67
artificial intelligence,world wide web,67
economic growth,world wide web,67
computer science,psychological intervention,67
infectious disease (medical specialty),law,66
context (archaeology),health care,66
political science,public health,66
digital health,literacy,66
health care,philosophy,66
coronavirus disease 2019 (covid-19),law,66
political science,social psychology,66
disease,psychology,65
big data,data science,65
nursing,psychological intervention,65
medicine,population,65
data science,operating system,65
computer science,psychiatry,64
computer science,engineering ethics,64
economic growth,law,63
nursing,pedagogy,63
biology,data science,63
environmental health,population,63
data science,psychology,63
mental health,psychology,63
business,psychology,63
digital health,economics,62
internet privacy,medicine,62
health care,social psychology,62
economic growth,pathology,62
internet privacy,law,62
epistemology,philosophy,62
law,medline,62
computer science,physics,62
economic growth,operating system,62
medline,political science,62
law,public health,62
health care,telemedicine,62
engineering ethics,political science,61
linguistics,philosophy,61
digital health,economic growth,61
health care,paleontology,61
big data,data mining,61
law,social psychology,61
computer science,wearable computer,60
business,computer security,60
infectious disease (medical specialty),psychology,60
machine learning,medicine,60
coronavirus disease 2019 (covid-19),psychology,60
computer science,telecommunications,60
nursing,pathology,59
health care,machine learning,59
computer science,risk analysis (engineering),59
embedded system,wearable computer,59
biology,economics,59
biology,psychology,58
artificial intelligence,big data,58
data science,machine learning,58
health care,infectious disease (medical specialty),58
cloud computing,computer science,58
medical education,nursing,58
cloud computing,operating system,58
coronavirus disease 2019 (covid-19),health care,58
medicine,philosophy,58
political science,psychological intervention,57
social science,sociology,57
medicine,operating system,57
engineering ethics,law,57
environmental health,psychology,57
context (archaeology),medicine,57
medicine,social psychology,57
business,marketing,57
philosophy,psychology,57
economic growth,health literacy,56
health care,psychiatry,56
computer science,environmental health,56
pandemic,political science,56
economics,health literacy,56
context (archaeology),political science,56
philosophy,political science,56
data mining,data science,56
environmental health,political science,56
law,psychological intervention,56
computer security,knowledge management,56
business,public relations,55
artificial intelligence,transparency (behavior),55
environmental health,law,55
computer science,public health,55
digital health,medical education,55
computer science,epistemology,55
artificial intelligence,philosophy,55
psychology,public health,54
big data,health care,54
economics,mathematics,54
data science,engineering,54
literacy,nursing,54
computer science,database,54
artificial intelligence,data mining,54
computer security,world wide web,53
context (archaeology),law,53
biology,economic growth,53
digital health,world wide web,53
law,pandemic,53
mental health,psychiatry,53
data science,pathology,53
data science,world wide web,53
computer security,internet privacy,52
computer science,marketing,52
computer science,pandemic,52
knowledge management,public relations,52
economics,machine learning,51
economic growth,mathematics,51
medicine,paleontology,51
data science,mathematics,51
mathematics,medicine,51
health care,transparency (behavior),51
artificial intelligence,human–computer interaction,51
medicine,telemedicine,50
medicine,medline,50
law,philosophy,50
physics,quantum mechanics,50
digital literacy,pedagogy,50
computer science,linguistics,50
computer science,telemedicine,50
biology,knowledge management,49
operating system,political science,49
knowledge management,operating system,49
computer network,computer science,49
engineering,operating system,49
digital health,knowledge management,49
engineering ethics,health care,49
engineering ethics,psychology,48
environmental health,health literacy,48
context (archaeology),psychology,48
economic growth,machine learning,48
digital literacy,health care,48
pandemic,psychology,48
applied psychology,psychology,48
political science,transparency (behavior),48
health care,the internet,48
business,engineering,48
internet privacy,world wide web,48
computer security,internet of things,47
economics,engineering,47
engineering,mechanical engineering,47
health care,population,47
paleontology,psychology,47
health care,pandemic,47
business,pathology,47
health care,medline,46
digital literacy,psychology,46
law,transparency (behavior),46
business,internet privacy,46
computer security,engineering,46
business,digital health,46
law,operating system,46
business,world wide web,46
internet privacy,psychology,46
digital health,public relations,46
artificial intelligence,nursing,46
paleontology,political science,45
big data,operating system,45
mathematics,pure mathematics,45
health care,human–computer interaction,45
pedagogy,world wide web,45
biology,pathology,45
field (mathematics),mathematics,44
computer science,social science,44
health care,programming language,44
field (mathematics),pure mathematics,44
digital health,psychological intervention,44
ehealth,health care,44
computer science,process (computing),44
health literacy,world wide web,44
artificial intelligence,programming language,44
population,psychology,43
computer science,field (mathematics),43
computer science,pure mathematics,43
neuroscience,psychology,43
psychiatry,psychological intervention,43
law,paleontology,43
digital literacy,literacy,43
environmental health,nursing,43
blockchain,computer science,43
blockchain,computer security,43
mathematical analysis,mathematics,43
operating system,process (computing),43
applications of artificial intelligence,artificial intelligence,42
computer science,neuroscience,42
computer science,medline,42
applications of artificial intelligence,computer science,42
digital literacy,political science,42
economics,psychiatry,42
economics,philosophy,42
mathematics,political science,42
knowledge management,world wide web,42
alternative medicine,medicine,42
alternative medicine,pathology,42
mathematics,psychology,42
medicine,mental health,42
computer security,psychology,42
computer science,population,42
computer science,wearable technology,41
economics,pedagogy,41
context (archaeology),knowledge management,41
economic growth,pedagogy,41
big data,economics,41
data mining,health care,41
mathematics,statistics,41
computer science,mechanical engineering,41
health care,social science,41
business,data science,41
digital literacy,health literacy,41
computer science,mathematical analysis,41
health literacy,public health,41
wearable computer,wearable technology,41
health literacy,pathology,41
family medicine,medicine,40
digital literacy,medicine,40
physics,psychology,40
knowledge management,nursing,40
economics,human–computer interaction,40
nursing,world wide web,40
gerontology,medicine,40
ehealth,medicine,40
health care,physics,40
embedded system,wearable technology,40
artificial intelligence,embedded system,40
digital literacy,law,40
economics,medical education,40
literacy,world wide web,40
applied psychology,computer science,40
epistemology,health care,40
machine learning,psychology,40
computer science,quantum mechanics,39
economics,literacy,39
economics,environmental health,39
digital health,pathology,39
economic growth,literacy,39
pathology,world wide web,39
digital health,digital literacy,39
economic growth,environmental health,39
computer science,mental health,39
economic growth,medical education,39
digital health,public health,39
law,mathematics,39
computer science,digital literacy,39
political science,psychiatry,38
health care,mental health,38
artificial intelligence,deep learning,38
political science,telemedicine,38
computer science,deep learning,38
knowledge management,paleontology,38
economics,internet privacy,38
knowledge management,pedagogy,38
artificial intelligence,physics,38
big data,economic growth,38
economic growth,psychiatry,38
economic growth,internet privacy,38
medicine,the internet,37
artificial intelligence,social psychology,37
artificial intelligence,psychiatry,37
public relations,sociology,37
electrical engineering,engineering,37
operating system,world wide web,37
internet privacy,public relations,37
nursing,public relations,37
knowledge management,philosophy,37
political science,population,37
pathology,public health,37
ehealth,health literacy,37
law,psychiatry,37
artificial intelligence,risk analysis (engineering),36
artificial intelligence,sociology,36
engineering ethics,knowledge management,36
economic growth,philosophy,36
pathology,pedagogy,36
economic growth,human–computer interaction,36
alternative medicine,computer science,36
medicine,risk analysis (engineering),36
gerontology,health care,36
law,telemedicine,36
law,population,36
psychology,social science,36
artificial intelligence,process (computing),36
big data,medicine,36
artificial intelligence,pedagogy,35
internet privacy,pathology,35
cloud computing,computer security,35
computer science,software deployment,35
health literacy,psychological intervention,35
medicine,physics,35
disease,nursing,35
context (archaeology),data science,35
environmental health,literacy,35
computer science,management science,35
economic growth,engineering,35
data science,human–computer interaction,35
computer science,electrical engineering,35
pathology,psychiatry,35
digital health,telemedicine,35
business,finance,34
data mining,economics,34
artificial intelligence,engineering ethics,34
business,infectious disease (medical specialty),34
computer science,ehealth,34
computer science,social media,34
business,coronavirus disease 2019 (covid-19),34
business,disease,34
medical education,pathology,34
epistemology,psychology,34
computer science,workflow,34
economics,telemedicine,34
linguistics,medicine,34
business,operating system,34
business,nursing,34
knowledge management,social psychology,34
artificial intelligence,field (mathematics),34
ehealth,psychology,34
disease,economics,34
economic growth,telemedicine,34
artificial intelligence,pure mathematics,34
computer science,quality (philosophy),33
environmental health,pedagogy,33
artificial intelligence,medical education,33
medicine,social media,33
pedagogy,sociology,33
big data,computer security,33
economics,sociology,33
biology,engineering,33
political science,social media,33
computer science,internal medicine,33
pathology,public relations,33
psychology,psychotherapist,33
biology,computer security,33
digital health,environmental health,33
medline,psychology,33
economics,psychological intervention,33
epistemology,quality (philosophy),33
database,workflow,33
database,health care,33
artificial intelligence,epistemology,33
philosophy,quality (philosophy),33
engineering,management science,33
business,risk analysis (engineering),33
gerontology,health literacy,33
linguistics,political science,32
computer science,finance,32
biology,business,32
health care,internal medicine,32
health care,marketing,32
knowledge management,sociology,32
literacy,pathology,32
applied psychology,health care,32
artificial intelligence,disease,32
political science,social science,32
coronavirus disease 2019 (covid-19),nursing,32
economics,paleontology,32
medicine,social science,32
medline,systematic review,32
computer security,mathematics,32
environmental health,pathology,32
engineering ethics,medicine,32
infectious disease (medical specialty),nursing,32
economic growth,psychological intervention,32
social media,world wide web,32
biology,operating system,32
law,systematic review,31
artificial intelligence,interpretability,31
applied psychology,medicine,31
nursing,pandemic,31
business,philosophy,31
medicine,programming language,31
mental health,political science,31
disease,economic growth,31
gerontology,psychology,31
knowledge management,marketing,31
computer science,interpretability,31
operating system,psychology,31
health care,quantum mechanics,31
computer security,pathology,31
political science,systematic review,31
public relations,world wide web,30
data science,transparency (behavior),30
computer science,statistics,30
power (physics),quantum mechanics,30
physics,power (physics),30
medical education,world wide web,30
archaeology,computer science,30
computer science,trustworthiness,30
neuroscience,perception,30
machine learning,political science,30
computer security,machine learning,30
data mining,economic growth,30
law,linguistics,30
data science,risk analysis (engineering),30
geography,medicine,30
artificial intelligence,paleontology,30
law,social science,30
digital health,ehealth,30
economic growth,paleontology,30
artificial intelligence,context (archaeology),30
ehealth,pedagogy,30
knowledge management,medical education,30
economics,social psychology,30
data science,digital health,30
family medicine,health care,30
artificial intelligence,database,30
pathology,psychological intervention,30
pathology,philosophy,30
political science,the internet,29
economic growth,sociology,29
embedded system,engineering,29
psychology,transparency (behavior),29
archaeology,health care,29
archaeology,geography,29
computer science,geography,29
law,social media,29
geography,health care,29
archaeology,medicine,29
embedded system,health care,29
artificial intelligence,telecommunications,29
computer science,decision support system,29
ehealth,political science,29
computer science,key (lock),29
law,mental health,29
ehealth,law,29
health care,internet of things,29
clinical psychology,psychology,29
pedagogy,public relations,29
engineering,public relations,29
engineering,mathematics,29
human–computer interaction,psychology,29
computer science,perception,29
applications of artificial intelligence,health care,29
data mining,machine learning,29
environmental health,public health,29
digital literacy,medical education,29
economics,epistemology,29
context (archaeology),economics,29
digital health,internet privacy,29
disease,world wide web,29
computer science,software engineering,29
knowledge management,transparency (behavior),28
artificial intelligence,perspective (graphical),28
ehealth,literacy,28
psychology,the internet,28
bioinformatics,biology,28
data science,paleontology,28
business,pandemic,28
data science,the internet,28
coronavirus disease 2019 (covid-19),world wide web,28
pathology,sociology,28
machine learning,operating system,28
pedagogy,public health,28
artificial intelligence,the internet,28
law,the internet,28
physics,political science,28
infectious disease (medical specialty),world wide web,28
disease,health literacy,28
law,machine learning,28
computer science,perspective (graphical),28
economics,public health,28
health care,linguistics,28
data science,philosophy,28
artificial intelligence,decision support system,28
internal medicine,law,27
data science,field (mathematics),27
data science,pure mathematics,27
computer science,generative grammar,27
computer science,materials science,27
biology,world wide web,27
economics,infectious disease (medical specialty),27
public health,public relations,27
artificial intelligence,management science,27
database,medicine,27
biology,machine learning,27
internal medicine,political science,27
health literacy,population,27
economics,programming language,27
psychology,quantum mechanics,27
artificial intelligence,internet of things,27
economic growth,public health,27
medicine,transparency (behavior),27
sociology,world wide web,27
computer science,wireless,27
chatbot,computer science,27
deep learning,machine learning,27
literacy,public health,27
health care,statistics,27
health literacy,public relations,27
context (archaeology),economic growth,27
health care,risk analysis (engineering),27
perception,psychology,27
engineering,sociology,27
internal medicine,psychology,27
data science,nursing,27
embedded system,operating system,27
geography,psychology,27
computer network,computer security,27
telemedicine,world wide web,27
geography,political science,27
political science,programming language,27
biology,disease,27
law,programming language,27
coronavirus disease 2019 (covid-19),economics,27
economics,the internet,27
data mining,medicine,27
computer security,key (lock),27
artificial intelligence,generative grammar,27
computer security,the internet,27
coronavirus disease 2019 (covid-19),public relations,26
coronavirus disease 2019 (covid-19),severe acute respiratory syndrome coronavirus 2 (sars-cov-2),26
nursing,telemedicine,26
economics,mental health,26
disease,public relations,26
artificial intelligence,robot,26
infectious disease (medical specialty),public relations,26
knowledge management,mathematics,26
telecommunications,wireless,26
big data,political science,26
computer science,robot,26
disease,severe acute respiratory syndrome coronavirus 2 (sars-cov-2),26
disease,public health,26
computer security,telecommunications,26
operating system,the internet,26
disease,internal medicine,26
artificial intelligence,wearable computer,26
materials science,nanotechnology,26
artificial intelligence,mathematical analysis,26
epistemology,medicine,26
economic growth,the internet,26
ehealth,nursing,26
artificial intelligence,psychological intervention,26
operating system,software deployment,26
economics,marketing,26
engineering,pathology,26
economics,population,26
economic growth,population,26
big data,law,26
medicine,severe acute respiratory syndrome coronavirus 2 (sars-cov-2),26
internet of things,operating system,26
operating system,pathology,25
economic growth,epistemology,25
pedagogy,psychological intervention,25
linguistics,psychology,25
disease,environmental health,25
artificial intelligence,linguistics,25
coronavirus disease 2019 (covid-19),social media,25
infectious disease (medical specialty),social media,25
computer science,set (abstract data type),25
disease,social media,25
economics,embedded system,25
health literacy,infectious disease (medical specialty),25
psychology,social media,25
artificial intelligence,public relations,25
geography,law,25
pathology,social media,25
medical education,public relations,25
archaeology,psychology,25
economic growth,mental health,25
health care,wearable computer,25
data science,internet privacy,25
epistemology,political science,25
nursing,population,25
family medicine,psychology,25
computer science,process management,25
health literacy,sociology,25
archaeology,political science,25
artificial intelligence,quantum mechanics,25
coronavirus disease 2019 (covid-19),health literacy,25
economic growth,programming language,25
business,sociology,25
philosophy,world wide web,25
programming language,set (abstract data type),25
internet privacy,nursing,25
data science,disease,25
big data,knowledge management,25
infectious disease (medical specialty),severe acute respiratory syndrome coronavirus 2 (sars-cov-2),25
data science,database,25
engineering,philosophy,25
coronavirus disease 2019 (covid-19),public health,25
clinical psychology,medicine,25
economics,internet of things,25
computer science,power (physics),25
medicine,quantum mechanics,25
2019-20 coronavirus outbreak,coronavirus disease 2019 (covid-19),24
biology,nursing,24
2019-20 coronavirus outbreak,medicine,24
business,transparency (behavior),24
artificial intelligence,cloud computing,24
health care,health informatics,24
digital literacy,world wide web,24
intensive care medicine,medicine,24
context (archaeology),nursing,24
infectious disease (medical specialty),public health,24
infectious disease (medical specialty),virology,24
disease,outbreak,24
medline,psychological intervention,24
computer science,domain (mathematical analysis),24
2019-20 coronavirus outbreak,disease,24
health care,workflow,24
coronavirus disease 2019 (covid-19),virology,24
coronavirus disease 2019 (covid-19),outbreak,24
artificial intelligence,internet privacy,24
physics,reliability (semiconductor),24
health care,mathematical analysis,24
pandemic,public health,24
power (physics),reliability (semiconductor),24
finance,political science,24
applications of artificial intelligence,data science,24
business,telemedicine,24
disease,virology,24
literacy,psychological intervention,24
digital health,disease,24
pedagogy,transformative learning,24
economic growth,infectious disease (medical specialty),24
nursing,sociology,24
coronavirus disease 2019 (covid-19),economic growth,24
knowledge management,programming language,24
economic growth,social psychology,24
medline,scopus,24
literacy,sociology,24
economic growth,internet of things,24
quantum mechanics,reliability (semiconductor),24
law,physics,24
marketing,medicine,24
disease,internet privacy,24
government (linguistics),linguistics,24
epistemology,knowledge management,24
data science,programming language,24
economics,social science,24
computer science,psychotherapist,24
medicine,virology,24
government (linguistics),philosophy,24
economic growth,embedded system,24
medicine,outbreak,24
artificial intelligence,neuroscience,24
infectious disease (medical specialty),outbreak,24
machine learning,mathematics,24
medicine,statistics,24
disease,psychiatry,23
philosophy,public relations,23
developmental psychology,psychology,23
mechanical engineering,work (physics),23
computer security,embedded system,23
artificial intelligence,workflow,23
2019-20 coronavirus outbreak,infectious disease (medical specialty),23
health care,healthcare system,23
gerontology,political science,23
gerontology,law,23
health care,mechanical engineering,23
biology,sociology,23
data science,psychological intervention,23
curriculum,pedagogy,23
health care,neuroscience,23
alternative medicine,health care,23
engineering,work (physics),23
disease,sociology,23
computer science,information privacy,23
neuroscience,political science,23
computer science,information and communications technology,23
cloud computing,health care,23
machine learning,pathology,23
pathology,population,23
health equity,political science,23
coronavirus disease 2019 (covid-19),environmental health,23
internet privacy,knowledge management,23
database,economics,23
domain (mathematical analysis),mathematical analysis,23
domain (mathematical analysis),mathematics,23
2019-20 coronavirus outbreak,outbreak,23
gerontology,literacy,23
archaeology,law,23
law,neuroscience,23
public relations,social media,23
health equity,law,23
outbreak,virology,23
big data,pathology,23
knowledge management,pathology,23
pandemic,public relations,22
computer science,healthcare system,22
database,economic growth,22
biology,digital health,22
economics,physics,22
medical education,psychological intervention,22
biology,philosophy,22
medicine,systematic review,22
computer science,health informatics,22
curriculum,psychology,22
economic growth,mathematical analysis,22
economic growth,marketing,22
machine learning,world wide web,22
artificial intelligence,software deployment,22
coronavirus disease 2019 (covid-19),internet privacy,22
public health,world wide web,22
economics,mathematical analysis,22
artificial intelligence,digital health,22
biology,mathematics,22
digital health,psychiatry,22
human–computer interaction,knowledge management,22
health informatics,medicine,22
information and communications technology,world wide web,22
mathematics,pathology,22
artificial intelligence,internal medicine,22
engineering,social psychology,22
applications of artificial intelligence,medicine,22
pandemic,social media,22
economic growth,social science,22
law,scopus,22
infectious disease (medical specialty),internet privacy,22
health care,systematic review,22
business,process management,22
disease,pedagogy,22
cross-sectional study,medicine,22
environmental health,infectious disease (medical specialty),22
economics,medline,22
infectious disease (medical specialty),sociology,22
mathematics,world wide web,22
context (archaeology),pathology,22
artificial intelligence,infectious disease (medical specialty),22
cross-sectional study,pathology,22
pandemic,world wide web,22
knowledge management,social science,22
business,social psychology,22
engineering,transparency (behavior),22
political science,scopus,22
finance,law,22
communication,psychology,22
literacy,public relations,22
data science,process (computing),22
computer science,work (physics),22
medicine,workflow,22
medical education,public health,22
family medicine,nursing,22
2019-20 coronavirus outbreak,virology,22
2019-20 coronavirus outbreak,severe acute respiratory syndrome coronavirus 2 (sars-cov-2),22
epistemology,law,21
literacy,population,21
data science,embedded system,21
family medicine,law,21
pedagogy,population,21
computer security,risk analysis (engineering),21
knowledge management,risk analysis (engineering),21
data science,medline,21
computer security,human–computer interaction,21
social psychology,world wide web,21
computer science,nanotechnology,21
economics,internal medicine,21
health care,quality (philosophy),21
accountability,law,21
accountability,political science,21
engineering,nursing,21
health care,wearable technology,21
paleontology,pathology,21
engineering,materials science,21
applied psychology,social psychology,21
context (archaeology),geography,21
biology,botany,21
economics,statistics,21
cloud computing,economics,21
economic growth,medline,21
pathology,social psychology,21
severe acute respiratory syndrome coronavirus 2 (sars-cov-2),virology,21
computer science,mhealth,21
infectious disease (medical specialty),medical education,21
infectious disease (medical specialty),psychiatry,21
artificial intelligence,mechanical engineering,21
artificial intelligence,variety (cybernetics),21
computer science,variety (cybernetics),21
family medicine,health literacy,21
knowledge management,process management,21
archaeology,context (archaeology),21
data science,psychiatry,21
outbreak,severe acute respiratory syndrome coronavirus 2 (sars-cov-2),21
nursing,psychiatry,21
nursing,social psychology,21
health care,health equity,21
health care,social media,21
marketing,political science,21
business,environmental health,21
economics,gerontology,21
embedded system,internet of things,21
economics,pandemic,21
artificial intelligence,coronavirus disease 2019 (covid-19),21
economic growth,gerontology,21
computer security,philosophy,21
health care,process (computing),21
environmental health,world wide web,21
medline,nursing,21
economics,risk analysis (engineering),21
computer science,systematic review,21
computer security,data mining,21
data science,mathematical analysis,21
big data,biology,21
political science,quantum mechanics,21
psychological intervention,world wide web,21
clinical decision support system,computer science,21
clinical decision support system,decision support system,21
coronavirus disease 2019 (covid-19),sociology,21
disease,medical education,21
coronavirus disease 2019 (covid-19),medical education,21
mental health,psychological intervention,21
coronavirus disease 2019 (covid-19),psychiatry,21
family medicine,political science,21
economic growth,internal medicine,20
cognitive psychology,psychology,20
linguistics,pathology,20
computer science,reliability (semiconductor),20
computer science,government (linguistics),20
data science,deep learning,20
curriculum,medicine,20
data mining,law,20
data mining,political science,20
mechanical engineering,medicine,20
environmental health,medical education,20
gerontology,pedagogy,20
biology,medical education,20
health care,mhealth,20
health care,software deployment,20
applications of artificial intelligence,law,20
biology,public relations,20
context (archaeology),world wide web,20
pathology,severe acute respiratory syndrome coronavirus 2 (sars-cov-2),20
digital health,population,20
big data,mathematics,20
infectious disease (medical specialty),pedagogy,20
applied psychology,political science,20
artificial intelligence,domain (mathematical analysis),20
context (archaeology),digital health,20
engineering,wearable computer,20
botany,computer science,20
applications of artificial intelligence,political science,20
law,marketing,20
computer science,scopus,20
engineering,programming language,20
equity (law),political science,20
telehealth,telemedicine,20
cloud computing,economic growth,20
equity (law),law,20
equity (law),health care,20
health care,telehealth,20
cloud computing,world wide web,20
economics,public relations,20
computer science,transformative learning,20
health literacy,pandemic,20
computer security,information privacy,20
programming language,psychology,20
gerontology,nursing,20
medicine,precision medicine,20
computer security,trustworthiness,20
law,risk analysis (engineering),20
economic growth,physics,20
political science,risk analysis (engineering),20
marketing,psychology,20
bioinformatics,medicine,20
medicine,neuroscience,20
cross-sectional study,health care,20
psychology,transformative learning,20
psychology,statistics,20
artificial intelligence,clinical decision support system,20
computer science,distributed computing,20
computer science,virtual reality,20
business,mathematics,20
internet privacy,pandemic,20
health literacy,the internet,20
pathology,precision medicine,20
mathematics,sociology,20
health literacy,medline,20
bioinformatics,computer science,20
human–computer interaction,world wide web,20
mechanical engineering,political science,20
health equity,medicine,20
health informatics,nursing,19
medicine,mhealth,19
nursing,paleontology,19
outbreak,pathology,19
context (archaeology),public relations,19
information literacy,pedagogy,19
curriculum,health care,19
mental health,psychotherapist,19
autonomy,law,19
autonomy,political science,19
engineering,nanotechnology,19
accountability,computer science,19
engineering,physics,19
geography,health literacy,19
chatbot,world wide web,19
health care,pure mathematics,19
engineering,risk analysis (engineering),19
pathology,virology,19
context (archaeology),medical education,19
digital health,sociology,19
health care,psychotherapist,19
biology,health literacy,19
applied psychology,law,19
knowledge management,machine learning,19
coronavirus disease 2019 (covid-19),pedagogy,19
internal medicine,pathology,19
alternative medicine,political science,19
health care,transformative learning,19
infectious disease (medical specialty),internal medicine,19
human–computer interaction,virtual reality,19
environmental health,pandemic,19
coronavirus disease 2019 (covid-19),digital health,19
medical education,sociology,19
internet privacy,operating system,19
big data,business,19
coronavirus disease 2019 (covid-19),internal medicine,19
health literacy,psychiatry,19
economics,ehealth,19
finance,health care,19
digital health,infectious disease (medical specialty),19
engineering ethics,public relations,19
engineering,pedagogy,19
economics,telecommunications,19
engineering ethics,sociology,19
management science,political science,19
economics,wearable computer,19
operating system,risk analysis (engineering),19
economic growth,ehealth,19
artificial neural network,machine learning,19
engineering,machine learning,19
population,world wide web,19
human–computer interaction,political science,19
data science,workflow,19
biology,social psychology,19
artificial intelligence,artificial neural network,19
artificial neural network,computer science,19
computer science,digital divide,19
health care,telecommunications,19
economic growth,statistics,19
information privacy,internet privacy,19
biology,infectious disease (medical specialty),19
context (archaeology),health literacy,19
business,public health,19
digital health,mhealth,19
economic growth,wearable computer,19
disease,philosophy,19
computer security,software deployment,18
health care,perception,18
economic growth,family medicine,18
artificial intelligence,medline,18
law,psychotherapist,18
health informatics,public health,18
data science,management science,18
field (mathematics),health care,18
biology,coronavirus disease 2019 (covid-19),18
pandemic,severe acute respiratory syndrome coronavirus 2 (sars-cov-2),18
communication,computer science,18
engineering,systems engineering,18
economic growth,pandemic,18
mathematics,philosophy,18
qualitative research,social science,18
qualitative research,sociology,18
nursing,philosophy,18
law,quantum mechanics,18
health care,power (physics),18
blockchain,health care,18
applied psychology,health literacy,18
computer science,systems engineering,18
data mining,mathematics,18
artificial intelligence,social science,18
cloud computing,internet of things,18
big data,machine learning,18
ehealth,world wide web,18
curriculum,medical education,18
economic growth,risk analysis (engineering),18
mhealth,psychological intervention,18
information literacy,political science,18
political science,psychotherapist,18
information literacy,psychology,18
context (archaeology),pedagogy,18
artificial intelligence,marketing,18
information literacy,law,18
human–computer interaction,operating system,18
data science,internet of things,18
computer security,paleontology,18
law,trustworthiness,18
biology,ecology,18
computer science,leverage (statistics),18
knowledge management,mechanical engineering,18
2019-20 coronavirus outbreak,pathology,18
human–computer interaction,law,18
mental health,pathology,18
internet privacy,sociology,18
political science,trustworthiness,18
computer security,database,18
applied psychology,economics,18
economics,quantum mechanics,18
psychological intervention,public health,18
artificial intelligence,trustworthiness,18
philosophy,sociology,18
engineering,world wide web,18
knowledge management,management science,18
family medicine,literacy,18
biology,genetics,18
law,management science,18
psychology,quality (philosophy),18
algorithm,computer science,18
biology,identification (biology),18
computer science,intensive care medicine,18
disease,population,18
social psychology,sociology,18
mathematics,operating system,18
engineering,paleontology,18
medical education,medline,18
context (archaeology),engineering,18
pathology,telemedicine,18
digital divide,world wide web,18
big data,world wide web,18
psychology,telemedicine,18
internet of things,world wide web,18
embedded system,medicine,18
geography,pathology,18
disease,literacy,18
internet privacy,telemedicine,18
art,computer science,18
business,pedagogy,18
economics,family medicine,18
pedagogy,the internet,18
equity (law),medicine,18
alternative medicine,law,18
health care,health professionals,18
operating system,transparency (behavior),18
political science,transformative learning,17
law,perception,17
perception,political science,17
human–computer interaction,metaverse,17
metaverse,virtual reality,17
economic growth,public relations,17
information and communications technology,political science,17
applications of artificial intelligence,psychology,17
computer science,metaverse,17
computer science,ecology,17
computer science,multimedia,17
applications of artificial intelligence,knowledge management,17
public relations,social psychology,17
coronavirus disease 2019 (covid-19),philosophy,17
developmental psychology,health care,17
computer science,data sharing,17
health care,trustworthiness,17
clinical psychology,health care,17
medical education,pandemic,17
data sharing,medicine,17
infectious disease (medical specialty),philosophy,17
data sharing,pathology,17
finance,knowledge management,17
computer network,operating system,17
digital literacy,knowledge management,17
blockchain,economics,17
blockchain,economic growth,17
literacy,the internet,17
artificial intelligence,statistics,17
developmental psychology,medicine,17
pedagogy,social psychology,17
mathematics,pedagogy,17
decision support system,knowledge management,17
applied psychology,economic growth,17
digital literacy,nursing,17
engineering,internet privacy,17
botany,identification (biology),17
analytics,computer science,17
chatbot,psychology,17
computer science,identification (biology),17
analytics,data science,17
computer security,software engineering,17
computer science,precision medicine,17
health literacy,information literacy,17
cross-sectional study,psychology,17
data mining,knowledge management,17
biology,pedagogy,17
health literacy,internal medicine,17
health care,information and communications technology,17
disease,telemedicine,17
operating system,philosophy,17
data science,wearable computer,17
alternative medicine,data sharing,17
economic growth,telecommunications,17
digital divide,political science,17
autonomy,computer science,17
pedagogy,psychiatry,17
data mining,pathology,17
data science,domain (mathematical analysis),17
literacy,telemedicine,17
health care,information literacy,17
artificial intelligence,public health,17
medical education,population,17
digital health,pandemic,17
business,linguistics,17
medical education,social psychology,17
business,context (archaeology),17
knowledge management,neuroscience,17
digital literacy,public relations,17
health literacy,knowledge management,17
computer science,library science,17
medicine,telehealth,17
medicine,wearable computer,17
health literacy,telemedicine,17
ehealth,medical education,17
data science,infectious disease (medical specialty),17
knowledge management,process (computing),17
biology,data mining,17
artificial intelligence,electrical engineering,16
law,mechanical engineering,16
mechanical engineering,psychology,16
infectious disease (medical specialty),literacy,16
pandemic,pedagogy,16
internal medicine,pandemic,16
data science,epistemology,16
political science,work (physics),16
database,operating system,16
healthcare system,political science,16
healthcare system,law,16
engineering,medical education,16
data science,physics,16
artificial intelligence,computer network,16
infectious disease (medical specialty),population,16
computer network,health care,16
artificial intelligence,transformative learning,16
operating system,wearable computer,16
health literacy,paleontology,16
clinical psychology,health literacy,16
artificial intelligence,leverage (statistics),16
economics,process (computing),16
curriculum,political science,16
computer network,economics,16
curriculum,law,16
communication,health care,16
health care,reliability (semiconductor),16
economic growth,wearable technology,16
environmental health,gerontology,16
medicine,transformative learning,16
domain (mathematical analysis),health care,16
coronavirus disease 2019 (covid-19),telemedicine,16
artificial intelligence,mental health,16
blockchain,data science,16
business,programming language,16
disease,machine learning,16
digital health,the internet,16
artificial intelligence,perception,16
database,knowledge management,16
computer science,developmental psychology,16
engineering,epistemology,16
data mining,operating system,16
accountability,health care,16
economics,wearable technology,16
clinical psychology,psychiatry,16
computer science,scalability,16
coronavirus disease 2019 (covid-19),population,16
mathematics education,psychology,16
data science,interpretability,16
coronavirus disease 2019 (covid-19),literacy,16
biology,environmental health,16
decision support system,health care,16
pandemic,psychiatry,16
information and communications technology,law,16
mathematics,nursing,16
neuroscience,social psychology,16
artificial intelligence,finance,16
context (archaeology),operating system,16
archaeology,health literacy,16
internet privacy,social media,16
pandemic,sociology,16
knowledge management,telemedicine,16
health care,process management,16
environmental health,psychological intervention,16
deep learning,economics,16
engineering,process (computing),16
data science,sociology,16
mathematical analysis,political science,16
2019-20 coronavirus outbreak,pandemic,16
medical education,paleontology,16
biology,risk analysis (engineering),16
medicine,scopus,16
internet privacy,public health,16
composite material,materials science,16
health care,scopus,16
health equity,public relations,16
economics,quality (philosophy),16
knowledge management,trustworthiness,16
health care,set (abstract data type),16
demography,sociology,16
cloud computing,data science,16
operating system,paleontology,16
health care,work (physics),16
government (linguistics),medicine,16
economic growth,quantum mechanics,16
nursing,social media,16
coronavirus disease 2019 (covid-19),data science,16
cognitive psychology,computer science,16
artificial intelligence,software engineering,16
alternative medicine,psychology,16
chemistry,computer science,16
computer security,programming language,15
biochemistry,chemistry,15
artificial intelligence,set (abstract data type),15
business,machine learning,15
business,corporate governance,15
health literacy,mathematics,15
paleontology,world wide web,15
family medicine,pedagogy,15
cinahl,law,15
cinahl,medicine,15
cinahl,political science,15
cinahl,psychological intervention,15
linguistics,world wide web,15
medical education,philosophy,15
health care,interpretability,15
psychological intervention,telemedicine,15
information literacy,medical education,15
information literacy,medicine,15
data science,public health,15
context (archaeology),social psychology,15
health care,software engineering,15
medicine,process (computing),15
quantum mechanics,scale (ratio),15
digital health,paleontology,15
computer security,mathematical analysis,15
engineering,telecommunications,15
finance,medicine,15
engineering,internet of things,15
context (archaeology),psychological intervention,15
applied psychology,knowledge management,15
physics,scale (ratio),15
medline,pathology,15
knowledge management,public health,15
data science,mechanical engineering,15
economic growth,process (computing),15
health equity,psychology,15
digital health,medline,15
population,social psychology,15
deep learning,health care,15
artificial intelligence,quality (philosophy),15
paleontology,social psychology,15
artificial intelligence,wireless,15
geography,pedagogy,15
economics,linguistics,15
knowledge management,linguistics,15
medicine,quality (philosophy),15
mhealth,nursing,15
computer science,curriculum,15
computer science,digital transformation,15
philosophy,social psychology,15
psychiatry,social psychology,15
medical emergency,medicine,15
economics,workflow,15
digital divide,law,15
computer security,interpretability,15
interpretability,transparency (behavior),15
outbreak,pandemic,15
artificial intelligence,black box,15
black box,computer science,15
artificial intelligence,power (physics),15
machine learning,programming language,15
pedagogy,philosophy,15
business,epistemology,15
pandemic,telemedicine,15
psychology,structural equation modeling,15
data science,trustworthiness,15
government (linguistics),political science,15
database,scalability,15
computer security,engineering ethics,15
machine learning,philosophy,15
computer security,context (archaeology),15
digital health,mental health,15
pandemic,virology,15
knowledge management,physics,15
operating system,programming language,15
engineering,social science,15
health care,qualitative research,15
computer science,service (business),15
infectious disease (medical specialty),telemedicine,15
computer security,physics,15
public relations,telemedicine,15
big data,internet of things,15
human–computer interaction,wearable computer,15
embedded system,human–computer interaction,15
medicine,psychotherapist,15
disease,social psychology,15
artificial intelligence,wearable technology,15
corporate governance,finance,15
computer science,telehealth,15
internal medicine,nursing,15
software deployment,software engineering,15
economics,mechanical engineering,15
environmental health,public relations,15
health care,scale (ratio),15
law,transformative learning,15
political science,quality (philosophy),15
cross-sectional study,political science,14
telecommunications,world wide web,14
digital divide,health care,14
chemistry,psychology,14
infectious disease (medical specialty),social psychology,14
population,public health,14
computer science,encryption,14
computer security,encryption,14
digital transformation,world wide web,14
engineering ethics,philosophy,14
archaeology,history,14
authentication (law),computer science,14
authentication (law),computer security,14
computer security,wireless,14
operating system,telecommunications,14
applied psychology,medical education,14
business,health literacy,14
biology,programming language,14
artificial intelligence,chatbot,14
artificial intelligence,intensive care medicine,14
internet privacy,social psychology,14
pandemic,population,14
optics,physics,14
context (archaeology),disease,14
knowledge management,perception,14
data science,pedagogy,14
economic growth,transparency (behavior),14
economic growth,workflow,14
economics,transparency (behavior),14
database,political science,14
internet privacy,the internet,14
computer security,linguistics,14
psychology,trustworthiness,14
engineering,pure mathematics,14
business,population,14
business,telecommunications,14
medicine,radiology,14
health literacy,social psychology,14
mental health,nursing,14
engineering ethics,pedagogy,14
marketing,service (business),14
knowledge management,medline,14
nursing,social science,14
biology,population,14
nursing,the internet,14
database,law,14
business,paleontology,14
internet of things,internet privacy,14
digital health,health equity,14
health care,health education,14
law,mathematical analysis,14
engineering,field (mathematics),14
internal medicine,machine learning,14
computer security,public relations,14
law,politics,14
political science,politics,14
archaeology,pathology,14
data science,linguistics,14
context (archaeology),public health,14
coronavirus disease 2019 (covid-19),mathematics,14
cloud computing,the internet,14
interpretability,medicine,14
knowledge management,psychological intervention,14
paleontology,pedagogy,14
paleontology,public relations,14
intervention (counseling),medicine,14
engineering,wearable technology,14
mechanical engineering,operating system,14
archaeology,pedagogy,14
cinahl,health care,14
health care,variety (cybernetics),14
biology,public health,14
disease,mathematics,14
infectious disease (medical specialty),mathematics,14
medical education,social science,14
pandemic,philosophy,14
psychiatry,world wide web,14
economics,macroeconomics,14
cloud computing,computer network,14
context (archaeology),philosophy,14
digital health,geography,14
knowledge management,literacy,14
linguistics,public relations,14
health care,perspective (graphical),14
embedded system,machine learning,14
geography,nursing,14
computer science,health professionals,14
disease,psychological intervention,14
mathematics,medical education,14
mathematics education,medical education,14
mathematics education,medicine,14
health communication,political science,14
law,library science,14
library science,political science,14
decision support system,medicine,14
public relations,social science,14
artificial intelligence,pandemic,14
biology,social science,14
field (mathematics),knowledge management,14
anxiety,psychiatry,14
computer science,edge computing,14
computer network,medicine,14
bioinformatics,data science,14
knowledge management,work (physics),14
business,service (business),14
computer science,corporate governance,14
economic growth,quality (philosophy),14
pathology,the internet,14
equity (law),health equity,14
computer science,equity (law),14
social media,sociology,14
equity (law),public relations,14
computer security,coronavirus disease 2019 (covid-19),14
computer security,disease,14
computer security,infectious disease (medical specialty),14
knowledge management,pure mathematics,14
cross-sectional study,health literacy,14
medicine,scale (ratio),14
psychology,scale (ratio),14
digital health,telehealth,14
health professionals,law,14
health professionals,political science,14
disease,geography,14
coronavirus disease 2019 (covid-19),social psychology,14
family medicine,medical education,14
family medicine,pathology,14
cross-sectional study,law,14
computer security,social psychology,14
computer science,confidentiality,14
power (physics),psychology,13
digital health,gerontology,13
context (archaeology),sociology,13
embedded system,law,13
digital health,marketing,13
human–computer interaction,machine learning,13
perspective (graphical),political science,13
art,visual arts,13
health care,key (lock),13
infectious disease (medical specialty),linguistics,13
knowledge management,workflow,13
computer science,visual arts,13
deep learning,economic growth,13
economics,management,13
information literacy,literacy,13
political science,software deployment,13
government (linguistics),law,13
internet privacy,pedagogy,13
computer science,emerging technologies,13
health informatics,law,13
health informatics,political science,13
digital literacy,economic growth,13
digital literacy,economics,13
health care,library science,13
health literacy,library science,13
economics,health informatics,13
computer security,field (mathematics),13
law,software deployment,13
human–computer interaction,usability,13
computer science,usability,13
computer network,economic growth,13
health literacy,philosophy,13
computer science,management,13
anxiety,psychology,13
domain (mathematical analysis),economic growth,13
big data,cloud computing,13
interpretability,machine learning,13
computer security,pure mathematics,13
business,information and communications technology,13
digital literacy,environmental health,13
engineering,finance,13
embedded system,materials science,13
health education,medicine,13
health equity,health literacy,13
alternative medicine,computer security,13
law,pure mathematics,13
political science,pure mathematics,13
data science,decision support system,13
computer security,wearable computer,13
ehealth,psychological intervention,13
geography,literacy,13
algorithm,artificial intelligence,13
artificial intelligence,emerging technologies,13
bioinformatics,health care,13
context (archaeology),literacy,13
big data,field (mathematics),13
big data,pure mathematics,13
health education,health literacy,13
biology,epistemology,13
data science,systematic review,13
mathematics,transparency (behavior),13
clinical decision support system,health care,13
context (archaeology),coronavirus disease 2019 (covid-19),13
applied psychology,world wide web,13
applications of artificial intelligence,economics,13
cinahl,medline,13
paleontology,philosophy,13
archaeology,medical education,13
health literacy,internet privacy,13
domain (mathematical analysis),economics,13
clinical psychology,law,13
clinical psychology,political science,13
disease,mental health,13
embedded system,political science,13
blockchain,operating system,13
computer science,family medicine,13
health equity,nursing,13
electrical engineering,embedded system,13
literacy,pandemic,13
coronavirus disease 2019 (covid-19),linguistics,13
clinical decision support system,medicine,13
health care,information privacy,13
environmental health,social psychology,13
pathology,physics,13
pedagogy,telemedicine,13
political science,telehealth,13
human–computer interaction,medicine,13
medicine,perception,13
engineering ethics,transparency (behavior),13
communication,medicine,13
artificial intelligence,telemedicine,13
engineering ethics,management science,13
epistemology,sociology,13
corporate governance,law,13
disease,linguistics,13
computer science,health communication,13
environmental health,family medicine,13
interpretability,psychology,13
gerontology,pathology,13
clinical psychology,mental health,13
medicine,power (physics),13
marketing,world wide web,13
context (archaeology),infectious disease (medical specialty),13
coronavirus disease 2019 (covid-19),geography,13
corporate governance,political science,13
inclusion (mineral),law,13
inclusion (mineral),political science,13
management science,psychology,13
digital health,family medicine,13
psychology,systematic review,13
geography,medical education,13
geography,infectious disease (medical specialty),13
communication,political science,13
economics,software deployment,13
generative grammar,health care,13
psychiatry,public health,13
biology,physics,13
machine learning,value (mathematics),13
mental health,world wide web,13
law,telehealth,13
data science,social psychology,13
big data,engineering,13
computer science,value (mathematics),13
medicine,pure mathematics,13
intervention (counseling),psychology,13
computer security,confidentiality,13
computer security,nursing,13
computer security,process (computing),13
political science,process (computing),13
business,government (linguistics),13
cinahl,health literacy,13
cinahl,nursing,13
public health,social media,13
public health,sociology,13
applications of artificial intelligence,engineering,13
artificial intelligence,scopus,13
literacy,psychiatry,12
healthcare system,knowledge management,12
law,perspective (graphical),12
biology,quantum mechanics,12
blockchain,business,12
psychology,reliability (semiconductor),12
gerontology,public health,12
mental health,social psychology,12
health education,public health,12
applied psychology,psychiatry,12
popularity,psychology,12
popularity,social psychology,12
psychology,pure mathematics,12
embedded system,telecommunications,12
paleontology,test (biology),12
blockchain,internet of things,12
alternative medicine,artificial intelligence,12
applied psychology,clinical psychology,12
computer security,distributed computing,12
cognitive psychology,medicine,12
artificial intelligence,reliability (semiconductor),12
accountability,medicine,12
disease,operating system,12
big data,disease,12
public health,social psychology,12
health care,intervention (counseling),12
biology,human–computer interaction,12
cross-sectional study,literacy,12
cross-sectional study,pedagogy,12
medicine,social distance,12
pathology,social distance,12
health education,nursing,12
internet of things,the internet,12
knowledge management,software deployment,12
biology,test (biology),12
disease,social distance,12
infectious disease (medical specialty),social distance,12
social psychology,social science,12
accountability,knowledge management,12
internet privacy,philosophy,12
data science,telecommunications,12
generative grammar,psychology,12
medicine,set (abstract data type),12
coronavirus disease 2019 (covid-19),machine learning,12
inclusion (mineral),psychology,12
inclusion (mineral),social psychology,12
health care,inclusion (mineral),12
cognition,psychology,12
communication,law,12
artificial intelligence,environmental health,12
applications of artificial intelligence,operating system,12
law,work (physics),12
medicine,reliability (semiconductor),12
perspective (graphical),psychology,12
archaeology,data science,12
computer science,history,12
medline,pedagogy,12
law,workforce,12
medicine,workforce,12
machine learning,mathematical analysis,12
computer security,digital health,12
artificial intelligence,precision medicine,12
sociology,thematic analysis,12
health care,precision medicine,12
pedagogy,physics,12
artificial intelligence,materials science,12
database,pathology,12
clinical psychology,pathology,12
biology,personalized medicine,12
disease,paleontology,12
computer science,genetics,12
medicine,wearable technology,12
paleontology,public health,12
medicine,qualitative research,12
mathematics education,pedagogy,12
big data,the internet,12
psychology,work (physics),12
medicine,trustworthiness,12
computer science,gerontology,12
coronavirus disease 2019 (covid-19),social distance,12
engineering,software deployment,12
artificial neural network,deep learning,12
data science,pandemic,12
economic growth,health informatics,12
2019-20 coronavirus outbreak,political science,12
archaeology,coronavirus disease 2019 (covid-19),12
field (mathematics),law,12
business,digital literacy,12
nursing,operating system,12
perspective (graphical),sociology,12
engineering,perspective (graphical),12
infectious disease (medical specialty),machine learning,12
law,workflow,12
field (mathematics),political science,12
computer science,optics,12
economics,neuroscience,12
internet privacy,transparency (behavior),12
data science,social science,12
qualitative research,thematic analysis,12
social science,thematic analysis,12
intervention (counseling),nursing,12
political science,relevance (law),12
economic growth,linguistics,12
health care,service (business),12
political science,wearable computer,12
digital literacy,population,12
computer network,internet of things,12
data science,precision medicine,12
health care,mathematics education,12
materials science,wearable computer,12
business,mechanical engineering,12
deep learning,operating system,12
deep learning,medicine,12
artificial intelligence,bioinformatics,12
biology,medline,12
digital health,equity (law),12
demography,medicine,12
embedded system,nanotechnology,12
electrical engineering,electronics,12
electronics,engineering,12
health communication,law,12
health communication,psychology,12
health literacy,physics,12
analytics,big data,12
political science,workflow,12
health literacy,statistics,12
decision support system,economics,12
psychology,qualitative research,12
health education,pedagogy,12
health education,psychology,12
population,sociology,12
nursing,statistics,12
health communication,medicine,12
law,mhealth,12
mhealth,political science,12
mhealth,psychology,12
law,relevance (law),12
pathology,risk analysis (engineering),12
geography,world wide web,12
internet privacy,literacy,12
law,wearable computer,12
infectious disease (medical specialty),mental health,12
coronavirus disease 2019 (covid-19),mental health,12
health care,medical emergency,12
literacy,social psychology,12
artificial intelligence,cognitive psychology,12
bioinformatics,pathology,12
bioinformatics,personalized medicine,12
outbreak,political science,12
archaeology,literacy,12
biology,the internet,12
medicine,work (physics),12
knowledge management,transformative learning,12
autonomy,health care,12
business,the internet,12
health policy,political science,12
mathematical analysis,medicine,12
digital divide,medicine,12
archaeology,disease,12
archaeology,infectious disease (medical specialty),12
business,literacy,12
library science,medicine,12
field (mathematics),medicine,12
political science,workforce,12
knowledge management,quality (philosophy),12
context (archaeology),psychiatry,12
business,data mining,12
artificial intelligence,botany,12
archaeology,nursing,12
health promotion,medicine,12
artificial intelligence,population,12
edge computing,operating system,12
data science,scopus,12
law,process (computing),12
population,public relations,12
engineering ethics,medical education,12
biochemistry,gene,12
health care,intensive care medicine,12
confidentiality,health care,11
anxiety,medicine,11
knowledge management,the internet,11
computer science,popularity,11
alternative medicine,economic growth,11
alternative medicine,protocol (science),11
computer science,enhanced data rates for gsm evolution,11
computer science,protocol (science),11
environmental health,knowledge management,11
political science,virology,11
political science,severe acute respiratory syndrome coronavirus 2 (sars-cov-2),11
health care,workforce,11
chemistry,medicine,11
biochemistry,computer science,11
geometry,mathematics,11
health policy,public relations,11
computer science,health equity,11
health education,law,11
digital health,health policy,11
epistemology,world wide web,11
demography,psychology,11
computer science,decision tree,11
algorithm,machine learning,11
archaeology,digital health,11
mental health,pedagogy,11
pathology,protocol (science),11
medicine,protocol (science),11
health literacy,quantum mechanics,11
telemedicine,the internet,11
health equity,public health,11
data science,engineering ethics,11
cross-sectional study,environmental health,11
mathematics,pandemic,11
infectious disease (medical specialty),paleontology,11
medicine,test (biology),11
health care,health policy,11
computer security,quantum mechanics,11
alternative medicine,internet privacy,11
health education,political science,11
health education,literacy,11
decision support system,economic growth,11
data science,telemedicine,11
business,engineering ethics,11
intensive care medicine,pathology,11
clinical decision support system,knowledge management,11
health literacy,mental health,11
biology,pandemic,11
health care,structural equation modeling,11
computer science,electronics,11
health informatics,psychology,11
computer science,scope (computer science),11
computer science,relevance (law),11
embedded system,mathematics,11
alternative medicine,economics,11
biology,literacy,11
digital divide,digital health,11
nanotechnology,wearable computer,11
programming language,scope (computer science),11
political science,statistics,11
digital literacy,ehealth,11
artificial intelligence,process management,11
infectious disease (medical specialty),psychological intervention,11
computer security,pedagogy,11
computer security,marketing,11
computer security,finance,11
health care,patient safety,11
big data,database,11
automation,mechanical engineering,11
automation,engineering,11
health information,psychology,11
artificial intelligence,autonomy,11
machine learning,structural equation modeling,11
machine learning,social psychology,11
machine learning,physics,11
machine learning,pedagogy,11
clinical psychology,economic growth,11
psychology,test (biology),11
computer science,macroeconomics,11
medical education,the internet,11
medical education,psychiatry,11
environmental health,internal medicine,11
computer science,structural equation modeling,11
operating system,software engineering,11
literacy,medline,11
equity (law),nursing,11
automation,computer science,11
economics,variety (cybernetics),11
applications of artificial intelligence,economic growth,11
human–computer interaction,mathematics,11
engineering,robot,11
marketing,pathology,11
cloud computing,embedded system,11
data mining,pure mathematics,11
data mining,field (mathematics),11
biology,precision medicine,11
context (archaeology),machine learning,11
medical diagnosis,pathology,11
medical diagnosis,medicine,11
machine learning,transparency (behavior),11
digital divide,information and communications technology,11
digital transformation,health care,11
digital health,operating system,11
data science,variety (cybernetics),11
medicine,physical therapy,11
economic growth,software deployment,11
coronavirus disease 2019 (covid-19),paleontology,11
data science,wearable technology,11
misinformation,political science,11
cognition,computer science,11
applied psychology,structural equation modeling,11
geography,pandemic,11
clinical psychology,pedagogy,11
clinical psychology,economics,11
data mining,deep learning,11
big data,deep learning,11
health professionals,psychology,11
artificial intelligence,identification (biology),11
biology,psychological intervention,11
economics,field (mathematics),11
data science,key (lock),11
epistemology,social psychology,11
developmental psychology,political science,11
inclusion (mineral),medicine,11
coronavirus disease 2019 (covid-19),psychological intervention,11
programming language,world wide web,11
biology,process (computing),11
psychological intervention,social psychology,11
engineering,generative grammar,11
clinical trial,medicine,11
economics,software engineering,11
alternative medicine,operating system,11
law,misinformation,11
environmental health,the internet,11
philosophy,programming language,11
economics,reliability (semiconductor),11
economics,power (physics),11
psychology,risk analysis (engineering),11
law,statistics,11
archaeology,economics,11
biology,linguistics,11
economic growth,information and communications technology,11
data mining,disease,11
developmental psychology,law,11
economics,systematic review,11
data science,software deployment,11
data mining,engineering,11
health communication,public relations,11
cross-sectional study,nursing,11
artificial intelligence,key (lock),11
data sharing,health care,11
paleontology,sociology,11
accountability,transparency (behavior),11
artificial intelligence,healthcare system,11
engineering,neuroscience,11
internet of things,machine learning,11
medicine,structural equation modeling,11
artificial intelligence,distributed computing,11
mathematics,paleontology,11
health care,test (biology),11
economics,information and communications technology,11
engineering,psychiatry,11
economic growth,mechanical engineering,11
engineering ethics,social psychology,11
mathematics,social psychology,11
linguistics,nursing,11
accountability,computer security,11
alternative medicine,data science,11
internet of things,wearable computer,11
human–computer interaction,wearable technology,11
cinahl,psychology,11
context (archaeology),the internet,11
computer science,inclusion (mineral),11
social psychology,transparency (behavior),11
accountability,business,11
database,engineering,11
archaeology,world wide web,11
mathematics,programming language,11
economic growth,reliability (semiconductor),11
economic growth,power (physics),11
operating system,sociology,11
knowledge management,psychiatry,11
art,artificial intelligence,11
field (mathematics),psychology,11
ehealth,public health,11
ehealth,gerontology,11
health promotion,public health,11
health promotion,nursing,11
economics,pure mathematics,11
knowledge management,perspective (graphical),11
perception,social psychology,11
library science,medical education,10
health care,health promotion,10
pedagogy,social science,10
pandemic,social psychology,10
family medicine,internal medicine,10
economic growth,telehealth,10
database,psychology,10
medicine,misinformation,10
linguistics,pandemic,10
applied psychology,mental health,10
mathematics,the internet,10
scopus,systematic review,10
political science,power (physics),10
internet privacy,trustworthiness,10
information seeking,psychology,10
information seeking,medicine,10
information seeking,library science,10
health literacy,information seeking,10
economic growth,pure mathematics,10
economic growth,field (mathematics),10
computer science,geometry,10
law,quality (philosophy),10
health care,information seeking,10
computer science,information seeking,10
mathematics,risk analysis (engineering),10
economics,work (physics),10
computer science,politics,10
clinical psychology,computer science,10
computer science,engineering management,10
checklist,psychology,10
checklist,medicine,10
checklist,cognitive psychology,10
medical education,physics,10
cloud computing,encryption,10
encryption,operating system,10
distributed computing,operating system,10
epistemology,mathematics,10
economics,service (business),10
engineering,statistics,10
economics,telehealth,10
composite material,nanotechnology,10
engineering,quantum mechanics,10
health literacy,social media,10
ehealth,environmental health,10
philosophy,the internet,10
mathematics,physics,10
computer science,mathematics education,10
linguistics,mathematics,10
generative grammar,political science,10
cloud computing,edge computing,10
computer science,support vector machine,10
literacy,philosophy,10
computer science,natural language processing,10
biology,psychiatry,10
artificial intelligence,literacy,10
engineering,engineering management,10
health professionals,medicine,10
bioinformatics,economics,10
bioinformatics,economic growth,10
medline,world wide web,10
embedded system,world wide web,10
business,quality (philosophy),10
machine learning,paleontology,10
economic growth,neuroscience,10
data science,leverage (statistics),10
computer science,information literacy,10
digital health,social science,10
2019-20 coronavirus outbreak,law,10
health literacy,linguistics,10
digital health,information and communications technology,10
digital divide,public relations,10
artificial intelligence,natural language processing,10
economic growth,software engineering,10
health care,physical therapy,10
mathematics,social science,10
data science,environmental health,10
computer network,embedded system,10
pathology,quantum mechanics,10
big data,paleontology,10
big data,context (archaeology),10
law,severe acute respiratory syndrome coronavirus 2 (sars-cov-2),10
computer security,mechanical engineering,10
clinical trial,computer science,10
multimedia,world wide web,10
computer science,misinformation,10
health care,personalized medicine,10
economics,precision medicine,10
pathology,programming language,10
genetics,medicine,10
health care,healthcare industry,10
computer science,healthcare industry,10
linguistics,medical education,10
economic growth,systematic review,10
chemistry,gene,10
psychology,software deployment,10
law,outbreak,10
health promotion,political science,10
mhealth,world wide web,10
computer security,sociology,10
computer science,virology,10
computer science,severe acute respiratory syndrome coronavirus 2 (sars-cov-2),10
computer science,outbreak,10
digital health,health informatics,10
health informatics,knowledge management,10
law,qualitative research,10
curriculum,literacy,10
computer science,flexibility (engineering),10
human–computer interaction,mental health,10
operating system,variety (cybernetics),10
engineering,human–computer interaction,10
economic growth,variety (cybernetics),10
digital health,social psychology,10
health professionals,knowledge management,10
business,social media,10
machine learning,quantum mechanics,10
biology,marketing,10
decision support system,psychology,10
data science,data sharing,10
computer security,process management,10
machine learning,telecommunications,10
health care,management science,10
corporate governance,knowledge management,10
business,physics,10
blockchain,internet privacy,10
computer science,personalization,10
physics,world wide web,10
clinical psychology,literacy,10
internal medicine,pedagogy,10
internal medicine,medline,10
computer network,psychology,10
political science,telecommunications,10
machine learning,the internet,10
economics,finance,10
demography,infectious disease (medical specialty),10
demography,disease,10
coronavirus disease 2019 (covid-19),demography,10
government (linguistics),pathology,10
mathematics,wearable computer,10
context (archaeology),medline,10
political science,qualitative research,10
literacy,mathematics,10
machine learning,risk analysis (engineering),10
psychology,psychometrics,10
psychology,usability,10
interpretability,political science,10
interpretability,law,10
economics,psychotherapist,10
pandemic,psychological intervention,10
medicine,psychometrics,10
demography,pathology,10
digital health,mathematics,10
biology,database,10
political science,set (abstract data type),10
medical education,statistics,10
electrical engineering,wearable computer,10
computer science,radiology,10
computer science,medical emergency,10
nursing,physics,10
chatbot,medicine,10
equity (law),psychology,10
computer science,scale (ratio),10
environmental health,sociology,10
engineering,process management,10
economics,intensive care medicine,10
health equity,literacy,10
health care,health information,10
decision tree,machine learning,10
artificial intelligence,decision tree,10
economics,process management,10
economic growth,process management,10
analytics,economics,10
law,set (abstract data type),10
health literacy,scale (ratio),10
medical emergency,political science,10
law,medical emergency,10
family medicine,public health,10
context (archaeology),programming language,10
literacy,physics,10
health policy,law,10
artificial intelligence,psychotherapist,10
digital divide,the internet,10
digital divide,literacy,10
health policy,medicine,10
digital health,health education,10
computer science,medical diagnosis,10
botany,medicine,10
botany,data science,10
epistemology,pathology,10
aerospace engineering,computer science,10
ehealth,telemedicine,10
knowledge management,population,10
process (computing),psychology,10
linguistics,operating system,10
internal medicine,psychiatry,10
library science,psychology,10
edge computing,enhanced data rates for gsm evolution,10
alternative medicine,nursing,10
risk analysis (engineering),transparency (behavior),10
operating system,wearable technology,10
computer science,qualitative research,10
chemistry,health care,10
artificial intelligence,chemistry,10
aerospace engineering,engineering,10
computer science,intervention (counseling),9
biochemistry,psychology,9
computer science,smart city,9
internet of things,smart city,9
psychology,workforce,9
computer science,workforce,9
economics,equity (law),9
economic growth,equity (law),9
human–computer interaction,paleontology,9
data mining,psychology,9
information seeking,political science,9
information seeking,law,9
internet privacy,mathematics,9
accountability,engineering,9
applied psychology,artificial intelligence,9
environmental health,machine learning,9
chatbot,political science,9
artificial intelligence,visual arts,9
artificial intelligence,support vector machine,9
archaeology,economic growth,9
internet of things,telecommunications,9
digital literacy,telemedicine,9
computer security,pandemic,9
coronavirus disease 2019 (covid-19),marketing,9
coronavirus disease 2019 (covid-19),government (linguistics),9
digital divide,pedagogy,9
biology,engineering ethics,9
artificial intelligence,scope (computer science),9
cross-sectional study,public health,9
cross-sectional study,internal medicine,9
digital divide,psychology,9
context (archaeology),epistemology,9
composite material,computer science,9
paleontology,programming language,9
machine learning,support vector machine,9
data science,geography,9
epistemology,public relations,9
archaeology,pandemic,9
chatbot,health care,9
public health,the internet,9
economic growth,intensive care medicine,9
machine learning,psychiatry,9
engineering,public health,9
health information,health literacy,9
digital divide,economics,9
computer network,machine learning,9
delphi method,medicine,9
narrative,philosophy,9
digital media,psychology,9
linguistics,narrative,9
human–computer interaction,robot,9
law,narrative,9
analytics,health care,9
analytics,artificial intelligence,9
data science,health informatics,9
deep learning,mathematics,9
psychology,set (abstract data type),9
statistics,world wide web,9
alternative medicine,business,9
alternative medicine,knowledge management,9
human–computer interaction,telecommunications,9
health literacy,psychotherapist,9
health care,health communication,9
digital literacy,social psychology,9
electrical engineering,operating system,9
economics,set (abstract data type),9
artificial intelligence,health informatics,9
narrative,political science,9
chatbot,social psychology,9
epistemology,paleontology,9
cognitive science,psychology,9
cognitive science,computer science,9
artificial intelligence,cognitive science,9
population,the internet,9
population,psychological intervention,9
computer science,industry 4.0,9
digital literacy,psychological intervention,9
computer security,data sharing,9
corporate governance,health care,9
environmental health,telemedicine,9
applied psychology,digital health,9
knowledge management,mental health,9
equity (law),health literacy,9
medical education,telemedicine,9
computer security,wearable technology,9
medline,paleontology,9
law,telecommunications,9
health literacy,psychometrics,9
health care,psychometrics,9
internal medicine,psychological intervention,9
computer science,resource (disambiguation),9
computer network,resource (disambiguation),9
mathematical analysis,psychology,9
disease,marketing,9
programming language,sociology,9
computer science,delphi method,9
artificial intelligence,delphi method,9
human–computer interaction,physics,9
mathematical analysis,pathology,9
health information,pedagogy,9
psychology,thematic analysis,9
computer science,cyber-physical system,9
bubble,computer science,9
computer security,decision support system,9
inclusion (mineral),medical education,9
cross-sectional study,infectious disease (medical specialty),9
cross-sectional study,disease,9
human–computer interaction,psychotherapist,9
human–computer interaction,psychiatry,9
disease,government (linguistics),9
business,human–computer interaction,9
artificial intelligence,radiology,9
process (computing),programming language,9
computer security,scalability,9
engineering ethics,epistemology,9
clinical decision support system,data science,9
medicine,software deployment,9
coronavirus disease 2019 (covid-19),cross-sectional study,9
flexibility (engineering),mathematics,9
data mining,database,9
health care,usability,9
decision support system,political science,9
blockchain,computer network,9
cloud computing,medicine,9
decision support system,law,9
pedagogy,statistics,9
operating system,quantum mechanics,9
operating system,physics,9
data science,perspective (graphical),9
computer science,interface (matter),9
disease,gerontology,9
computer science,personalized medicine,9
bubble,maximum bubble pressure method,9
bubble,interface (matter),9
data science,quantum mechanics,9
health care,thematic analysis,9
engineering ethics,social science,9
artificial intelligence,work (physics),9
digital divide,economic growth,9
data science,identification (biology),9
government (linguistics),psychology,9
data sharing,operating system,9
internal medicine,severe acute respiratory syndrome coronavirus 2 (sars-cov-2),9
philosophy,public health,9
health communication,nursing,9
philosophy,physics,9
operating system,social science,9
business,social science,9
computer science,maximum bubble pressure method,9
flexibility (engineering),statistics,9
data science,software engineering,9
data science,healthcare system,9
law,social distance,9
internet privacy,mental health,9
interface (matter),maximum bubble pressure method,9
psychology,social distance,9
political science,social distance,9
context (archaeology),environmental health,9
health promotion,law,9
data science,public relations,9
materials science,medicine,9
biology,neuroscience,9
information and communications technology,medicine,9
context (archaeology),pandemic,9
human–computer interaction,philosophy,9
cyber-physical system,operating system,9
data science,metaverse,9
computer security,domain (mathematical analysis),9
applications of artificial intelligence,mathematics,9
robot,robotics,9
engineering,linguistics,9
computer science,robotics,9
artificial intelligence,robotics,9
internal medicine,sociology,9
big data,internet privacy,9
disease,intensive care medicine,9
applied psychology,physics,9
applied psychology,pedagogy,9
gerontology,population,9
environmental health,philosophy,9
economics,healthcare industry,9
economic growth,healthcare industry,9
pathology,statistics,9
law,wearable technology,9
clinical psychology,infectious disease (medical specialty),9
political science,wearable technology,9
gerontology,psychiatry,9
biology,cloud computing,9
marketing,operating system,9
mathematical analysis,world wide web,9
environmental health,psychiatry,9
finance,psychology,9
computer science,operations management,9
biology,internet privacy,9
health care,leverage (statistics),9
pedagogy,quantum mechanics,9
medicine,surgery,9
data science,virtual reality,9
government (linguistics),knowledge management,9
2019-20 coronavirus outbreak,computer science,9
geography,psychological intervention,9
mental health,mental illness,9
computer network,distributed computing,9
psychology,robot,9
philosophy,transparency (behavior),9
biology,pure mathematics,9
health care,history,9
clinical trial,pathology,9
artificial intelligence,ecology,9
composite material,engineering,9
economic growth,intervention (counseling),9
clinical psychology,disease,9
clinical psychology,coronavirus disease 2019 (covid-19),9
mental health,pandemic,9
cognitive psychology,health care,9
engineering ethics,internet privacy,9
computer security,misinformation,9
government (linguistics),public relations,9
economics,geography,9
big data,infectious disease (medical specialty),9
big data,coronavirus disease 2019 (covid-19),9
black box,data science,9
mathematics,quantum mechanics,9
law,virology,9
applied psychology,machine learning,9
biology,computational biology,9
bioinformatics,precision medicine,9
ecology,sustainability,9
biology,sustainability,9
embedded system,psychology,9
chatbot,mental health,9
health care,multimedia,9
data science,ecology,9
economic growth,service (business),9
artificial intelligence,systematic review,9
management science,medicine,9
generative grammar,law,9
economics,key (lock),9
business,emerging technologies,9
finance,pathology,9
affect (linguistics),communication,9
knowledge management,service (business),9
business,embedded system,9
artificial intelligence,enhanced data rates for gsm evolution,9
digital health,philosophy,9
information seeking behavior,psychology,9
mental illness,psychiatry,9
physics,psychiatry,9
medline,psychiatry,9
blockchain,transparency (behavior),9
blockchain,cloud computing,9
knowledge management,set (abstract data type),9
epistemology,machine learning,9
medicine,telecommunications,9
affect (linguistics),psychology,9
accountability,artificial intelligence,9
information seeking behavior,medicine,9
health literacy,information seeking behavior,9
health care,information seeking behavior,9
ehealth,the internet,9
operating system,psychiatry,9
applications of artificial intelligence,big data,9
knowledge management,psychotherapist,9
health literacy,health promotion,9
biochemistry,medicine,9
biochemistry,health care,9
public health,social science,9
art,health care,9
key (lock),world wide web,9
business,internet of things,9
machine learning,process (computing),9
economics,intervention (counseling),9
computer science,patient safety,9
computer science,information seeking behavior,9
infectious disease (medical specialty),marketing,9
linguistics,pedagogy,9
knowledge management,quantum mechanics,9
internet of things,mathematics,9
economic growth,precision medicine,9
literacy,quantum mechanics,9
botany,health care,9
literacy,mathematics education,9
data science,literacy,9
data science,health literacy,9
clinical decision support system,economics,9
clinical decision support system,economic growth,9
autonomy,psychology,9
disease,engineering,9
data mining,world wide web,9
archaeology,artificial intelligence,9
data science,marketing,9
mental illness,psychology,9
context (archaeology),human–computer interaction,9
business,telehealth,9
artificial intelligence,medical diagnosis,8
marketing,philosophy,8
mathematical analysis,philosophy,8
mathematics,quality (philosophy),8
confidentiality,medicine,8
artificial intelligence,social media,8
nursing,workforce,8
archaeology,psychological intervention,8
archaeology,public relations,8
cinahl,computer science,8
cinahl,digital health,8
anxiety,mental health,8
biochemistry,economics,8
information seeking behavior,library science,8
enhanced data rates for gsm evolution,operating system,8
computer security,cryptography,8
computer science,cryptography,8
cloud computing,distributed computing,8
operating system,pedagogy,8
epistemology,operating system,8
coronavirus disease 2019 (covid-19),the internet,8
engineering,infectious disease (medical specialty),8
data science,statistics,8
biology,statistics,8
business,ecology,8
computer science,convolutional neural network,8
artificial intelligence,convolutional neural network,8
embedded system,pathology,8
clinical psychology,medical education,8
digital divide,mathematics,8
internet privacy,telehealth,8
digital health,intervention (counseling),8
developmental psychology,economic growth,8
data science,information privacy,8
data mining,paleontology,8
biology,internal medicine,8
digital health,psychotherapist,8
applied psychology,neuroscience,8
applied psychology,literacy,8
bioinformatics,computational biology,8
pathology,scopus,8
medline,social psychology,8
biology,transparency (behavior),8
psychology,scopus,8
knowledge management,scopus,8
immunology,medicine,8
internet privacy,marketing,8
misinformation,psychology,8
marketing,public relations,8
computer science,gene,8
applied psychology,quantum mechanics,8
philosophy,population,8
environmental health,linguistics,8
economics,physical therapy,8
computer security,healthcare system,8
economic growth,physical therapy,8
medicine,value (mathematics),8
information privacy,medicine,8
electrical engineering,health care,8
artificial intelligence,clinical trial,8
clinical psychology,psychometrics,8
economics,leverage (statistics),8
economic growth,leverage (statistics),8
artificial intelligence,interface (matter),8
artificial intelligence,bubble,8
psychological intervention,systematic review,8
digital health,internal medicine,8
economics,management science,8
internal medicine,virology,8
developmental psychology,pedagogy,8
health communication,world wide web,8
cross-sectional study,medical education,8
computer security,variety (cybernetics),8
machine learning,marketing,8
medicine,nanotechnology,8
health care,value (mathematics),8
operating system,social psychology,8
operating system,workflow,8
key (lock),operating system,8
disease,family medicine,8
law,meta-analysis,8
internal medicine,meta-analysis,8
internal medicine,literacy,8
finance,public relations,8
economic growth,psychotherapist,8
developmental psychology,health literacy,8
demography,pandemic,8
data mining,infectious disease (medical specialty),8
coronavirus disease 2019 (covid-19),data mining,8
meta-analysis,political science,8
medline,meta-analysis,8
medicine,meta-analysis,8
coronavirus disease 2019 (covid-19),gerontology,8
mathematics,wearable technology,8
artificial intelligence,maximum bubble pressure method,8
computer science,random forest,8
political science,scale (ratio),8
law,scale (ratio),8
interoperability,world wide web,8
environmental health,health equity,8
materials science,physics,8
engineering,mental health,8
transparency (behavior),trustworthiness,8
pure mathematics,transparency (behavior),8
field (mathematics),transparency (behavior),8
nursing,telehealth,8
applied psychology,environmental health,8
family medicine,psychological intervention,8
family medicine,medline,8
environmental health,medline,8
disease,medline,8
alternative medicine,engineering,8
demography,population,8
focus (optics),physics,8
focus (optics),optics,8
computer science,interoperability,8
health literacy,structural equation modeling,8
finance,order (exchange),8
computer science,order (exchange),8
autonomy,medicine,8
artificial intelligence,order (exchange),8
health informatics,health literacy,8
cross-sectional study,family medicine,8
cross-sectional study,economics,8
cross-sectional study,economic growth,8
business,data sharing,8
machine learning,random forest,8
library science,world wide web,8
cross-sectional study,pandemic,8
identification (biology),machine learning,8
botany,machine learning,8
field (mathematics),operating system,8
artificial intelligence,optics,8
curriculum,engineering,8
paleontology,psychological intervention,8
literacy,paleontology,8
economics,scopus,8
delphi method,psychology,8
economic growth,scopus,8
computer network,telecommunications,8
demography,political science,8
demography,law,8
engineering ethics,pathology,8
big data,information privacy,8
biology,field (mathematics),8
operating system,pure mathematics,8
data science,set (abstract data type),8
medicine,pharmacology,8
medicine,personalized medicine,8
medical physics,medicine,8
decision support system,engineering,8
computer network,world wide web,8
engineering,software engineering,8
engineering,trustworthiness,8
computer security,epistemology,8
digital transformation,medicine,8
physics,telecommunications,8
finance,philosophy,8
china,medicine,8
business,psychological intervention,8
biology,telecommunications,8
information and communications technology,public relations,8
business,database,8
government (linguistics),pandemic,8
government (linguistics),infectious disease (medical specialty),8
library science,pedagogy,8
bridge (graph theory),computer science,8
descriptive statistics,statistics,8
descriptive statistics,psychology,8
business,geography,8
business,internal medicine,8
economics,qualitative research,8
economic growth,qualitative research,8
programming language,risk analysis (engineering),8
medicine,robot,8
human–computer interaction,internet of things,8
digital health,social media,8
field (mathematics),social psychology,8
pure mathematics,social psychology,8
management science,mathematics,8
chatbot,law,8
engineering,perception,8
architecture,visual arts,8
architecture,computer science,8
architecture,art,8
machine learning,population,8
blockchain,world wide web,8
economics,productivity,8
clinical psychology,social psychology,8
chatbot,psychiatry,8
computer science,productivity,8
descriptive statistics,health care,8
curriculum,nursing,8
health literacy,social science,8
public relations,work (physics),8
political science,reliability (semiconductor),8
knowledge management,variety (cybernetics),8
government (linguistics),operating system,8
bridge (graph theory),medicine,8
analytics,business,8
data science,neuroscience,8
competence (human resources),social psychology,8
competence (human resources),psychology,8
health care,misinformation,8
data science,medical education,8
mechanical engineering,public relations,8
public health,telemedicine,8
health care,metaverse,8
applications of artificial intelligence,pathology,8
2019-20 coronavirus outbreak,health care,8
geography,public relations,8
artificial intelligence,popularity,8
mathematics,power (physics),8
pathology,social science,8
electrical engineering,nanotechnology,8
electrical engineering,materials science,8
mhealth,telemedicine,8
bioinformatics,disease,8
history,psychology,8
engineering,power (physics),8
law,power (physics),8
descriptive statistics,medicine,8
descriptive statistics,mathematics,8
pandemic,social distance,8
artificial intelligence,automation,8
knowledge management,management,8
law,thematic analysis,8
materials science,wearable technology,8
economics,mhealth,8
economic growth,mhealth,8
political science,variety (cybernetics),8
economics,scale (ratio),8
information literacy,world wide web,8
digital health,information literacy,8
health care,virtual reality,8
economics,usability,8
clinical trial,psychological intervention,8
big data,telecommunications,8
curriculum,knowledge management,8
public relations,the internet,8
mathematics education,political science,8
law,mathematics education,8
health literacy,mathematics education,8
applied psychology,psychotherapist,8
engineering,industry 4.0,8
digital transformation,knowledge management,8
digital health,digital transformation,8
health information,medicine,8
health information,literacy,8
internet of things,key (lock),8
computer security,intrusion detection system,8
computer science,intrusion detection system,8
ehealth,population,8
political science,thematic analysis,8
decision support system,operating system,8
management science,sociology,8
personalization,world wide web,8
artificial intelligence,scalability,8
medicine,patient safety,8
psychology,workflow,8
artificial intelligence,nanotechnology,8
ehealth,knowledge management,8
electronics,embedded system,8
electrical engineering,wearable technology,8
pathology,test (biology),8
health literacy,test (biology),8
intensive care medicine,internal medicine,8
botany,economics,8
data science,mhealth,8
health policy,public health,8
health policy,nursing,8
quality (philosophy),social psychology,8
philosophy,psychiatry,8
clinical psychology,psychological intervention,8
harm,political science,8
harm,law,8
business,quantum mechanics,8
social science,world wide web,8
blockchain,information privacy,8
quantum mechanics,world wide web,8
political science,psycinfo,8
medline,psycinfo,8
law,psycinfo,8
engineering ethics,perspective (graphical),8
engineering,environmental health,8
economic growth,set (abstract data type),8
perspective (graphical),philosophy,8
generative grammar,medicine,8
medical emergency,nursing,8
computer science,harm,8
psychotherapist,social psychology,8
psychiatry,psychotherapist,8
economics,patient safety,8
empowerment,political science,8
empowerment,law,8
empowerment,health care,8
health care,outbreak,8
autonomy,engineering,8
mathematics,population,8
applications of artificial intelligence,biology,8
medical education,quantum mechanics,8
embedded system,wireless,8
applied psychology,human–computer interaction,8
digital health,human–computer interaction,8
mathematical analysis,sociology,8
telehealth,world wide web,8
big data,marketing,8
maximum bubble pressure method,parallel computing,8
interface (matter),parallel computing,8
psychiatry,sociology,8
context (archaeology),population,8
family medicine,population,8
accounting,business,8
engineering,workflow,8
cinahl,medical education,8
bubble,parallel computing,8
artificial intelligence,management,8
mental health,public health,8
computer science,sustainability,8
key (lock),medicine,8
disease,the internet,8
cloud computing,engineering,8
digital literacy,information literacy,8
operating system,systems engineering,8
infectious disease (medical specialty),the internet,8
economic growth,patient safety,8
health equity,pedagogy,8
inequality,mathematics,8
inequality,mathematical analysis,8
mathematics,public health,8
psychology,wearable computer,8
pathology,wearable computer,8
engineering,transformative learning,8
computer science,parallel computing,8
marketing,process management,8
digital divide,sociology,8
disease,risk analysis (engineering),8
geography,sociology,8
archaeology,sociology,8
paleontology,psychiatry,8
epistemology,nursing,8
philosophy,social science,8
artificial intelligence,biochemistry,8
generative grammar,pedagogy,8
empathy,psychology,8
disease,telehealth,8
computer security,reliability (semiconductor),8
computer security,power (physics),8
engineering ethics,operating system,8
medline,mental health,8
digital literacy,pathology,8
medicine,service (business),8
marketing,pedagogy,8
machine learning,pure mathematics,8
field (mathematics),machine learning,8
developmental psychology,psychiatry,8
developmental psychology,economics,8
artificial intelligence,edge computing,8
multimedia,psychology,8
knowledge management,telecommunications,8
neuroscience,world wide web,8
literacy,social science,8
health promotion,psychology,8
information seeking,medical education,8
information seeking,information seeking behavior,8
environmental health,paleontology,8
database,world wide web,8
documentation,programming language,7
artificial intelligence,patient safety,7
chemistry,economics,7
internet of things,law,7
computer security,smart city,7
cinahl,literacy,7
programming language,transparency (behavior),7
artificial intelligence,communication,7
communication,conversation,7
information privacy,operating system,7
law,software engineering,7
archaeology,business,7
medicine,process management,7
public relations,transformative learning,7
infectious disease (medical specialty),risk analysis (engineering),7
outbreak,psychology,7
black box,mathematics,7
economic growth,geography,7
computer science,stakeholder,7
digital literacy,information and communications technology,7
black box,machine learning,7
political science,stakeholder,7
economic growth,work (physics),7
applied psychology,business,7
art,computer security,7
artificial intelligence,blockchain,7
blockchain,distributed computing,7
public relations,stakeholder,7
computer science,wireless sensor network,7
embedded system,systems engineering,7
sociology,transformative learning,7
archaeology,environmental health,7
archaeology,population,7
health care,multidisciplinary approach,7
disease,information seeking,7
disease,library science,7
context (archaeology),digital literacy,7
interpersonal communication,psychology,7
interpersonal communication,social psychology,7
political science,software engineering,7
human–computer interaction,the internet,7
industry 4.0,operating system,7
economic growth,medical emergency,7
economics,medical emergency,7
digital divide,telemedicine,7
environmental health,mathematics,7
computer science,empowerment,7
knowledge management,qualitative research,7
internet privacy,mathematical analysis,7
computer security,edge computing,7
mathematics,telecommunications,7
computer network,engineering,7
computer network,wireless sensor network,7
digital health,engineering,7
law,robot,7
political science,robot,7
key (lock),political science,7
operating system,work (physics),7
computer security,statistics,7
medical education,psychometrics,7
medical education,scale (ratio),7
data science,perception,7
engineering ethics,software deployment,7
information seeking,pathology,7
library science,pathology,7
infectious disease (medical specialty),information seeking,7
infectious disease (medical specialty),library science,7
economics,perspective (graphical),7
computer science,physical therapy,7
health care,stakeholder,7
key (lock),law,7
government (linguistics),health care,7
knowledge management,software engineering,7
mathematical analysis,operating system,7
china,law,7
china,political science,7
economics,visual arts,7
authentication (law),health care,7
big data,blockchain,7
mental health,physics,7
philosophy,risk analysis (engineering),7
archaeology,psychiatry,7
pathology,set (abstract data type),7
decision support system,transparency (behavior),7
computer security,government (linguistics),7
business,trustworthiness,7
law,reliability (semiconductor),7
engineering,internal medicine,7
pandemic,the internet,7
machine learning,quality (philosophy),7
medicine,safeguarding,7
nursing,safeguarding,7
nursing,transformative learning,7
health care,severe acute respiratory syndrome coronavirus 2 (sars-cov-2),7
health care,virology,7
digital health,inclusion (mineral),7
empowerment,medicine,7
health communication,public health,7
mechanical engineering,process (computing),7
art,economics,7
artificial intelligence,curriculum,7
business,work (physics),7
philosophy,trustworthiness,7
psychological intervention,the internet,7
blockchain,software engineering,7
business,cloud computing,7
environmental health,geography,7
digital literacy,geography,7
physics,wireless,7
automation,data science,7
business,digital divide,7
artificial intelligence,checklist,7
data collection,health care,7
data collection,mathematics,7
context (archaeology),social science,7
data collection,statistics,7
data mining,internet of things,7
checklist,computer science,7
business,ehealth,7
embedded system,statistics,7
delphi method,medical education,7
artificial intelligence,virtual reality,7
internet privacy,wearable computer,7
embedded system,internet privacy,7
operating system,public relations,7
sociology,the internet,7
business,value (mathematics),7
operating system,power (physics),7
economics,virtual reality,7
knowledge management,usability,7
materials science,optoelectronics,7
computer security,cyber-physical system,7
demography,health care,7
demography,health literacy,7
paleontology,social science,7
coronavirus disease 2019 (covid-19),operating system,7
infectious disease (medical specialty),operating system,7
engineering,marketing,7
engineering ethics,finance,7
blockchain,database,7
embedded system,industry 4.0,7
equity (law),knowledge management,7
data science,quality (philosophy),7
internal medicine,outbreak,7
mathematics,reliability (semiconductor),7
philosophy,quantum mechanics,7
cognitive psychology,social psychology,7
context (archaeology),process (computing),7
pathology,workflow,7
applications of artificial intelligence,computer security,7
artificial intelligence,relevance (law),7
deep learning,psychology,7
business,sustainability,7
knowledge management,leverage (statistics),7
convolutional neural network,machine learning,7
health care,mental illness,7
computer network,pathology,7
data sharing,economic growth,7
data sharing,economics,7
management science,transparency (behavior),7
cloud computing,data mining,7
context (archaeology),engineering ethics,7
engineering ethics,paleontology,7
biostatistics,pathology,7
biostatistics,public health,7
computer science,cross-sectional study,7
health informatics,world wide web,7
internal medicine,medical education,7
algorithm,data science,7
analytics,operating system,7
business,variety (cybernetics),7
empathy,social psychology,7
government (linguistics),world wide web,7
biology,computer network,7
computer network,knowledge management,7
2019-20 coronavirus outbreak,psychology,7
medicine,mental illness,7
autonomy,knowledge management,7
business,order (exchange),7
biostatistics,medicine,7
biostatistics,nursing,7
biology,digital literacy,7
information literacy,nursing,7
health care,narrative,7
clinical decision support system,psychology,7
analytics,medicine,7
pathology,telehealth,7
leverage (statistics),political science,7
economic growth,key (lock),7
health literacy,telehealth,7
business,mathematical analysis,7
computer science,inequality,7
digital divide,inequality,7
digital divide,mathematical analysis,7
artificial intelligence,information and communications technology,7
law,scope (computer science),7
cognitive psychology,psychological intervention,7
artificial intelligence,composite material,7
checklist,psychological intervention,7
health care,relevance (law),7
physics,transparency (behavior),7
public relations,transparency (behavior),7
public relations,trustworthiness,7
social psychology,trustworthiness,7
marketing,social psychology,7
computer network,database,7
data science,mental health,7
health information,political science,7
information and communications technology,pedagogy,7
pedagogy,psychometrics,7
pedagogy,scale (ratio),7
political science,scope (computer science),7
transparency (behavior),world wide web,7
nanotechnology,physics,7
neuroscience,operating system,7
biology,politics,7
biology,set (abstract data type),7
pedagogy,social media,7
diabetes mellitus,endocrinology,7
diabetes mellitus,medicine,7
endocrinology,medicine,7
electrical engineering,mathematics,7
computer security,workflow,7
environmental health,equity (law),7
coronavirus disease 2019 (covid-19),health communication,7
disease,health communication,7
health communication,infectious disease (medical specialty),7
health communication,pandemic,7
health communication,pathology,7
interpretability,knowledge management,7
knowledge management,mhealth,7
economic growth,usability,7
economics,interpretability,7
nanotechnology,wearable technology,7
business,medical education,7
applications of artificial intelligence,transparency (behavior),7
modalities,social science,7
computer science,wireless network,7
key (lock),telecommunications,7
internet privacy,linguistics,7
pathology,personalized medicine,7
law,physical therapy,7
physical therapy,political science,7
clinical psychology,mathematics,7
clinical psychology,statistics,7
modalities,sociology,7
economic growth,scale (ratio),7
literacy,scale (ratio),7
computer security,deep learning,7
computer science,digital media,7
applied psychology,nursing,7
applied psychology,scale (ratio),7
cartography,geography,7
business,set (abstract data type),7
identification (biology),medicine,7
telecommunications,wireless network,7
wireless,wireless network,7
edge computing,health care,7
applied psychology,psychological intervention,7
linguistics,literacy,7
pure mathematics,sociology,7
internet privacy,misinformation,7
cloud computing,political science,7
computer science,focus (optics),7
applications of artificial intelligence,field (mathematics),7
applications of artificial intelligence,pure mathematics,7
health care,politics,7
biology,intensive care medicine,7
operating system,scalability,7
mathematics,psychiatry,7
mental health,sociology,7
wearable computer,world wide web,7
social psychology,structural equation modeling,7
infectious disease (medical specialty),telehealth,7
medline,telemedicine,7
family medicine,telemedicine,7
medicine,thematic analysis,7
economic growth,interpretability,7
artificial intelligence,random forest,7
computer network,political science,7
health literacy,systematic review,7
mediation,psychology,7
logistic regression,medicine,7
bridge (graph theory),internal medicine,7
economics,social media,7
business,systems engineering,7
cloud computing,law,7
internal medicine,systematic review,7
big data,programming language,7
programming language,psychiatry,7
big data,digital health,7
corporate governance,medicine,7
coronavirus disease 2019 (covid-19),medline,7
coronavirus disease 2019 (covid-19),telehealth,7
disease,epistemology,7
confidentiality,internet privacy,7
economic growth,health equity,7
economics,engineering ethics,7
economics,health equity,7
data science,intensive care medicine,7
economics,personalized medicine,7
gene,medicine,7
pedagogy,structural equation modeling,7
anthropology,sociology,7
digital media,world wide web,7
gerontology,infectious disease (medical specialty),7
medical education,qualitative research,7
data science,generative grammar,7
database,machine learning,7
domain (mathematical analysis),knowledge management,7
decision support system,nursing,7
drug,pharmacology,7
economic growth,personalized medicine,7
population,socioeconomic status,7
biology,perception,7
computer science,mental healthcare,7
computer science,multidisciplinary approach,7
law,multidisciplinary approach,7
cloud computing,machine learning,7
computer science,server,7
data mining,mathematical analysis,7
big data,transparency (behavior),7
automation,computer security,7
business,process (computing),7
nursing,systematic review,7
cronbach's alpha,medicine,7
cronbach's alpha,psychology,7
internet privacy,psychiatry,7
internet privacy,social science,7
health communication,social media,7
coronavirus disease 2019 (covid-19),family medicine,7
linguistics,social media,7
machine learning,set (abstract data type),7
health care,psycinfo,7
developmental psychology,generalizability theory,7
multidisciplinary approach,political science,7
medicine,socioeconomic status,7
drug,medicine,7
philosophy,social media,7
medline,programming language,7
biology,workflow,7
electrical engineering,voltage,7
2019-20 coronavirus outbreak,internal medicine,7
communication,social psychology,7
computer science,mediation,7
internet of things,medicine,7
health information national trends survey,psychology,7
artificial intelligence,parallel computing,7
machine learning,wireless,7
telecommunications,wearable computer,7
knowledge management,mathematical analysis,7
construct validity,psychometrics,7
human–computer interaction,social psychology,7
biology,systematic review,7
computer science,health information,7
environmental health,internet privacy,7
software deployment,world wide web,7
data sharing,internet privacy,7
clinical psychology,quantum mechanics,7
clinical psychology,scale (ratio),7
computer science,voltage,7
business,healthcare system,7
engineering,voltage,7
chemistry,law,7
chemistry,political science,7
archaeology,public health,7
history,medicine,7
paleontology,physics,7
health care,interoperability,7
authentication (law),operating system,7
biology,embedded system,7
applied psychology,pathology,7
construct validity,medicine,7
construct validity,psychology,7
applied psychology,psychometrics,7
clinical psychology,structural equation modeling,7
digital transformation,political science,7
health information,world wide web,7
applications of artificial intelligence,machine learning,7
artificial intelligence,developmental psychology,7
developmental psychology,medical education,7
engineering,reliability engineering,7
big data,data sharing,7
big data,embedded system,7
clinical psychology,physics,7
medical education,programming language,7
programming language,public relations,7
domain (mathematical analysis),law,7
domain (mathematical analysis),political science,7
linguistics,machine learning,7
economics,identification (biology),7
health care,identification (biology),7
linguistics,population,7
generalizability theory,psychology,7
health information,health information national trends survey,7
health information national trends survey,health literacy,7
health information national trends survey,medicine,7
business,operations management,7
context (archaeology),data mining,7
medical education,scopus,7
affect (linguistics),computer science,7
affect (linguistics),health care,7
cloud computing,wearable computer,7
clinical trial,nursing,7
art,medicine,7
economic growth,structural equation modeling,7
economics,structural equation modeling,7
analytics,data mining,7
analytics,economic growth,7
gerontology,psychological intervention,7
alternative medicine,big data,7
physics,public relations,7
black box,computer security,7
black box,transparency (behavior),7
botany,economic growth,7
botany,political science,7
health literacy,health policy,7
confirmatory factor analysis,medicine,7
epistemology,programming language,7
gerontology,medical education,7
economic growth,healthcare system,7
economics,healthcare system,7
mathematical analysis,transparency (behavior),7
computational biology,medicine,7
cognition,neuroscience,7
economics,multimedia,7
biology,internet of things,7
digital media,political science,7
neuroscience,pathology,7
cloud computing,internet privacy,7
business,wearable computer,7
digital divide,health literacy,7
information seeking behavior,law,7
information seeking behavior,political science,7
literacy,mental health,7
inclusion (mineral),medline,7
computer science,task (project management),7
edge computing,internet of things,7
computer science,social distance,7
context (archaeology),mental health,7
confirmatory factor analysis,structural equation modeling,7
biology,process management,7
digital literacy,psychiatry,7
big data,psychology,7
applied psychology,philosophy,7
paleontology,population,7
health care,health information national trends survey,7
clinical psychology,gerontology,7
medical education,social media,7
medicine,psycinfo,7
mathematics,public relations,7
computer science,demography,7
alternative medicine,psychological intervention,7
art,law,7
intervention (counseling),literacy,7
intervention (counseling),pedagogy,7
biology,telemedicine,7
biochemistry,economic growth,7
gerontology,sociology,7
coronavirus disease 2019 (covid-19),physics,7
disease,physics,7
infectious disease (medical specialty),physics,7
health care,systems engineering,7
internet of things,wearable technology,7
digital literacy,sociology,7
information and communications technology,sociology,7
art,political science,7
pathology,transparency (behavior),7
cancer,internal medicine,7
cancer,medicine,7
electronics,wearable computer,7
art,literature,7
health literacy,intervention (counseling),7
anxiety,economics,7
embedded system,mechanical engineering,7
coronavirus disease 2019 (covid-19),engineering,7
gerontology,internal medicine,7
electronics,wearable technology,7
mhealth,psychiatry,7
health care,health records,7
philosophy,telemedicine,7
health care,personalization,7
archaeology,knowledge management,7
coronavirus disease 2019 (covid-19),library science,7
cinahl,pedagogy,7
cognition,psychiatry,7
computer science,documentation,7
internet of things,political science,7
computer security,medline,7
equity (law),public health,7
context (archaeology),database,7
engineering,psychological intervention,7
economics,engineering management,7
big data,pandemic,7
coronavirus disease 2019 (covid-19),information seeking,7
political science,process management,7
psychology,virology,7
applications of artificial intelligence,medical education,7
intervention (counseling),psychological intervention,6
confidentiality,economics,6
documentation,health care,6
pathology,systematic review,6
cognition,medicine,6
computer science,terminology,6
health care,mental healthcare,6
economic growth,engineering management,6
biology,mathematical analysis,6
artificial intelligence,history,6
confidentiality,economic growth,6
data science,severe acute respiratory syndrome coronavirus 2 (sars-cov-2),6
aerospace engineering,operating system,6
computer science,conversation,6
conversation,psychology,6
computer science,test (biology),6
archaeology,digital literacy,6
epistemology,social science,6
context (archaeology),workflow,6
business,stakeholder,6
economics,test (biology),6
computer security,visual arts,6
distributed computing,internet of things,6
politics,psychology,6
computer science,federated learning,6
artificial intelligence,health literacy,6
domain (mathematical analysis),operating system,6
economic growth,test (biology),6
black box,health care,6
information and communications technology,literacy,6
anxiety,health care,6
anxiety,pathology,6
disease,mathematical analysis,6
infectious disease (medical specialty),mathematical analysis,6
nursing,patient safety,6
nursing,process (computing),6
electrical engineering,medicine,6
autism,psychiatry,6
autism,psychology,6
ehealth,internet privacy,6
generative grammar,sociology,6
infectious disease (medical specialty),quantum mechanics,6
pandemic,physics,6
pathology,power (physics),6
environmental health,operating system,6
grey literature,medline,6
grey literature,political science,6
alternative medicine,world wide web,6
art,knowledge management,6
intervention (counseling),medical education,6
computer science,health policy,6
human–computer interaction,internet privacy,6
intensive care medicine,political science,6
artificial intelligence,service (business),6
computer science,digitization,6
economic growth,health records,6
database,internet of things,6
coronavirus disease 2019 (covid-19),quantum mechanics,6
disease,quantum mechanics,6
nursing,quantum mechanics,6
biology,quality (philosophy),6
digital media,health care,6
digital media,infectious disease (medical specialty),6
digital media,law,6
digital media,medicine,6
aerospace engineering,artificial intelligence,6
macroeconomics,productivity,6
population,telemedicine,6
epistemology,perspective (graphical),6
psychological intervention,psycinfo,6
programming language,social science,6
computer science,reinforcement learning,6
digital health,physics,6
biology,gerontology,6
grey literature,health care,6
grey literature,law,6
grey literature,medicine,6
developmental psychology,pathology,6
mental health,public relations,6
embedded system,knowledge management,6
neuroscience,sociology,6
domain (mathematical analysis),transparency (behavior),6
information seeking,pedagogy,6
information seeking,world wide web,6
information seeking behavior,medical education,6
inclusion (mineral),knowledge management,6
biology,mental health,6
human–computer interaction,sociology,6
digital media,pandemic,6
digital media,pathology,6
confirmatory factor analysis,psychology,6
geography,mathematics,6
digital media,disease,6
medical education,mental health,6
medical education,psychotherapist,6
psychological intervention,public relations,6
economics,health records,6
economics,systems engineering,6
information seeking behavior,pathology,6
affect (linguistics),medicine,6
communication,economic growth,6
communication,economics,6
deep learning,engineering,6
medicine,narrative,6
optics,psychology,6
coronavirus disease 2019 (covid-19),digital media,6
automation,operating system,6
literature,political science,6
cloud computing,enhanced data rates for gsm evolution,6
harm,social psychology,6
botany,law,6
health equity,health policy,6
economics,trustworthiness,6
medical emergency,pathology,6
composite material,physics,6
artificial intelligence,multimedia,6
economic growth,multimedia,6
computer science,health promotion,6
digital health,health promotion,6
applied psychology,digital literacy,6
artificial intelligence,systems engineering,6
computer science,health records,6
epistemology,mechanism (biology),6
intensive care medicine,precision medicine,6
mechanism (biology),philosophy,6
law,literature,6
literature,medicine,6
clinical decision support system,nursing,6
analytics,biology,6
focus (optics),psychology,6
medicine,optics,6
computer science,mechanism (biology),6
human–computer interaction,neuroscience,6
human–computer interaction,psychological intervention,6
coronavirus disease 2019 (covid-19),information seeking behavior,6
disease,information seeking behavior,6
communication,pedagogy,6
health literacy,power (physics),6
health literacy,reliability (semiconductor),6
harm,health care,6
harm,psychology,6
health information national trends survey,literacy,6
health information national trends survey,pedagogy,6
psychological intervention,sociology,6
engineering,operations management,6
healthcare system,medicine,6
information privacy,law,6
protocol (science),psychological intervention,6
protocol (science),psychology,6
nursing,protocol (science),6
information privacy,pathology,6
information privacy,political science,6
ecology,medicine,6
clinical psychology,construct validity,6
clinical psychology,cronbach's alpha,6
art,biology,6
art,data science,6
deep learning,pathology,6
healthcare industry,knowledge management,6
biology,mechanical engineering,6
clinical psychology,power (physics),6
health care,medical diagnosis,6
operating system,trustworthiness,6
economic growth,identification (biology),6
digital health,health information,6
geography,public health,6
infectious disease (medical specialty),information seeking behavior,6
population,psychiatry,6
cognition,health care,6
applied psychology,marketing,6
engineering,quality (philosophy),6
generalizability theory,health care,6
machine learning,wearable computer,6
materials science,mechanical engineering,6
applied psychology,paleontology,6
clinical psychology,confirmatory factor analysis,6
digital literacy,public health,6
digital transformation,law,6
developmental psychology,machine learning,6
medicine,vaccination,6
communication,health communication,6
gene,robustness (evolution),6
economics,electrical engineering,6
chatbot,economics,6
computer science,microeconomics,6
artificial intelligence,gene,6
artificial intelligence,genetics,6
biochemistry,robustness (evolution),6
accounting,computer science,6
transformer,voltage,6
computer science,transformer,6
data science,electrical engineering,6
construct validity,health care,6
chemistry,robustness (evolution),6
authentication (law),cloud computing,6
telecommunications,wearable technology,6
computer science,generalizability theory,6
health care,scalability,6
applied psychology,disease,6
applied psychology,engineering,6
construct validity,health literacy,6
construct validity,literacy,6
construct validity,pedagogy,6
healthcare system,transparency (behavior),6
mental health,paleontology,6
medicine,software engineering,6
deep learning,mathematical analysis,6
context (archaeology),transparency (behavior),6
database,medical education,6
database,paleontology,6
mathematical analysis,pure mathematics,6
nursing,physical therapy,6
deep learning,political science,6
public relations,telehealth,6
information privacy,internet of things,6
applied psychology,biology,6
data sharing,law,6
data sharing,political science,6
finance,internet privacy,6
political science,value (mathematics),6
clinical psychology,reliability (semiconductor),6
psychology,value (mathematics),6
cloud computing,software engineering,6
mechanical engineering,pathology,6
artificial intelligence,personalized medicine,6
big data,bioinformatics,6
big data,workflow,6
2019-20 coronavirus outbreak,business,6
deep learning,law,6
computer science,reliability engineering,6
computer science,robustness (evolution),6
coronavirus disease 2019 (covid-19),risk analysis (engineering),6
developmental psychology,literacy,6
business,psychiatry,6
programming language,psychological intervention,6
health professionals,medical education,6
artificial intelligence,tactile sensor,6
mathematics,trustworthiness,6
key (lock),knowledge management,6
operating system,process management,6
artificial intelligence,transformer,6
artificial intelligence,voltage,6
cronbach's alpha,health care,6
anxiety,coronavirus disease 2019 (covid-19),6
anxiety,disease,6
anxiety,infectious disease (medical specialty),6
anxiety,pandemic,6
health care,order (exchange),6
knowledge management,order (exchange),6
applied psychology,context (archaeology),6
law,socioeconomic status,6
political science,socioeconomic status,6
machine learning,power (physics),6
database,process (computing),6
epistemology,psychiatry,6
gene,psychology,6
economics,microeconomics,6
health care,mediation,6
health literacy,machine learning,6
law,mediation,6
literacy,machine learning,6
cinahl,psycinfo,6
gerontology,social psychology,6
electronic skin,materials science,6
medicine,multidisciplinary approach,6
health care,socioeconomic status,6
medical education,workflow,6
bioinformatics,machine learning,6
computer science,modalities,6
meta-analysis,psychological intervention,6
meta-analysis,psychology,6
meta-analysis,systematic review,6
disease,knowledge management,6
pathology,telecommunications,6
economic growth,information privacy,6
economics,information privacy,6
clinical decision support system,computer security,6
bubble,human–computer interaction,6
internet privacy,population,6
bioinformatics,law,6
bioinformatics,political science,6
data science,personalized medicine,6
cronbach's alpha,health literacy,6
misinformation,public relations,6
misinformation,social media,6
cronbach's alpha,psychometrics,6
human–computer interaction,maximum bubble pressure method,6
paleontology,transparency (behavior),6
engineering,mathematical analysis,6
field (mathematics),mathematical analysis,6
checklist,nursing,6
cognitive psychology,nursing,6
engineering ethics,nursing,6
psychology,socioeconomic status,6
archaeology,social media,6
operating system,server,6
mental health,mental healthcare,6
mental healthcare,psychology,6
biology,microbiology,6
cloud computing,server,6
human–computer interaction,interface (matter),6
corporate governance,psychology,6
health care,modalities,6
computer security,electrical engineering,6
digital health,systematic review,6
business,key (lock),6
context (archaeology),mathematics,6
machine learning,pandemic,6
focus (optics),health care,6
economic growth,social media,6
human–computer interaction,pathology,6
gene,health care,6
philosophy,terminology,6
physics,social psychology,6
health care,optics,6
literacy,structural equation modeling,6
digital media,sociology,6
family medicine,pandemic,6
nursing,qualitative research,6
data science,work (physics),6
infectious disease (medical specialty),medline,6
computer network,law,6
health literacy,meta-analysis,6
mediation,political science,6
neuroscience,pedagogy,6
health care,logistic regression,6
knowledge management,statistics,6
wearable technology,world wide web,6
environmental health,mental health,6
inequality,world wide web,6
context (archaeology),process management,6
marketing,supply chain,6
computer science,tactile sensor,6
ehealth,mhealth,6
cartography,psychology,6
flexibility (engineering),health care,6
ehealth,pathology,6
economic growth,edge computing,6
economics,edge computing,6
marketing,pandemic,6
management science,pure mathematics,6
clinical decision support system,workflow,6
pathology,wearable technology,6
business,supply chain,6
computer science,supply chain,6
telemedicine,wearable computer,6
telemedicine,wearable technology,6
pandemic,telehealth,6
family medicine,infectious disease (medical specialty),6
business,outbreak,6
business,virology,6
linguistics,terminology,6
personalized medicine,precision medicine,6
physics,wearable computer,6
environmental health,physics,6
environmental health,quantum mechanics,6
economic growth,generative grammar,6
economics,generative grammar,6
descriptive statistics,health literacy,6
communication,philosophy,6
health care,meta-analysis,6
literacy,psychometrics,6
engineering,variety (cybernetics),6
law,variety (cybernetics),6
mechanical engineering,physics,6
health equity,psychological intervention,6
health literacy,mhealth,6
health care,resource (disambiguation),6
medicine,resource (disambiguation),6
psychometrics,quantum mechanics,6
communication,sociology,6
communication,world wide web,6
economic growth,virtual reality,6
economics,metaverse,6
context (archaeology),mhealth,6
digital literacy,paleontology,6
telecommunications,the internet,6
business,information privacy,6
economic growth,metaverse,6
machine learning,sociology,6
medicine,modalities,6
information and communications technology,internet privacy,6
information and communications technology,psychology,6
biostatistics,health care,6
biostatistics,health literacy,6
physics,psychometrics,6
power (physics),psychometrics,6
power (physics),scale (ratio),6
perspective (graphical),public relations,6
digital health,scale (ratio),6
operating system,perception,6
medicine,perspective (graphical),6
psychological intervention,psychotherapist,6
electronic skin,nanotechnology,6
inequality,political science,6
robot,tactile sensor,6
field (mathematics),management science,6
psychometrics,scale (ratio),6
reliability (semiconductor),scale (ratio),6
cross-sectional study,digital health,6
computer security,information and communications technology,6
health information,law,6
field (mathematics),sociology,6
economic growth,value (mathematics),6
economics,value (mathematics),6
embedded system,physics,6
environmental health,government (linguistics),6
database,decision support system,6
clinical decision support system,database,6
mental health literacy,psychiatry,6
mental health literacy,psychology,6
internal medicine,knowledge management,6
internal medicine,mental health,6
risk analysis (engineering),trustworthiness,6
applications of artificial intelligence,paleontology,6
machine learning,software deployment,6
machine learning,software engineering,6
ehealth,medline,6
psychological intervention,risk analysis (engineering),6
applications of artificial intelligence,context (archaeology),6
alternative medicine,computer network,6
analytics,knowledge management,6
literacy,telehealth,6
leverage (statistics),operating system,6
clinical psychology,internal medicine,6
clinical psychology,pandemic,6
health care,scope (computer science),6
knowledge management,relevance (law),6
psychometrics,reliability (semiconductor),6
health informatics,literacy,6
health informatics,medical education,6
statistics,the internet,6
computer security,management science,6
advertising,business,6
computer science,structural engineering,6
engineering,structural engineering,6
linguistics,the internet,6
business,management,6
mental health,mental health literacy,6
process management,risk analysis (engineering),6
geography,philosophy,6
mental health literacy,mental illness,6
context (archaeology),marketing,6
business,robot,6
data science,finance,6
cognitive psychology,political science,6
electronics,materials science,6
electronics,nanotechnology,6
curriculum,digital literacy,6
disease,misinformation,6
biology,perspective (graphical),6
augmented reality,computer science,6
family medicine,world wide web,6
computer security,emerging technologies,6
law,leverage (statistics),6
leverage (statistics),machine learning,6
law,test (biology),6
paleontology,pandemic,6
political science,test (biology),6
convolutional neural network,deep learning,6
artificial neural network,operating system,6
artificial intelligence,macroeconomics,6
geography,knowledge management,6
demography,internal medicine,6
epistemology,linguistics,6
linguistics,quality (philosophy),6
infectious disease (medical specialty),misinformation,6
engineering ethics,physics,6
artificial intelligence,electronics,6
big data,psychiatry,6
equity (law),literacy,6
engineering,ethical issues,6
engineering ethics,ethical issues,6
internal medicine,population,6
coronavirus disease 2019 (covid-19),misinformation,6
big data,risk analysis (engineering),6
social media,the internet,6
decision support system,machine learning,6
environmental health,social media,6
paleontology,process (computing),6
business,equity (law),6
blockchain,medicine,6
blockchain,pathology,6
computer network,data science,6
decision support system,workflow,6
knowledge management,resource (disambiguation),6
business,power (physics),6
philosophy,set (abstract data type),6
programming language,social psychology,6
computer network,cryptography,6
computer network,encryption,6
psychotherapist,world wide web,6
artificial intelligence,government (linguistics),6
quality (philosophy),world wide web,6
biology,social media,6
mathematics education,nursing,6
engineering,flexibility (engineering),6
engineering,optoelectronics,6
literacy,statistics,6
blockchain,knowledge management,6
internet privacy,wearable technology,6
embedded system,telemedicine,6
economic growth,health professionals,6
economics,health professionals,6
business,medline,6
economics,government (linguistics),6
curriculum,engineering ethics,6
artificial intelligence,cyber-physical system,6
healthcare system,psychology,6
anthropology,law,6
anthropology,political science,6
computer science,safeguarding,6
digital transformation,economic growth,6
digital transformation,economics,6
quantum mechanics,telecommunications,6
business,perspective (graphical),6
psychology,resource (disambiguation),6
computer security,telemedicine,6
data collection,economic growth,6
data collection,economics,6
applications of artificial intelligence,medline,6
computer security,health literacy,6
neuroscience,psychiatry,6
misinformation,pandemic,6
misinformation,pathology,6
curriculum,health literacy,6
health care,wireless,6
nanotechnology,optoelectronics,6
statistics,wearable computer,6
curriculum,digital health,6
finance,linguistics,6
human–computer interaction,quantum mechanics,6
biology,scopus,6
social psychology,the internet,6
epistemology,pedagogy,6
blockchain,traceability,6
big data,computer network,6
blockchain,data mining,6
health care,safeguarding,6
macroeconomics,psychology,6
anthropology,health care,6
economic growth,wireless,6
economics,wireless,6
health care,social determinants of health,6
information and communications technology,telemedicine,6
mechanical engineering,world wide web,6
political science,social determinants of health,6
health literacy,misinformation,6
computer science,single point of failure,6
computer science,traceability,6
computer security,traceability,6
knowledge management,value (mathematics),6
empowerment,health literacy,6
communication,nursing,6
internal medicine,operating system,6
mechanical engineering,nursing,6
digital divide,digital literacy,6
internal medicine,mathematics,6
physics,risk analysis (engineering),6
health promotion,public relations,6
authentication (law),economic growth,6
authentication (law),economics,6
autonomy,engineering ethics,6
business,health informatics,6
information seeking,pandemic,6
physics,thermodynamics,6
philosophy,pure mathematics,6
accountability,engineering ethics,6
software engineering,traceability,6
business,software deployment,6
knowledge management,robot,6
computer security,health informatics,6
library science,the internet,6
artificial intelligence,politics,6
geography,population,6
geography,the internet,6
library science,pandemic,6
field (mathematics),philosophy,6
geometry,health care,6
digital literacy,disease,6
digital literacy,internet privacy,6
empowerment,psychology,6
knowledge management,systematic review,6
engineering,key (lock),6
finance,mathematics,6
cloud computing,mathematics,6
computer science,digital revolution,6
economics,perception,6
health care,visual arts,6
economic growth,perspective (graphical),6
alternative medicine,philosophy,6
accountability,psychology,6
medicine,politics,6
family medicine,mathematics,6
business,generative grammar,6
paleontology,the internet,6
empathy,medicine,6
knowledge management,workforce,6
context (archaeology),information literacy,6
marketing,sociology,6
artificial intelligence,bridge (graph theory),6
computer science,data collection,6
architecture,computer security,6
public relations,social determinants of health,6
applied psychology,perception,6
mathematics,test (biology),6
applied psychology,population,6
competence (human resources),computer science,6
risk analysis (engineering),sociology,6
competence (human resources),law,6
competence (human resources),political science,6
guideline,medicine,6
guideline,pathology,6
internet of things,wireless sensor network,6
law,process management,6
computer science,interpersonal communication,6
domain (mathematical analysis),machine learning,6
process management,programming language,6
metaverse,world wide web,6
virtual reality,world wide web,6
health care,robot,6
programming language,trustworthiness,6
artificial intelligence,confidentiality,6
health equity,medical education,6
chemistry,economic growth,6
digital literacy,gerontology,6
medicine,randomized controlled trial,6
analytics,computer security,6
applications of artificial intelligence,engineering ethics,6
electrical engineering,internet of things,6
public relations,quality (philosophy),6
medline,transparency (behavior),6
biology,family medicine,6
accountability,public relations,6
cognitive psychology,economics,6
artificial intelligence,intervention (counseling),6
process management,transparency (behavior),6
engineering,pandemic,6
intensive care medicine,law,6
computer science,narrative,6
sociology,telemedicine,6
artificial intelligence,digital transformation,6
data science,emerging technologies,6
health promotion,pedagogy,6
linguistics,public health,6
paleontology,quantum mechanics,6
human–computer interaction,process (computing),6
human–computer interaction,programming language,6
data mining,decision support system,6
coronavirus disease 2019 (covid-19),mathematical analysis,6
computer science,thematic analysis,6
competence (human resources),health care,6
descriptive statistics,nursing,6
delphi method,psychological intervention,5
delphi method,nursing,5
law,randomized controlled trial,5
alternative medicine,public relations,5
key (lock),the internet,5
archaeology,philosophy,5
knowledge management,mental healthcare,5
ehealth,intervention (counseling),5
health professionals,world wide web,5
artificial intelligence,geometry,5
philosophy,qualitative research,5
management,philosophy,5
public relations,qualitative research,5
public relations,thematic analysis,5
public relations,workforce,5
coronavirus disease 2019 (covid-19),statistics,5
descriptive statistics,law,5
descriptive statistics,political science,5
psychology,severe acute respiratory syndrome coronavirus 2 (sars-cov-2),5
multidisciplinary approach,psychology,5
machine learning,medline,5
economics,maximum bubble pressure method,5
digital literacy,mathematics education,5
black box,interpretability,5
black box,mathematical analysis,5
economics,parallel computing,5
machine learning,personalization,5
family medicine,gerontology,5
law,promotion (chess),5
mental health,neuroscience,5
political science,promotion (chess),5
politics,promotion (chess),5
engineering management,health care,5
business,productivity,5
biology,wireless,5
engineering,wireless,5
biology,domain (mathematical analysis),5
economic growth,trustworthiness,5
internet privacy,programming language,5
internet privacy,risk analysis (engineering),5
empirical research,political science,5
empirical research,psychology,5
business,field (mathematics),5
law,stakeholder,5
interpersonal communication,political science,5
software deployment,transparency (behavior),5
software engineering,transparency (behavior),5
interpretability,mathematics,5
linguistics,transparency (behavior),5
philosophy,process management,5
bubble,economics,5
artificial intelligence,federated learning,5
economics,interface (matter),5
decision support system,programming language,5
engineering,government (linguistics),5
law,liability,5
liability,political science,5
clinical psychology,medline,5
nursing,work (physics),5
mechanical engineering,neuroscience,5
engineering,information and communications technology,5
business,pure mathematics,5
china,psychology,5
computer security,virtual reality,5
programming language,scopus,5
computer security,metaverse,5
digital revolution,telecommunications,5
digital revolution,world wide web,5
digital transformation,telecommunications,5
economic growth,mathematics education,5
economics,mathematics education,5
engineering,telemedicine,5
information and communications technology,knowledge management,5
construct validity,medical education,5
physics,sociology,5
internet privacy,medical education,5
misinformation,pedagogy,5
cloud computing,pathology,5
distributed computing,machine learning,5
distributed computing,mathematics,5
business,digital transformation,5
finance,sociology,5
pedagogy,pure mathematics,5
computer security,robot,5
engineering,robotics,5
computer science,optoelectronics,5
digital health,statistics,5
cross-sectional study,population,5
psychiatry,public relations,5
descriptive statistics,medical education,5
computer security,ecology,5
human–computer interaction,wireless,5
cinahl,economic growth,5
cinahl,economics,5
context (archaeology),scopus,5
computer network,wireless,5
materials science,wireless,5
economics,flexibility (engineering),5
economic growth,finance,5
government (linguistics),public health,5
applications of artificial intelligence,disease,5
information seeking behavior,pedagogy,5
information seeking behavior,world wide web,5
literacy,social media,5
archaeology,natural (archaeology),5
history,natural (archaeology),5
cognitive psychology,medical education,5
inclusion (mineral),systematic review,5
internet of things,statistics,5
knowledge management,power (physics),5
knowledge management,reliability (semiconductor),5
computer science,energy (signal processing),5
health literacy,marketing,5
process (computing),sociology,5
operating system,pandemic,5
population,social media,5
social media,social psychology,5
composite material,triboelectric effect,5
equity (law),telemedicine,5
corporate governance,engineering,5
environmental health,population health,5
health care,population health,5
medicine,population health,5
population,population health,5
physics,population,5
population,quantum mechanics,5
political science,resource (disambiguation),5
internal medicine,public health,5
alternative medicine,information privacy,5
data mining,psychiatry,5
data mining,risk analysis (engineering),5
checklist,medical education,5
cognitive psychology,law,5
gerontology,pandemic,5
advertising,medicine,5
advertising,political science,5
health care,triage,5
biology,relevance (law),5
medicine,triage,5
augmented reality,human–computer interaction,5
health informatics,pathology,5
health informatics,pedagogy,5
curriculum,economics,5
law,preparedness,5
medicine,preparedness,5
health informatics,internet privacy,5
energy (signal processing),mathematics,5
energy (signal processing),statistics,5
machine learning,statistics,5
archaeology,operating system,5
economic growth,history,5
economics,history,5
electrical engineering,telecommunications,5
autonomy,computer security,5
quantum mechanics,risk analysis (engineering),5
applications of artificial intelligence,data mining,5
applications of artificial intelligence,deep learning,5
materials science,triboelectric effect,5
chemistry,computer security,5
digital health,risk analysis (engineering),5
pathology,process (computing),5
linguistics,mathematical analysis,5
linguistics,physics,5
linguistics,quantum mechanics,5
curriculum,economic growth,5
biostatistics,environmental health,5
biostatistics,literacy,5
geography,scale (ratio),5
health informatics,human–computer interaction,5
systematic review,world wide web,5
human–computer interaction,mathematical analysis,5
psychiatry,risk analysis (engineering),5
applications of artificial intelligence,software deployment,5
big data,human–computer interaction,5
political science,preparedness,5
data mining,pandemic,5
digital divide,environmental health,5
digital divide,pathology,5
intervention (counseling),psychiatry,5
biology,materials science,5
embedded system,software engineering,5
economic growth,psychometrics,5
economics,psychometrics,5
family medicine,systematic review,5
marketing,medical education,5
deep learning,software deployment,5
interpretability,operating system,5
business,data governance,5
business,data quality,5
cartography,scale (ratio),5
computer security,transformative learning,5
coronavirus disease 2019 (covid-19),knowledge management,5
psychology,relevance (law),5
multimedia,the internet,5
internet privacy,physics,5
biostatistics,economic growth,5
biostatistics,economics,5
computer science,face (sociological concept),5
applied psychology,geography,5
cartography,medicine,5
medline,pandemic,5
artificial intelligence,classifier (uml),5
mhealth,pedagogy,5
mechanical engineering,quantum mechanics,5
digital health,workforce,5
machine learning,workflow,5
business,severe acute respiratory syndrome coronavirus 2 (sars-cov-2),5
business,transformative learning,5
computer science,data governance,5
computer science,data quality,5
cronbach's alpha,quantum mechanics,5
cronbach's alpha,reliability (semiconductor),5
cronbach's alpha,scale (ratio),5
government (linguistics),nursing,5
classifier (uml),computer science,5
digital health,programming language,5
coronavirus disease 2019 (covid-19),epistemology,5
data governance,data quality,5
generalizability theory,medicine,5
applications of artificial intelligence,neuroscience,5
healthcare system,operating system,5
internal medicine,logistic regression,5
economic growth,modalities,5
economics,modalities,5
economics,scope (computer science),5
operating system,scope (computer science),5
big data,mathematical analysis,5
engineering ethics,linguistics,5
medical education,mhealth,5
data collection,medicine,5
interpretability,physics,5
quantum mechanics,transparency (behavior),5
confidentiality,information privacy,5
digital media,internet privacy,5
machine learning,reliability (semiconductor),5
electrical engineering,statistics,5
statistics,wearable technology,5
conversation,political science,5
linguistics,sociology,5
artificial intelligence,human intelligence,5
data mining,workflow,5
database,sociology,5
computer science,human intelligence,5
database,philosophy,5
philosophy,workflow,5
cronbach's alpha,physics,5
cronbach's alpha,power (physics),5
interface (matter),operating system,5
paleontology,systematic review,5
paleontology,workflow,5
domain (mathematical analysis),field (mathematics),5
domain (mathematical analysis),pure mathematics,5
authentication (law),world wide web,5
programming language,systematic review,5
conversation,health care,5
conversation,law,5
bubble,operating system,5
infectious disease (medical specialty),knowledge management,5
family medicine,sociology,5
operating system,population,5
cardiology,medicine,5
epistemology,infectious disease (medical specialty),5
epistemology,pandemic,5
face (sociological concept),social science,5
face (sociological concept),sociology,5
social distance,social psychology,5
social distance,world wide web,5
artificial intelligence,value (mathematics),5
machine learning,variety (cybernetics),5
marketing,value (mathematics),5
transparency (behavior),variety (cybernetics),5
medical education,systematic review,5
decision support system,process (computing),5
digital health,precision medicine,5
data mining,digital health,5
data mining,transparency (behavior),5
artificial intelligence,protocol (science),5
disease,ehealth,5
data science,popularity,5
internet of things,pathology,5
mathematics,process management,5
construct validity,reliability (semiconductor),5
construct validity,scale (ratio),5
law,order (exchange),5
order (exchange),political science,5
software deployment,the internet,5
mathematics,social media,5
misinformation,world wide web,5
marketing,social media,5
gerontology,world wide web,5
environmental health,finance,5
construct validity,quantum mechanics,5
maximum bubble pressure method,operating system,5
construct validity,power (physics),5
ehealth,family medicine,5
artificial intelligence,healthcare industry,5
bioinformatics,data mining,5
confidentiality,internet of things,5
computer security,popularity,5
applied psychology,confirmatory factor analysis,5
computer security,medical education,5
environmental health,health information,5
computer security,systematic review,5
context (archaeology),systematic review,5
law,value (mathematics),5
psychiatry,social distance,5
psychiatry,social media,5
data sharing,knowledge management,5
finance,marketing,5
computer science,conceptual framework,5
conceptual framework,psychology,5
conceptual framework,social science,5
applied psychology,mathematics,5
biology,scale (ratio),5
confirmatory factor analysis,health care,5
digital literacy,health equity,5
data science,scope (computer science),5
management science,programming language,5
electrical engineering,law,5
electrical engineering,political science,5
electrical engineering,transformer,5
mechanical engineering,pressure sensor,5
engineering,transformer,5
construct validity,cronbach's alpha,5
construct validity,physics,5
medical diagnosis,psychology,5
algorithm,economic growth,5
algorithm,economics,5
algorithm,health care,5
personalization,psychology,5
computer science,health education,5
power (physics),telecommunications,5
computer science,psycinfo,5
identification (biology),political science,5
machine learning,nursing,5
mental health,social distance,5
mental health,social media,5
data mining,information privacy,5
data mining,internet privacy,5
engineering,pressure sensor,5
materials science,pressure sensor,5
drone,genetics,5
medical education,neuroscience,5
computer science,pharmacology,5
botany,data mining,5
data mining,identification (biology),5
confirmatory factor analysis,health literacy,5
biology,health professionals,5
affect (linguistics),economic growth,5
affect (linguistics),economics,5
biology,visual arts,5
data science,visual arts,5
conceptual framework,sociology,5
biology,pregnancy,5
genetics,pregnancy,5
medicine,pregnancy,5
economics,transformative learning,5
economic growth,medical diagnosis,5
economic growth,transformative learning,5
economics,medical diagnosis,5
pedagogy,psychotherapist,5
botany,business,5
business,wearable technology,5
embedded system,marketing,5
grey literature,psychology,5
pathology,robot,5
digital divide,internet privacy,5
political science,virtual reality,5
data mining,programming language,5
mechanical engineering,nanotechnology,5
biology,drone,5
computer science,drone,5
computer security,genetics,5
black box,psychology,5
psychiatry,quantum mechanics,5
artificial intelligence,task (project management),5
database,radiology,5
economics,task (project management),5
radiology,workflow,5
cloud computing,wearable technology,5
narrative,psychology,5
neuroscience,philosophy,5
coronavirus disease 2019 (covid-19),digital literacy,5
digital literacy,infectious disease (medical specialty),5
data mining,telecommunications,5
field (mathematics),world wide web,5
pure mathematics,world wide web,5
disease,robot,5
medicine,multimedia,5
literacy,psychotherapist,5
artificial intelligence,family medicine,5
artificial intelligence,medical imaging,5
computer science,medical imaging,5
business,health equity,5
health equity,sociology,5
confirmatory factor analysis,psychometrics,5
mathematics,psychometrics,5
computational biology,computer science,5
data science,process management,5
mathematics,structural equation modeling,5
service (business),world wide web,5
gerontology,paleontology,5
information seeking,the internet,5
digital library,medline,5
artificial neural network,mathematics,5
internet privacy,mhealth,5
internet privacy,psychological intervention,5
economics,emerging technologies,5
breast cancer,internal medicine,5
breast cancer,medicine,5
cancer,computer science,5
mhealth,pathology,5
internal medicine,philosophy,5
art,psychology,5
computer science,digital library,5
computer science,literature,5
workflow,world wide web,5
emerging technologies,risk analysis (engineering),5
demography,economic growth,5
demography,economics,5
alternative medicine,medical education,5
context (archaeology),telemedicine,5
digital health,telecommunications,5
health promotion,literacy,5
data mining,philosophy,5
paleontology,statistics,5
pathology,reliability (semiconductor),5
operating system,set (abstract data type),5
health care,mechanism (biology),5
knowledge management,mechanism (biology),5
clinical decision support system,data mining,5
biology,evolutionary biology,5
autism,autism spectrum disorder,5
autism,medicine,5
autism spectrum disorder,medicine,5
autism spectrum disorder,psychiatry,5
autism spectrum disorder,psychology,5
engineering,macroeconomics,5
digitization,telecommunications,5
marketing,telecommunications,5
economics,health promotion,5
biology,power (physics),5
computer science,function (biology),5
generative grammar,management science,5
generative grammar,philosophy,5
economic growth,personalization,5
pandemic,quantum mechanics,5
artificial intelligence,cancer,5
breast cancer,cancer,5
environmental health,mechanical engineering,5
library science,nursing,5
political science,service (business),5
psychology,service (business),5
economic growth,health promotion,5
bioinformatics,gene,5
information seeking behavior,pandemic,5
applied psychology,developmental psychology,5
internet of things,scalability,5
clinical psychology,digital health,5
chemistry,disease,5
chemistry,pathology,5
decision support system,management science,5
artificial intelligence,information privacy,5
artificial intelligence,reinforcement learning,5
computer science,evolutionary biology,5
medicine,systems engineering,5
cognition,economic growth,5
cognition,economics,5
action (physics),physics,5
environmental health,immunology,5
economic growth,systems engineering,5
public relations,quantum mechanics,5
medicine,usability,5
neuroscience,nursing,5
context (archaeology),social media,5
digital health,health information national trends survey,5
economics,personalization,5
physics,statistics,5
power (physics),statistics,5
power (physics),world wide web,5
reliability (semiconductor),world wide web,5
blockchain,scalability,5
biology,reliability (semiconductor),5
business,geometry,5
digital health,quantum mechanics,5
communication,neuroscience,5
machine learning,medical education,5
artificial intelligence,data sharing,5
artificial intelligence,personalization,5
psychology,psycinfo,5
cognitive psychology,economic growth,5
philosophy,process (computing),5
black box,medicine,5
psychometrics,structural equation modeling,5
quantum mechanics,statistics,5
cognition,law,5
action (physics),quantum mechanics,5
applied psychology,cognition,5
information seeking,nursing,5
biology,gene,5
disease,precision medicine,5
bioinformatics,genetics,5
artificial intelligence,robustness (evolution),5
biochemistry,law,5
biochemistry,political science,5
chemistry,mathematics,5
data science,history,5
context (archaeology),physics,5
epistemology,physics,5
management science,philosophy,5
statistics,structural equation modeling,5
developmental psychology,social psychology,5
pathology,vaccination,5
sociology,vaccination,5
sociology,virology,5
cognition,political science,5
cognition,social psychology,5
literacy,neuroscience,5
mental health,operating system,5
wearable computer,wireless,5
economics,scalability,5
alternative medicine,biology,5
nursing,transparency (behavior),5
economic growth,engineering ethics,5
generative grammar,nursing,5
coronavirus disease 2019 (covid-19),medical emergency,5
disease,medical emergency,5
artificial intelligence,geography,5
epistemology,transparency (behavior),5
demography,vaccination,5
data science,psychotherapist,5
internet privacy,machine learning,5
chatbot,psychotherapist,5
medicine,microbiology,5
health literacy,socioeconomic status,5
literacy,socioeconomic status,5
economics,gene,5
computer science,safer,5
computer security,safer,5
multidisciplinary approach,sociology,5
political science,systems engineering,5
risk analysis (engineering),systems engineering,5
biology,wearable computer,5
anxiety,nursing,5
health communication,pedagogy,5
digital literacy,mental health,5
medicine,odds ratio,5
business,mhealth,5
law,structural equation modeling,5
health care,odds ratio,5
context (archaeology),risk analysis (engineering),5
paleontology,risk analysis (engineering),5
pedagogy,workforce,5
engineering,interpretability,5
engineering,multidisciplinary approach,5
interpretability,management science,5
computer network,server,5
computer network,the internet,5
computer security,server,5
cloud computing,risk analysis (engineering),5
nursing,psychotherapist,5
composite material,electronic skin,5
ecology,operating system,5
law,systems engineering,5
multidisciplinary approach,social science,5
business,statistics,5
environmental health,socioeconomic status,5
economic growth,perception,5
government (linguistics),internet privacy,5
gerontology,mental health,5
information and communications technology,mathematical analysis,5
information and communications technology,mathematics,5
paleontology,process management,5
process management,supply chain,5
database,embedded system,5
intensive care medicine,machine learning,5
interpretability,risk analysis (engineering),5
applications of artificial intelligence,process (computing),5
mathematics,process (computing),5
anthropology,psychology,5
neuroscience,physics,5
key (lock),wireless,5
operating system,wireless,5
harm,medicine,5
business,workflow,5
linguistics,social psychology,5
engineering ethics,transformative learning,5
economic growth,scalability,5
psychology,telehealth,5
psychology,wearable technology,5
public health,statistics,5
human–computer interaction,parallel computing,5
sociology,statistics,5
physics,structural equation modeling,5
political science,structural equation modeling,5
quantum mechanics,social psychology,5
quantum mechanics,structural equation modeling,5
engineering ethics,mathematics,5
engineering ethics,pure mathematics,5
electrical engineering,physics,5
physics,wearable technology,5
infectious disease (medical specialty),medical emergency,5
medical emergency,pandemic,5
mathematical analysis,public relations,5
health literacy,physical therapy,5
operating system,robot,5
linguistics,trustworthiness,5
business,flexibility (engineering),5
engineering ethics,field (mathematics),5
law,media studies,5
media studies,political science,5
media studies,sociology,5
data science,edge computing,5
data science,transformative learning,5
bridge (graph theory),knowledge management,5
data science,internal medicine,5
alternative medicine,database,5
clinical decision support system,law,5
clinical decision support system,political science,5
analytics,marketing,5
coronavirus disease 2019 (covid-19),test (biology),5
inequality,information and communications technology,5
inequality,law,5
health equity,social determinants of health,5
law,social determinants of health,5
inequality,sociology,5
cross-sectional study,gerontology,5
cloud computing,database,5
database,transparency (behavior),5
computer science,health technology,5
emerging technologies,health care,5
health care,health technology,5
disease,test (biology),5
computer science,healthcare service,5
artificial intelligence,engineering management,5
computer security,engineering management,5
computer security,public health,5
computer science,diabetes mellitus,5
computer science,endocrinology,5
globe,medicine,5
marketing,paleontology,5
variety (cybernetics),world wide web,5
environmental health,severe acute respiratory syndrome coronavirus 2 (sars-cov-2),5
immunology,pathology,5
immunology,vaccination,5
distributed computing,health care,5
medicine,mental health literacy,5
artificial neural network,convolutional neural network,5
anxiety,law,5
database,human–computer interaction,5
computer science,expectancy theory,5
economics,resource (disambiguation),5
expectancy theory,psychology,5
expectancy theory,social psychology,5
2019-20 coronavirus outbreak,environmental health,5
artificial neural network,medicine,5
biology,macroeconomics,5
business,macroeconomics,5
ecology,law,5
ecology,political science,5
business,health technology,5
artificial neural network,data science,5
applications of artificial intelligence,philosophy,5
anxiety,political science,5
autonomy,economics,5
architecture,economic growth,5
architecture,economics,5
architecture,health care,5
art,economic growth,5
economic growth,visual arts,5
cryptography,operating system,5
artificial intelligence,cognition,5
audit,computer science,5
blockchain,encryption,5
infectious disease (medical specialty),test (biology),5
medical education,test (biology),5
pedagogy,test (biology),5
depression (economics),economics,5
depression (economics),macroeconomics,5
depression (economics),psychiatry,5
depression (economics),psychology,5
data science,scalability,5
management science,operating system,5
health professionals,public relations,5
artificial intelligence,industry 4.0,5
computer network,data mining,5
cloud computing,single point of failure,5
pedagogy,quality (philosophy),5
set (abstract data type),social psychology,5
algorithm,computer security,5
algorithm,operating system,5
cloud computing,cryptography,5
cryptography,encryption,5
empowerment,world wide web,5
computer network,single point of failure,5
human–computer interaction,linguistics,5
macroeconomics,psychiatry,5
anthropology,computer science,5
cross-sectional study,geography,5
inclusion (mineral),nursing,5
artificial intelligence,guideline,5
computer science,guideline,5
human–computer interaction,trustworthiness,5
computer security,single point of failure,5
domain (mathematical analysis),philosophy,5
physical therapy,telemedicine,5
epistemology,internet privacy,5
epistemology,marketing,5
environmental health,information and communications technology,5
artificial intelligence,corporate governance,5
infectious disease (medical specialty),statistics,5
information literacy,pathology,5
geography,psychiatry,5
pure mathematics,risk analysis (engineering),5
risk analysis (engineering),social psychology,5
accountability,operating system,5
operating system,reliability (semiconductor),5
operating system,single point of failure,5
risk analysis (engineering),software deployment,5
political science,safeguarding,5
digital health,empowerment,5
empowerment,medical education,5
family medicine,statistics,5
encryption,health care,5
law,safeguarding,5
disease,statistics,5
generative grammar,knowledge management,5
management science,pathology,5
field (mathematics),risk analysis (engineering),5
health care,healthcare service,5
computer science,mobile device,5
computer network,intrusion detection system,5
authentication (law),internet of things,5
digital health,embedded system,5
digital health,wearable computer,5
digital health,wearable technology,5
big data,distributed computing,5
cloud computing,transparency (behavior),5
accounting,law,5
accounting,political science,5
environmental health,health education,5
internet of things,systems engineering,5
context (archaeology),ehealth,5
context (archaeology),linguistics,5
digital health,linguistics,5
archaeology,the internet,5
management science,risk analysis (engineering),5
knowledge management,thematic analysis,5
health professionals,philosophy,5
computer science,empathy,5
empathy,health care,5
generative grammar,transformative learning,5
nursing,quality (philosophy),5
economics,geometry,5
epistemology,risk analysis (engineering),5
systems engineering,wearable computer,5
archaeology,information literacy,5
multimedia,pedagogy,5
delphi method,pathology,5
clinical trial,cognitive psychology,5
marketing,mathematics,5
applied psychology,ehealth,5
applied psychology,usability,5
archaeology,human–computer interaction,5
nursing,randomized controlled trial,5
political science,randomized controlled trial,5
clinical trial,delphi method,5
clinical trial,psychology,5
cognitive psychology,delphi method,5
confidentiality,operating system,5
botany,engineering,5
medline,philosophy,5
biology,management science,5
electrical engineering,psychology,5
genetics,psychology,5
descriptive statistics,pedagogy,5
business,healthcare industry,5
cognitive psychology,pathology,5
process (computing),transparency (behavior),5
equity (law),medical education,5
computer science,space (punctuation),5
chatbot,nursing,5
data mining,decision tree,5
checklist,clinical trial,5
checklist,delphi method,5
checklist,pathology,5
computer security,documentation,5
artificial neural network,data mining,5
literacy,multimedia,5
architecture,internet of things,4
quantum mechanics,sociology,4
generative grammar,world wide web,4
mathematical analysis,paleontology,4
applied psychology,expectancy theory,4
art,internet of things,4
blockchain,the internet,4
domain (mathematical analysis),paleontology,4
internet privacy,social distance,4
medical diagnosis,political science,4
artificial intelligence,natural (archaeology),4
computer science,natural (archaeology),4
medline,operating system,4
computer security,support vector machine,4
distributed computing,world wide web,4
internet of things,visual arts,4
support vector machine,world wide web,4
data collection,data science,4
healthcare system,perspective (graphical),4
equity (law),population,4
sociology,workforce,4
operating system,space (punctuation),4
health equity,population,4
business,environmental science,4
federated learning,health care,4
engineering,healthcare system,4
engineering,reliability (semiconductor),4
artificial intelligence,triboelectric effect,4
biology,nanotechnology,4
composite material,electrical engineering,4
biology,decision support system,4
computer science,triboelectric effect,4
electrical engineering,optoelectronics,4
electrical engineering,robot,4
precision medicine,workflow,4
knowledge management,social media,4
social media,telemedicine,4
philosophy,thematic analysis,4
quality (philosophy),sociology,4
epistemology,qualitative research,4
computer network,edge computing,4
computer network,enhanced data rates for gsm evolution,4
distributed computing,edge computing,4
distributed computing,enhanced data rates for gsm evolution,4
digital revolution,digital transformation,4
autonomy,transparency (behavior),4
china,health care,4
engineering,triboelectric effect,4
nanotechnology,triboelectric effect,4
data science,medical imaging,4
economic growth,geometry,4
economic growth,medical imaging,4
economics,medical imaging,4
geometry,political science,4
public relations,social distance,4
biochemistry,computer security,4
business,focus group,4
digital health,focus group,4
chemistry,programming language,4
distributed computing,federated learning,4
focus group,health care,4
machine learning,social science,4
focus group,marketing,4
focus group,medical education,4
focus group,medicine,4
alternative medicine,cloud computing,4
artificial intelligence,digital literacy,4
focus group,psychology,4
health care,medical imaging,4
geography,physics,4
physics,psychotherapist,4
materials science,mathematics,4
computer security,geography,4
computer security,identification (biology),4
economic growth,scope (computer science),4
medicine,scope (computer science),4
mental health,programming language,4
conversation,philosophy,4
digital literacy,equity (law),4
equity (law),internet privacy,4
emerging technologies,world wide web,4
embedded system,flexibility (engineering),4
delphi method,health care,4
cognitive science,data science,4
flexibility (engineering),wearable computer,4
enhanced data rates for gsm evolution,telecommunications,4
quality (philosophy),risk analysis (engineering),4
accountability,risk analysis (engineering),4
accounting,health care,4
audit,economics,4
demography,social psychology,4
demography,world wide web,4
equity (law),world wide web,4
alternative medicine,engineering ethics,4
computer science,ethical issues,4
ethical issues,health care,4
ethical issues,law,4
medical education,thematic analysis,4
medicine,stakeholder,4
guideline,psychological intervention,4
guideline,psychology,4
physics,software engineering,4
archaeology,mental health,4
edge computing,telecommunications,4
database,precision medicine,4
database,social science,4
augmented reality,virtual reality,4
biology,metaverse,4
biology,virtual reality,4
context (archaeology),metaverse,4
context (archaeology),virtual reality,4
metaverse,paleontology,4
paleontology,virtual reality,4
documentation,medicine,4
cognitive psychology,guideline,4
cognitive psychology,protocol (science),4
artificial intelligence,inclusion (mineral),4
epistemology,medical education,4
epistemology,set (abstract data type),4
delphi method,guideline,4
delphi method,protocol (science),4
guideline,nursing,4
guideline,protocol (science),4
computer science,triage,4
ethical issues,political science,4
ethical issues,psychology,4
law,triage,4
political science,triage,4
data mining,distributed computing,4
alternative medicine,checklist,4
alternative medicine,clinical trial,4
alternative medicine,cognitive psychology,4
alternative medicine,delphi method,4
alternative medicine,guideline,4
checklist,guideline,4
checklist,protocol (science),4
medical education,operating system,4
operating system,quality (philosophy),4
business,reliability (semiconductor),4
business,software engineering,4
clinical trial,guideline,4
clinical trial,protocol (science),4
engineering,scope (computer science),4
key (lock),pathology,4
artificial intelligence,modalities,4
big data,personalized medicine,4
big data,wireless,4
accounting,audit,4
audit,business,4
blockchain,single point of failure,4
data science,multimedia,4
knowledge management,scope (computer science),4
data collection,psychology,4
human–computer interaction,statistics,4
applied psychology,power (physics),4
applied psychology,reliability (semiconductor),4
physics,the internet,4
relevance (law),sociology,4
health education,public relations,4
health equity,telehealth,4
health equity,telemedicine,4
literacy,power (physics),4
literacy,reliability (semiconductor),4
pedagogy,power (physics),4
pedagogy,reliability (semiconductor),4
cronbach's alpha,economic growth,4
artificial intelligence,severe acute respiratory syndrome coronavirus 2 (sars-cov-2),4
data science,outbreak,4
data science,virology,4
ecology,economics,4
economics,sustainability,4
law,macroeconomics,4
macroeconomics,political science,4
business,leverage (statistics),4
computer security,leverage (statistics),4
cronbach's alpha,economics,4
cronbach's alpha,literacy,4
cronbach's alpha,pedagogy,4
meta-analysis,nursing,4
confirmatory factor analysis,mathematics,4
medicine,personalization,4
emerging technologies,knowledge management,4
emerging technologies,law,4
emerging technologies,operating system,4
emerging technologies,political science,4
emerging technologies,psychology,4
health technology,knowledge management,4
health technology,political science,4
linguistics,telemedicine,4
2019-20 coronavirus outbreak,data science,4
computer science,psychometrics,4
decision support system,process management,4
clinical psychology,ehealth,4
decision tree,random forest,4
nanotechnology,pressure sensor,4
key (lock),psychology,4
process management,psychology,4
business,engineering management,4
computer security,psychological intervention,4
health care,transformer,4
health care,voltage,4
confirmatory factor analysis,physics,4
confirmatory factor analysis,power (physics),4
confirmatory factor analysis,quantum mechanics,4
confirmatory factor analysis,reliability (semiconductor),4
confirmatory factor analysis,scale (ratio),4
confirmatory factor analysis,statistics,4
cronbach's alpha,mathematics,4
cronbach's alpha,statistics,4
economic growth,health policy,4
economics,health policy,4
equity (law),health policy,4
inequality,public relations,4
pedagogy,transparency (behavior),4
algorithm,medicine,4
geography,psychometrics,4
data science,intervention (counseling),4
leverage (statistics),medicine,4
computational biology,data science,4
paleontology,scale (ratio),4
biology,immunology,4
conceptual framework,engineering,4
conceptual framework,knowledge management,4
conceptual framework,law,4
conceptual framework,political science,4
pathology,psychometrics,4
pathology,scale (ratio),4
pathology,structural equation modeling,4
human–computer interaction,set (abstract data type),4
personalization,programming language,4
process (computing),world wide web,4
clinical psychology,digital literacy,4
pathology,physical therapy,4
pathology,psychotherapist,4
physical therapy,psychology,4
medical emergency,telemedicine,4
engineering ethics,generative grammar,4
epistemology,generative grammar,4
computer security,drone,4
genetics,world wide web,4
embedded system,paleontology,4
cloud computing,human–computer interaction,4
artificial intelligence,mathematics education,4
power (physics),structural equation modeling,4
psychometrics,statistics,4
reliability (semiconductor),statistics,4
reliability (semiconductor),structural equation modeling,4
scale (ratio),structural equation modeling,4
statistics,test (biology),4
descriptive statistics,pathology,4
operating system,parallel computing,4
nursing,programming language,4
operating system,patient safety,4
patient safety,programming language,4
systems engineering,task (project management),4
edge computing,embedded system,4
embedded system,enhanced data rates for gsm evolution,4
computer security,social science,4
context (archaeology),embedded system,4
archaeology,machine learning,4
geography,machine learning,4
epistemology,management science,4
mathematical analysis,pandemic,4
mental health,social science,4
psychiatry,social science,4
neuroscience,telecommunications,4
wearable technology,wireless,4
developmental psychology,engineering,4
popularity,transparency (behavior),4
mental health,quantum mechanics,4
engineering,task (project management),4
pedagogy,telehealth,4
deep learning,physics,4
paleontology,pure mathematics,4
economics,operations management,4
knowledge management,supply chain,4
disease,inequality,4
economic growth,inequality,4
economics,inequality,4
inequality,infectious disease (medical specialty),4
inequality,medicine,4
inequality,pathology,4
pathology,pure mathematics,4
process management,quality (philosophy),4
perception,world wide web,4
enhanced data rates for gsm evolution,internet of things,4
artificial intelligence,autism,4
computer security,enhanced data rates for gsm evolution,4
epistemology,process management,4
internal medicine,marketing,4
mathematical analysis,telecommunications,4
materials science,pathology,4
nanotechnology,pathology,4
mechanical engineering,programming language,4
biology,systems engineering,4
embedded system,scalability,4
coronavirus disease 2019 (covid-19),digital divide,4
coronavirus disease 2019 (covid-19),inequality,4
digital divide,disease,4
digital divide,infectious disease (medical specialty),4
digital divide,pandemic,4
information literacy,sociology,4
clinical psychology,machine learning,4
confirmatory factor analysis,pedagogy,4
intervention (counseling),world wide web,4
mhealth,public health,4
biology,health education,4
health education,health policy,4
health policy,knowledge management,4
chatbot,knowledge management,4
medicine,reading (process),4
political science,reading (process),4
history,human–computer interaction,4
field (mathematics),social science,4
pure mathematics,social science,4
data science,information and communications technology,4
best practice,health care,4
globe,law,4
globe,pathology,4
globe,political science,4
engineering,productivity,4
autism,computer science,4
developmental psychology,world wide web,4
programming language,software engineering,4
artificial intelligence,mhealth,4
biology,robot,4
economic growth,management,4
health care,management,4
biology,radiology,4
cloud computing,key (lock),4
computer security,interoperability,4
psychiatry,telemedicine,4
psychological intervention,telehealth,4
action (physics),computer science,4
aerospace engineering,mathematics,4
applied psychology,epistemology,4
cognition,world wide web,4
cloud computing,telecommunications,4
cognitive psychology,epistemology,4
cognitive psychology,philosophy,4
epistemology,management,4
family medicine,randomized controlled trial,4
internal medicine,randomized controlled trial,4
intervention (counseling),law,4
intervention (counseling),political science,4
law,reading (process),4
applications of artificial intelligence,social psychology,4
accountability,nursing,4
affect (linguistics),social psychology,4
artificial intelligence,equity (law),4
artificial intelligence,health records,4
big data,leverage (statistics),4
data mining,health records,4
health records,medicine,4
knowledge management,systems engineering,4
global health,medicine,4
applied psychology,internet privacy,4
chatbot,human–computer interaction,4
clinical decision support system,health informatics,4
clinical decision support system,operating system,4
data mining,set (abstract data type),4
public health,workforce,4
computer science,geology,4
electrical engineering,machine learning,4
cognition,health literacy,4
action (physics),psychology,4
applied psychology,communication,4
applied psychology,mediation,4
marketing,quality (philosophy),4
operating system,reliability engineering,4
linguistics,process (computing),4
engineering,set (abstract data type),4
natural language processing,world wide web,4
context (archaeology),quality (philosophy),4
health education,psychological intervention,4
medical education,power (physics),4
gerontology,mathematics,4
gerontology,statistics,4
mathematics,terminology,4
autonomy,public relations,4
artificial intelligence,terminology,4
communication,health literacy,4
computer network,software engineering,4
biology,demography,4
coronavirus disease 2019 (covid-19),vaccination,4
disease,vaccination,4
infectious disease (medical specialty),vaccination,4
neuroscience,social science,4
medical education,reliability (semiconductor),4
clinical psychology,nursing,4
clinical psychology,public health,4
encryption,internet privacy,4
encryption,world wide web,4
epistemology,health professionals,4
epistemology,mathematical analysis,4
machine learning,public relations,4
bioinformatics,internal medicine,4
health communication,health literacy,4
business,interoperability,4
health communication,social psychology,4
health literacy,mediation,4
interoperability,knowledge management,4
interoperability,law,4
interoperability,political science,4
mechanical engineering,philosophy,4
economic growth,healthcare service,4
economics,healthcare service,4
digital media,population,4
automation,process (computing),4
computer security,reinforcement learning,4
chemistry,coronavirus disease 2019 (covid-19),4
chemistry,infectious disease (medical specialty),4
data science,population,4
logistic regression,odds ratio,4
logistic regression,pathology,4
microbiology,pathology,4
inequality,psychology,4
decision tree,health care,4
decision tree,medicine,4
flexibility (engineering),knowledge management,4
mediation,social psychology,4
business,politics,4
economic growth,enhanced data rates for gsm evolution,4
economics,enhanced data rates for gsm evolution,4
coronavirus disease 2019 (covid-19),power (physics),4
disease,power (physics),4
marketing,nursing,4
infectious disease (medical specialty),power (physics),4
cyber-physical system,engineering,4
energy (signal processing),engineering,4
enhanced data rates for gsm evolution,health care,4
applied psychology,data science,4
computer science,media studies,4
library science,literacy,4
data science,enhanced data rates for gsm evolution,4
neuroscience,quantum mechanics,4
archaeology,library science,4
geography,library science,4
engineering,social media,4
global health,health care,4
global health,political science,4
digital health,usability,4
biology,healthcare system,4
healthcare system,philosophy,4
artificial intelligence,narrative,4
mechanical engineering,wearable computer,4
decision support system,health informatics,4
big data,scalability,4
artificial intelligence,metaverse,4
law,mental illness,4
mental illness,political science,4
mental illness,psychological intervention,4
alternative medicine,blockchain,4
artificial intelligence,flexibility (engineering),4
health care,mental health literacy,4
business,health policy,4
environmental health,health policy,4
cancer,pathology,4
literacy,mhealth,4
distributed computing,economic growth,4
distributed computing,economics,4
anxiety,computer science,4
blockchain,data sharing,4
health literacy,psycinfo,4
nursing,psycinfo,4
infectious disease (medical specialty),programming language,4
interpretability,psychological intervention,4
pandemic,programming language,4
intensive care medicine,psychology,4
internet privacy,process (computing),4
psychological intervention,social media,4
biology,cognitive psychology,4
deep learning,embedded system,4
algorithm,deep learning,4
deep learning,programming language,4
artificial intelligence,medical emergency,4
context (archaeology),set (abstract data type),4
artificial neural network,embedded system,4
business,industry 4.0,4
clinical psychology,psychotherapist,4
clinical psychology,world wide web,4
competence (human resources),medicine,4
information and communications technology,pathology,4
perception,philosophy,4
optics,political science,4
digital health,digital media,4
digital literacy,pandemic,4
analytics,law,4
developmental psychology,population,4
coronavirus disease 2019 (covid-19),programming language,4
disease,programming language,4
linguistics,psychotherapist,4
human–computer interaction,perspective (graphical),4
human–computer interaction,public relations,4
metaverse,political science,4
biology,function (biology),4
evolutionary biology,function (biology),4
pedagogy,perspective (graphical),4
machine learning,natural language processing,4
human–computer interaction,marketing,4
focus (optics),law,4
focus (optics),political science,4
knowledge management,optics,4
law,optics,4
business,mental health,4
artificial intelligence,distrust,4
computer science,distrust,4
data mining,the internet,4
field (mathematics),programming language,4
programming language,pure mathematics,4
political science,precision medicine,4
artificial intelligence,evolutionary biology,4
artificial intelligence,function (biology),4
operating system,psychological intervention,4
operating system,telemedicine,4
data science,relevance (law),4
health policy,literacy,4
economics,relevance (law),4
analytics,political science,4
authentication (law),computer network,4
authentication (law),encryption,4
economic growth,encryption,4
economics,encryption,4
philosophy,psychotherapist,4
psychology,virtual reality,4
accountability,trustworthiness,4
digital literacy,the internet,4
information literacy,the internet,4
nursing,politics,4
environmental health,statistics,4
population,statistics,4
health communication,philosophy,4
computer network,nursing,4
machine learning,psychological intervention,4
key (lock),wearable computer,4
key (lock),wearable technology,4
applied psychology,social media,4
law,precision medicine,4
medline,population,4
accountability,finance,4
finance,social psychology,4
finance,transparency (behavior),4
medicine,promotion (chess),4
environmental health,information literacy,4
geography,information literacy,4
information literacy,public relations,4
cloud computing,psychology,4
computer network,wearable computer,4
embedded system,wireless sensor network,4
database,social psychology,4
deep learning,domain (mathematical analysis),4
pandemic,preparedness,4
pathology,preparedness,4
digital health,health communication,4
empowerment,knowledge management,4
accounting,computer security,4
human–computer interaction,multimedia,4
developmental psychology,psychological intervention,4
empowerment,literacy,4
identification (biology),law,4
big data,precision medicine,4
machine learning,scopus,4
internet of things,psychology,4
psychology,systems engineering,4
engineering,medline,4
descriptive statistics,economic growth,4
descriptive statistics,economics,4
computer science,descriptive statistics,4
health care,preparedness,4
empowerment,pedagogy,4
pure mathematics,trustworthiness,4
economic growth,health information,4
economics,health information,4
infectious disease (medical specialty),preparedness,4
management science,medline,4
social science,telemedicine,4
china,pathology,4
dissemination,political science,4
dissemination,public relations,4
dissemination,social media,4
database,medline,4
database,systematic review,4
mathematical analysis,trustworthiness,4
coronavirus disease 2019 (covid-19),preparedness,4
disease,preparedness,4
curriculum,mathematics education,4
competence (human resources),knowledge management,4
accountability,data science,4
decision support system,mathematics,4
applications of artificial intelligence,scopus,4
botany,pathology,4
economic growth,mental illness,4
economics,mental illness,4
grey literature,systematic review,4
medline,workflow,4
domain (mathematical analysis),engineering,4
field (mathematics),trustworthiness,4
health policy,health promotion,4
digital media,public relations,4
digital media,social media,4
psychiatry,the internet,4
applied psychology,construct validity,4
cronbach's alpha,medical education,4
cinahl,world wide web,4
ecology,risk analysis (engineering),4
computer security,systems engineering,4
empowerment,nursing,4
cinahl,environmental health,4
computer security,environmental health,4
environmental health,misinformation,4
digital literacy,mathematics,4
systematic review,transparency (behavior),4
systematic review,workflow,4
applications of artificial intelligence,management science,4
applications of artificial intelligence,mechanical engineering,4
applications of artificial intelligence,physics,4
artificial intelligence,scale (ratio),4
engineering,qualitative research,4
nursing,thematic analysis,4
pedagogy,qualitative research,4
economic growth,social determinants of health,4
economics,social determinants of health,4
health literacy,inclusion (mineral),4
empowerment,the internet,4
economics,industry 4.0,4
data science,scale (ratio),4
ehealth,paleontology,4
linguistics,paleontology,4
applications of artificial intelligence,coronavirus disease 2019 (covid-19),4
applications of artificial intelligence,infectious disease (medical specialty),4
operating system,perspective (graphical),4
data science,medical emergency,4
economic growth,psycinfo,4
economics,psycinfo,4
computer network,context (archaeology),4
computer network,paleontology,4
archaeology,cross-sectional study,4
archaeology,outbreak,4
archaeology,virology,4
alternative medicine,linguistics,4
applications of artificial intelligence,business,4
digital health,social determinants of health,4
computer network,social psychology,4
business,computer network,4
government (linguistics),the internet,4
biology,ehealth,4
biology,mhealth,4
embedded system,the internet,4
the internet,wearable computer,4
the internet,wearable technology,4
digital transformation,medical education,4
digital transformation,pedagogy,4
digital transformation,psychology,4
linguistics,marketing,4
finance,government (linguistics),4
data science,health records,4
digital health,population health,4
misinformation,public health,4
internet privacy,neuroscience,4
deep learning,human–computer interaction,4
health informatics,usability,4
data science,digital transformation,4
data science,power (physics),4
mechanical engineering,variety (cybernetics),4
ehealth,health information,4
ehealth,health information national trends survey,4
environmental health,test (biology),4
nursing,test (biology),4
big data,philosophy,4
data science,government (linguistics),4
population,test (biology),4
interpretability,social psychology,4
interpretability,trustworthiness,4
engineering,optics,4
telecommunications,transparency (behavior),4
government (linguistics),telemedicine,4
domain (mathematical analysis),human–computer interaction,4
process (computing),risk analysis (engineering),4
big data,software engineering,4
misinformation,nursing,4
coronavirus disease 2019 (covid-19),telecommunications,4
psychotherapist,trustworthiness,4
mathematics,perspective (graphical),4
mathematics,popularity,4
environmental health,psychotherapist,4
health literacy,programming language,4
law,resource (disambiguation),4
pedagogy,programming language,4
digital revolution,political science,4
disease,telecommunications,4
linguistics,reliability (semiconductor),4
big data,process (computing),4
engineering,geometry,4
automation,business,4
business,dissemination,4
computer science,dissemination,4
infectious disease (medical specialty),telecommunications,4
knowledge management,pandemic,4
economics,politics,4
computer security,wireless network,4
software deployment,telecommunications,4
context (archaeology),quantum mechanics,4
materials science,robot,4
materials science,tactile sensor,4
software deployment,wireless,4
software deployment,wireless network,4
chatbot,natural language processing,4
mathematics,mechanical engineering,4
artificial intelligence,harm,4
computer security,industry 4.0,4
philosophy,power (physics),4
philosophy,reliability (semiconductor),4
checklist,health care,4
information seeking behavior,the internet,4
literacy,marketing,4
marketing,the internet,4
health care,natural (archaeology),4
history,law,4
history,political science,4
linguistics,power (physics),4
operating system,psychotherapist,4
distributed computing,embedded system,4
data science,politics,4
biology,interpretability,4
computer science,standardization,4
internet of things,software engineering,4
medical emergency,psychology,4
social psychology,systematic review,4
biology,qualitative research,4
environmental health,information seeking behavior,4
environmental health,marketing,4
computer security,geometry,4
data mining,medline,4
medicine,standardization,4
operating system,standardization,4
artificial intelligence,focus (optics),4
data science,focus (optics),4
data mining,scopus,4
law,personalized medicine,4
personalized medicine,political science,4
psychiatry,transformative learning,4
coronavirus disease 2019 (covid-19),finance,4
operating system,relevance (law),4
process (computing),social science,4
computer security,literacy,4
disease,finance,4
economic growth,government (linguistics),4
finance,infectious disease (medical specialty),4
psychotherapist,public relations,4
anxiety,economic growth,4
philosophy,psychological intervention,4
data science,optics,4
artificial intelligence,mental healthcare,4
pandemic,risk analysis (engineering),4
mathematics education,world wide web,4
literacy,misinformation,4
internal medicine,process (computing),4
mechanical engineering,perception,4
mechanical engineering,power (physics),4
economic growth,flexibility (engineering),4
flexibility (engineering),operating system,4
operating system,statistics,4
artificial neural network,computer security,4
biology,multimedia,4
digital literacy,multimedia,4
curriculum,workforce,4
literacy,workforce,4
medical education,workforce,4
biology,multidisciplinary approach,4
computer science,microbiology,4
law,microbiology,4
genetics,health care,4
competence (human resources),pedagogy,4
engineering,literacy,4
engineering ethics,literacy,4
engineering ethics,psychiatry,4
applied psychology,chatbot,4
ehealth,public relations,4
geography,linguistics,4
computer network,scalability,4
computer security,protocol (science),4
business,patient safety,4
digital literacy,philosophy,4
microbiology,political science,4
cloud computing,context (archaeology),4
cloud computing,paleontology,4
coronavirus disease 2019 (covid-19),information literacy,4
cinahl,context (archaeology),4
cinahl,digital literacy,4
cinahl,ehealth,4
autonomy,business,4
demography,gerontology,4
materials science,telecommunications,4
health literacy,logistic regression,4
electrical engineering,world wide web,4
corporate governance,public relations,4
chatbot,medical education,4
internet privacy,software deployment,4
disease,information literacy,4
infectious disease (medical specialty),information literacy,4
health care,robustness (evolution),4
machine learning,reliability engineering,4
interpersonal communication,law,4
alternative medicine,finance,4
alternative medicine,pedagogy,4
information literacy,information seeking,4
information literacy,library science,4
information literacy,pandemic,4
pandemic,statistics,4
domain (mathematical analysis),psychology,4
economics,reliability engineering,4
engineering,psychotherapist,4
gene,law,4
gene,political science,4
genetics,law,4
genetics,political science,4
chemistry,machine learning,4
best practice,computer science,4
curriculum,information literacy,4
digital health,mathematics education,4
knowledge management,safeguarding,4
artificial intelligence,operations management,4
marketing,robot,4
politics,social psychology,4
promotion (chess),psychology,4
engineering management,telecommunications,4
context (archaeology),telecommunications,4
autonomy,internet privacy,4
biology,transformative learning,4
medicine,variety (cybernetics),4
artificial intelligence,reliability engineering,4
biochemistry,mathematics,4
information and communications technology,telecommunications,4
alternative medicine,wearable computer,4
engineering,management,4
bioinformatics,environmental health,4
internet privacy,variety (cybernetics),4
2019-20 coronavirus outbreak,sociology,4
human–computer interaction,pedagogy,4
demography,immunology,4
disease,immunology,4
history,operating system,4
paleontology,telecommunications,4
software engineering,telecommunications,4
biology,medical diagnosis,4
mental health,population,4
medicine,structural engineering,4
environmental health,outbreak,4
gene,genetics,4
alternative medicine,embedded system,4
environmental health,virology,4
immunology,sociology,4
outbreak,sociology,4
economic growth,mental healthcare,4
economics,mental healthcare,4
decision support system,human–computer interaction,4
context (archaeology),internal medicine,4
human–computer interaction,nursing,4
human–computer interaction,perception,4
nursing,perception,4
computer science,thermodynamics,4
electronics,physics,4
artificial intelligence,usability,4
clinical decision support system,human–computer interaction,4
identification (biology),mathematics,4
identification (biology),physics,4
identification (biology),quantum mechanics,4
knowledge management,stakeholder,4
risk analysis (engineering),world wide web,4
machine learning,medical diagnosis,4
accountability,internet privacy,4
accountability,sociology,4
big data,confidentiality,4
immunology,law,4
immunology,political science,4
law,vaccination,4
political science,vaccination,4
transparency (behavior),workflow,4
law,psychometrics,4
botany,knowledge management,4
botany,mathematics,4
botany,physics,4
botany,quantum mechanics,4
economic growth,stakeholder,4
economics,stakeholder,4
political science,psychometrics,4
digital health,test (biology),4
law,patient safety,4
patient safety,political science,4
philosophy,software deployment,4
advertising,psychology,4
advertising,public relations,4
coronavirus disease 2019 (covid-19),ehealth,4
coronavirus disease 2019 (covid-19),socioeconomic status,4
marketing,population,4
paleontology,telemedicine,4
ehealth,sociology,4
gerontology,health promotion,4
biology,service (business),4
sociology,transparency (behavior),4
artificial intelligence,qualitative research,4
computer science,empirical research,4
economic growth,thematic analysis,4
economics,thematic analysis,4
empirical research,epistemology,4
empirical research,law,4
empirical research,philosophy,4
digitization,economic growth,4
digitization,economics,4
mediation,medicine,4
mediation,social science,4
mediation,sociology,4
digitization,knowledge management,4
disease,socioeconomic status,4
economic growth,socioeconomic status,4
economics,socioeconomic status,4
health informatics,philosophy,4
health informatics,transparency (behavior),4
knowledge management,patient safety,4
field (mathematics),pedagogy,4
data collection,sociology,4
ehealth,infectious disease (medical specialty),4
gerontology,medline,4
alternative medicine,digital health,4
alternative medicine,health literacy,4
health literacy,odds ratio,4
infectious disease (medical specialty),socioeconomic status,4
odds ratio,psychology,4
economic growth,gene,4
economic growth,emerging technologies,4
alternative medicine,social psychology,4
art,digital library,4
population,social science,4
digital transformation,operating system,4
medicine,support vector machine,4
business,confidentiality,4
finance,risk analysis (engineering),4
internal medicine,risk analysis (engineering),4
emerging technologies,medicine,4
pathology,socioeconomic status,4
pedagogy,socioeconomic status,4
geography,social media,4
equity (law),sociology,4
information and communications technology,telehealth,4
art,medline,4
art,pathology,4
cinahl,pathology,4
computer science,grey literature,4
documentation,law,4
documentation,political science,4
documentation,transparency (behavior),4
engineering,health informatics,4
engineering,patient safety,4
health care,robotics,4
artificial neural network,support vector machine,4
classifier (uml),machine learning,4
computer security,corporate governance,4
disadvantaged,health care,4
disadvantaged,law,4
disadvantaged,political science,4
information literacy,public health,4
information seeking,public health,4
biology,pharmacology,4
computational biology,gene,4
biochemistry,pathology,4
corporate governance,data quality,4
intensive care medicine,programming language,4
medicine,wireless,4
pathology,wireless,4
law,robotics,4
medicine,robotics,4
political science,robotics,4
computer science,liability,4
health care,liability,4
decision support system,software deployment,4
bioinformatics,drug,4
bioinformatics,pharmacology,4
biology,drug,4
digital health,scopus,4
digital library,knowledge management,4
digital library,law,4
digital library,literature,4
digital library,medicine,4
digital library,political science,4
information seeking behavior,nursing,4
information seeking behavior,public health,4
library science,public health,4
environmental health,health promotion,4
health education,health promotion,4
internet privacy,popularity,4
internal medicine,surgery,4
medline,randomized controlled trial,4
confidentiality,law,4
confidentiality,marketing,4
confidentiality,political science,4
corporate governance,data governance,4
computer science,population health,4
law,population health,4
psychological intervention,randomized controlled trial,4
clinical decision support system,transparency (behavior),4
political science,population health,4
pathology,service (business),4
pathology,transformative learning,4
law,service (business),4
health information national trends survey,world wide web,4
digital library,scopus,4
digital literacy,medline,4
grey literature,medical education,4
risk analysis (engineering),set (abstract data type),4
internet privacy,service (business),4
finance,world wide web,4
perspective (graphical),trustworthiness,4
perspective (graphical),world wide web,4
sociology,trustworthiness,4
trustworthiness,world wide web,4
quantum mechanics,wireless,4
equity (law),social determinants of health,4
medicine,social determinants of health,4
interpretability,quantum mechanics,4
environmental health,information seeking,4
environmental health,library science,4
health information,the internet,4
health information national trends survey,law,4
health information national trends survey,political science,4
health information national trends survey,the internet,4
data sharing,finance,4
social distance,social media,4
engineering ethics,world wide web,4
cyber-physical system,economics,4
paleontology,scopus,4
cross-sectional study,sociology,4
demography,environmental health,4
internal medicine,programming language,4
process (computing),variety (cybernetics),4
business,scopus,4
marketing,wearable computer,4
computer science,health information national trends survey,4
environmental health,health information national trends survey,4
cloud computing,knowledge management,4
coronavirus disease 2019 (covid-19),media studies,4
disease,media studies,4
government (linguistics),population,4
government (linguistics),social media,4
infectious disease (medical specialty),media studies,4
health literacy,scopus,4
inclusion (mineral),pedagogy,4
inclusion (mineral),scopus,4
knowledge management,wearable computer,4
demography,literacy,4
demography,pedagogy,4
computer science,medical physics,4
knowledge management,operations management,4
internal medicine,world wide web,4
chatbot,economic growth,4
computer security,perspective (graphical),4
engineering ethics,trustworthiness,4
media studies,medicine,4
media studies,pandemic,4
media studies,pathology,4
media studies,social media,4
business,identification (biology),4
embedded system,information and communications technology,4
economic growth,social distance,4
chatbot,philosophy,4
economics,social distance,4
health care,social distance,4
nursing,social distance,4
database,epistemology,4
database,mathematics,4
literature,medline,4
literature,pathology,4
epistemology,workflow,4
digital divide,population,4
biology,deep learning,4
computer science,drug,4
data science,social media,4
big data,trustworthiness,4
patient safety,psychology,4
engineering,order (exchange),4
physics,robot,4
mathematical analysis,social media,4
law,virtual reality,4
affect (linguistics),neuroscience,4
communication,engineering,4
communication,knowledge management,4
mechanical engineering,medical education,4
medical education,work (physics),4
mathematical analysis,population,4
epistemology,the internet,4
data governance,political science,4
psychological intervention,scopus,4
artificial intelligence,health professionals,4
computer security,health professionals,4
engineering,precision medicine,4
data quality,finance,4
cardiology,internal medicine,4
data mining,macroeconomics,4
cross-sectional study,world wide web,4
digital divide,nursing,4
digital divide,public health,4
biostatistics,psychology,4
cross-sectional study,health informatics,4
data quality,health care,4
data quality,law,4
data quality,marketing,4
data quality,political science,4
internet privacy,paleontology,4
mechanical engineering,paleontology,4
digital literacy,intervention (counseling),4
infectious disease (medical specialty),structural equation modeling,4
pandemic,structural equation modeling,4
biology,software deployment,4
botany,computer security,4
biostatistics,medical education,4
nursing,scale (ratio),4
economic growth,interoperability,4
economics,interoperability,4
context (archaeology),mechanical engineering,4
composite material,mechanical engineering,4
composite material,pressure sensor,4
disadvantaged,medicine,4
health informatics,public relations,4
data science,materials science,4
communication,digital health,4
equity (law),psychological intervention,4
geography,health equity,4
geography,mhealth,4
communication,epistemology,4
coronavirus disease 2019 (covid-19),structural equation modeling,4
disease,structural equation modeling,4
health care,operations management,4
context (archaeology),internet privacy,4
mental healthcare,psychotherapist,4
health care,randomized controlled trial,4
medline,physical therapy,4
physical therapy,psychological intervention,4
linguistics,programming language,4
big data,mechanical engineering,4
big data,nursing,4
economic growth,electrical engineering,4
applied psychology,cartography,4
cartography,health care,4
cartography,health literacy,4
neuroscience,psychotherapist,4
applied psychology,coronavirus disease 2019 (covid-19),4
applied psychology,infectious disease (medical specialty),4
artificial intelligence,generalizability theory,4
digital health,physical therapy,4
digital health,randomized controlled trial,4
economic growth,randomized controlled trial,4
cloud computing,software deployment,4
economic growth,popularity,4
economics,randomized controlled trial,4
ehealth,internal medicine,4
gerontology,the internet,4
economics,popularity,4
edge computing,the internet,4
digital health,epistemology,4
environmental health,telehealth,4
disease,social science,4
business,family medicine,4
environmental health,logistic regression,4
logistic regression,psychology,4
edge computing,world wide web,4
health care,popularity,4
corporate governance,marketing,4
data governance,finance,4
data governance,health care,4
data governance,law,4
data governance,marketing,4
economic growth,generalizability theory,4
economics,generalizability theory,4
embedded system,key (lock),4
art,machine learning,4
face (sociological concept),health care,4
systematic review,telemedicine,4
blockchain,embedded system,4
blockchain,engineering,4
law,multimedia,4
multimedia,political science,4
biochemistry,business,4
business,chemistry,4
business,gene,4
health communication,internet privacy,4
engineering,population,4
psychology,task (project management),4
big data,statistics,4
big data,telemedicine,4
computer security,data collection,4
architecture,artificial intelligence,4
health education,medical education,4
data science,medical diagnosis,4
law,medical diagnosis,4
artificial intelligence,documentation,3
information and communications technology,pandemic,3
infectious disease (medical specialty),information and communications technology,3
disease,information and communications technology,3
coronavirus disease 2019 (covid-19),information and communications technology,3
medical diagnosis,medline,3
computer security,medical diagnosis,3
artificial intelligence,digital library,3
medical diagnosis,scopus,3
data science,ehealth,3
scopus,transparency (behavior),3
coronavirus disease 2019 (covid-19),microbiology,3
economic growth,parallel computing,3
epistemology,human–computer interaction,3
blockchain,visual arts,3
health care,interface (matter),3
health care,maximum bubble pressure method,3
health care,parallel computing,3
data collection,the internet,3
data collection,world wide web,3
data mining,telemedicine,3
mathematics,telemedicine,3
china,outbreak,3
china,virology,3
epistemology,multimedia,3
face (sociological concept),law,3
face (sociological concept),political science,3
chemistry,philosophy,3
chemistry,sociology,3
cinahl,telemedicine,3
infectious disease (medical specialty),social science,3
family medicine,telehealth,3
coronavirus disease 2019 (covid-19),social science,3
generalizability theory,pathology,3
computer network,electrical engineering,3
multimedia,philosophy,3
multimedia,sociology,3
biochemistry,philosophy,3
business,health communication,3
health communication,misinformation,3
coronavirus disease 2019 (covid-19),logistic regression,3
cross-sectional study,logistic regression,3
disease,logistic regression,3
economic growth,logistic regression,3
economics,logistic regression,3
infectious disease (medical specialty),logistic regression,3
popularity,world wide web,3
psychology,software engineering,3
social psychology,software deployment,3
software engineering,world wide web,3
corporate governance,pathology,3
data governance,information privacy,3
data governance,medicine,3
confidentiality,data science,3
medline,set (abstract data type),3
scopus,set (abstract data type),3
communication,psychiatry,3
cartography,computer science,3
cartography,law,3
cartography,political science,3
perception,psychotherapist,3
applied psychology,pandemic,3
cartography,medical education,3
human–computer interaction,variety (cybernetics),3
family medicine,social science,3
health professionals,sociology,3
disease,physical therapy,3
family medicine,physical therapy,3
digital health,multimedia,3
digital media,epistemology,3
digital media,philosophy,3
digital health,meta-analysis,3
operations management,psychology,3
context (archaeology),information privacy,3
coronavirus disease 2019 (covid-19),psychometrics,3
disease,psychometrics,3
gerontology,socioeconomic status,3
gerontology,test (biology),3
infectious disease (medical specialty),psychometrics,3
human–computer interaction,mental healthcare,3
health literacy,randomized controlled trial,3
healthcare industry,medicine,3
healthcare industry,psychology,3
big data,key (lock),3
big data,public health,3
communication,internet privacy,3
communication,mental health,3
communication,pathology,3
environmental health,mhealth,3
environmental health,scale (ratio),3
communication,disease,3
construct validity,geography,3
coronavirus disease 2019 (covid-19),reliability (semiconductor),3
disease,reliability (semiconductor),3
infectious disease (medical specialty),reliability (semiconductor),3
construct validity,infectious disease (medical specialty),3
construct validity,law,3
construct validity,pathology,3
construct validity,political science,3
big data,public relations,3
big data,work (physics),3
biology,information privacy,3
biology,key (lock),3
computer security,work (physics),3
biostatistics,cross-sectional study,3
biostatistics,digital health,3
psychological intervention,scale (ratio),3
health literacy,qualitative research,3
literacy,qualitative research,3
biology,psychotherapist,3
environmental health,intervention (counseling),3
intervention (counseling),population,3
data mining,nursing,3
engineering ethics,health professionals,3
health professionals,transparency (behavior),3
process (computing),telecommunications,3
health equity,health informatics,3
construct validity,coronavirus disease 2019 (covid-19),3
construct validity,disease,3
data science,nanotechnology,3
industry 4.0,macroeconomics,3
industry 4.0,reliability engineering,3
macroeconomics,risk analysis (engineering),3
data quality,information privacy,3
data quality,medicine,3
electrical engineering,electronic skin,3
information privacy,paleontology,3
internet privacy,mechanical engineering,3
computer security,management,3
corporate governance,economics,3
electronic skin,engineering,3
flexibility (engineering),wearable technology,3
database,software engineering,3
archaeology,mathematics,3
developmental psychology,digital health,3
health communication,transformative learning,3
neuroscience,work (physics),3
environmental health,mathematical analysis,3
epistemology,quantum mechanics,3
nursing,trustworthiness,3
scopus,social psychology,3
scopus,world wide web,3
bioinformatics,engineering,3
engineering,health professionals,3
nursing,scopus,3
pedagogy,scopus,3
paleontology,psychotherapist,3
neuroscience,the internet,3
internal medicine,radiology,3
artificial intelligence,health communication,3
cross-sectional study,the internet,3
biostatistics,pedagogy,3
power (physics),risk analysis (engineering),3
quantum mechanics,trustworthiness,3
reliability (semiconductor),risk analysis (engineering),3
biology,data collection,3
data collection,law,3
data collection,nursing,3
data collection,pathology,3
data collection,political science,3
data collection,public health,3
machine learning,social media,3
law,metaverse,3
political science,protocol (science),3
affect (linguistics),engineering,3
affect (linguistics),knowledge management,3
communication,medical education,3
mechanical engineering,pedagogy,3
database,pure mathematics,3
field (mathematics),workflow,3
mathematics,workflow,3
pure mathematics,workflow,3
computer science,socioeconomic status,3
digital divide,socioeconomic status,3
information and communications technology,population,3
nursing,socioeconomic status,3
artificial intelligence,pharmacology,3
data science,drug,3
public health,telehealth,3
socioeconomic status,world wide web,3
electrical engineering,internet privacy,3
computer security,order (exchange),3
data science,order (exchange),3
physics,trustworthiness,3
health informatics,the internet,3
computer security,psychiatry,3
mathematics,social distance,3
public health,social distance,3
public health,test (biology),3
artificial intelligence,smart city,3
context (archaeology),popularity,3
knowledge management,popularity,3
paleontology,popularity,3
database,field (mathematics),3
data science,pharmacology,3
literacy,scopus,3
literature,psychology,3
literature,scopus,3
medical education,protocol (science),3
engineering,identification (biology),3
chatbot,linguistics,3
media studies,psychology,3
media studies,public relations,3
botany,psychology,3
botany,social psychology,3
business,neuroscience,3
business,perception,3
engineering,service (business),3
health promotion,knowledge management,3
paleontology,politics,3
biology,popularity,3
digital health,health professionals,3
health professionals,literacy,3
health professionals,pedagogy,3
family medicine,health informatics,3
family medicine,the internet,3
telemedicine,variety (cybernetics),3
information and communications technology,operating system,3
health care,literature,3
health care,protocol (science),3
inclusion (mineral),literacy,3
inclusion (mineral),pathology,3
knowledge management,literature,3
information and communications technology,wearable computer,3
internet privacy,media studies,3
psychology,safer,3
artificial intelligence,medical physics,3
biochemistry,engineering,3
biochemistry,knowledge management,3
chemistry,engineering,3
chemistry,knowledge management,3
engineering,gene,3
cyber-physical system,health care,3
cyber-physical system,human–computer interaction,3
cross-sectional study,demography,3
artificial intelligence,wireless network,3
deep learning,telecommunications,3
deep learning,wireless,3
artificial intelligence,cardiology,3
cardiology,computer science,3
communication,psychological intervention,3
health communication,psychological intervention,3
marketing,process (computing),3
knowledge management,wearable technology,3
digital health,library science,3
business,systematic review,3
cloud computing,variety (cybernetics),3
operating system,systematic review,3
knowledge management,microeconomics,3
knowledge management,visual arts,3
finance,perspective (graphical),3
health literacy,social determinants of health,3
nursing,social determinants of health,3
computer security,set (abstract data type),3
internet privacy,transformative learning,3
finance,pedagogy,3
health information,population,3
health information national trends survey,population,3
information privacy,knowledge management,3
information privacy,marketing,3
data sharing,information privacy,3
finance,information privacy,3
operations management,process management,3
cyber-physical system,economic growth,3
computer network,medical education,3
clinical decision support system,engineering,3
clinical decision support system,software deployment,3
decision support system,philosophy,3
randomized controlled trial,surgery,3
operating system,public health,3
operating system,workforce,3
population health,public health,3
biochemistry,biology,3
biochemistry,computational biology,3
grey literature,nursing,3
grey literature,psychological intervention,3
information seeking,population,3
library science,population,3
biology,social distance,3
randomized controlled trial,systematic review,3
liability,psychology,3
documentation,engineering,3
digital library,health care,3
digital library,inclusion (mineral),3
digital library,medical education,3
computer science,disadvantaged,3
clinical psychology,meta-analysis,3
clinical psychology,systematic review,3
law,surgery,3
meta-analysis,psychiatry,3
political science,surgery,3
psychiatry,systematic review,3
confidentiality,knowledge management,3
computer network,mechanical engineering,3
knowledge management,population health,3
nursing,population health,3
computer security,data quality,3
classifier (uml),support vector machine,3
logistic regression,population,3
medicine,random forest,3
disadvantaged,economic growth,3
disadvantaged,economics,3
disadvantaged,health literacy,3
disadvantaged,literacy,3
disadvantaged,world wide web,3
equity (law),information and communications technology,3
equity (law),pedagogy,3
computational biology,drug,3
artificial intelligence,physical therapy,3
embedded system,physical therapy,3
physical therapy,wearable computer,3
internet privacy,liability,3
cross-sectional study,social media,3
geography,information seeking,3
geography,information seeking behavior,3
equity (law),telehealth,3
health equity,information and communications technology,3
health equity,world wide web,3
health literacy,information and communications technology,3
art,scopus,3
art,social psychology,3
cinahl,scopus,3
digital divide,equity (law),3
digital divide,health equity,3
digital divide,telehealth,3
documentation,knowledge management,3
mathematics,neuroscience,3
computer security,data governance,3
internal medicine,physics,3
clinical decision support system,pathology,3
clinical decision support system,precision medicine,3
decision support system,pathology,3
decision support system,precision medicine,3
knowledge management,precision medicine,3
bridge (graph theory),risk analysis (engineering),3
embedded system,transparency (behavior),3
transparency (behavior),wearable computer,3
pandemic,socioeconomic status,3
socioeconomic status,telemedicine,3
archaeology,information seeking,3
archaeology,information seeking behavior,3
cross-sectional study,information seeking,3
cross-sectional study,information seeking behavior,3
cross-sectional study,library science,3
computational biology,pharmacology,3
drug,economic growth,3
drug,economics,3
drug,health care,3
drug,pathology,3
economic growth,pharmacology,3
alternative medicine,literacy,3
alternative medicine,medline,3
database,software deployment,3
digital health,software deployment,3
embedded system,risk analysis (engineering),3
generalizability theory,psychiatry,3
alternative medicine,encryption,3
data sharing,encryption,3
embedded system,encryption,3
finance,physics,3
encryption,medicine,3
encryption,pathology,3
encryption,wearable computer,3
software engineering,wearable computer,3
field (mathematics),pathology,3
data collection,social science,3
mathematics,qualitative research,3
public health,qualitative research,3
ehealth,pandemic,3
economics,pharmacology,3
gene,pathology,3
health care,pharmacology,3
health care,surgery,3
nursing,wearable computer,3
nursing,wearable technology,3
infectious disease (medical specialty),odds ratio,3
empirical research,quality (philosophy),3
bridge (graph theory),business,3
coronavirus disease 2019 (covid-19),service (business),3
disease,service (business),3
infectious disease (medical specialty),service (business),3
2019-20 coronavirus outbreak,internet privacy,3
context (archaeology),service (business),3
digital health,service (business),3
digitization,health care,3
digital health,socioeconomic status,3
disease,odds ratio,3
economic growth,odds ratio,3
economics,odds ratio,3
government (linguistics),transparency (behavior),3
health informatics,linguistics,3
health informatics,software deployment,3
confidentiality,transparency (behavior),3
patient safety,process management,3
marketing,transparency (behavior),3
advertising,pathology,3
internet privacy,outbreak,3
digital literacy,test (biology),3
coronavirus disease 2019 (covid-19),odds ratio,3
pathology,pharmacology,3
cross-sectional study,ehealth,3
paleontology,service (business),3
service (business),telemedicine,3
economics,mediation,3
embedded system,nursing,3
business,digitization,3
artificial intelligence,empirical research,3
empirical research,health care,3
interpretability,mathematical analysis,3
interpretability,philosophy,3
artificial intelligence,conversation,3
immunology,population,3
confirmatory factor analysis,medical education,3
botany,public relations,3
digital health,process management,3
digital health,stakeholder,3
geometry,knowledge management,3
medical education,structural equation modeling,3
advertising,coronavirus disease 2019 (covid-19),3
advertising,disease,3
advertising,infectious disease (medical specialty),3
advertising,pandemic,3
big data,data governance,3
big data,data quality,3
context (archaeology),precision medicine,3
data science,mechanism (biology),3
neuroscience,psychological intervention,3
epistemology,internal medicine,3
artificial intelligence,thermodynamics,3
clinical decision support system,pedagogy,3
identification (biology),knowledge management,3
nursing,usability,3
psychological intervention,usability,3
economic growth,mediation,3
electrical engineering,knowledge management,3
cloud computing,scalability,3
applications of artificial intelligence,nursing,3
internet privacy,virology,3
engineering management,risk analysis (engineering),3
analytics,pathology,3
health equity,pathology,3
health equity,psychiatry,3
archaeology,process (computing),3
black box,economics,3
black box,philosophy,3
data science,function (biology),3
domain (mathematical analysis),interpretability,3
process management,software engineering,3
electrical engineering,psychiatry,3
economic growth,natural (archaeology),3
database,pedagogy,3
distrust,health care,3
health care,promotion (chess),3
artificial intelligence,mechanism (biology),3
biology,mechanism (biology),3
context (archaeology),mechanism (biology),3
black box,economic growth,3
operating system,structural engineering,3
internal medicine,paleontology,3
internal medicine,precision medicine,3
mechanism (biology),medicine,3
mechanism (biology),paleontology,3
computational biology,genetics,3
evolutionary biology,medicine,3
environmental health,vaccination,3
government (linguistics),sociology,3
immunology,infectious disease (medical specialty),3
data science,usability,3
anthropology,medicine,3
coronavirus disease 2019 (covid-19),health equity,3
disease,health equity,3
health equity,infectious disease (medical specialty),3
political science,usability,3
alternative medicine,wearable technology,3
big data,variety (cybernetics),3
big data,wearable computer,3
business,management science,3
embedded system,variety (cybernetics),3
decision support system,pedagogy,3
coronavirus disease 2019 (covid-19),immunology,3
economics,natural (archaeology),3
context (archaeology),wireless,3
paleontology,wireless,3
software engineering,wireless,3
perspective (graphical),psychiatry,3
embedded system,engineering management,3
engineering,healthcare industry,3
black box,domain (mathematical analysis),3
promotion (chess),social psychology,3
biology,software engineering,3
engineering management,internet of things,3
healthcare industry,telecommunications,3
data science,management,3
history,medical education,3
variety (cybernetics),wearable computer,3
autonomy,economic growth,3
biochemistry,data science,3
biochemistry,mathematical analysis,3
biochemistry,psychotherapist,3
chemistry,data science,3
architecture,data science,3
health care,mobile device,3
law,usability,3
pedagogy,usability,3
applied psychology,the internet,3
mental health,trustworthiness,3
physics,psychological intervention,3
psychiatry,usability,3
chemistry,mathematical analysis,3
chemistry,psychotherapist,3
microeconomics,psychology,3
best practice,economics,3
best practice,engineering,3
best practice,knowledge management,3
best practice,management,3
context (archaeology),transformative learning,3
applied psychology,robot,3
architecture,biology,3
ecology,health care,3
ecology,knowledge management,3
machine learning,management,3
bridge (graph theory),machine learning,3
ecology,machine learning,3
computer science,promotion (chess),3
interpersonal communication,mental health,3
interpersonal communication,psychiatry,3
database,nursing,3
economic growth,productivity,3
knowledge management,productivity,3
nursing,workflow,3
mental health,perception,3
computer security,population,3
paleontology,transformative learning,3
psychology,safeguarding,3
gene,mathematics,3
data science,genetics,3
archaeology,linguistics,3
finance,nursing,3
generative grammar,public health,3
health informatics,process management,3
law,reliability engineering,3
law,robustness (evolution),3
machine learning,psychotherapist,3
mathematics,robustness (evolution),3
political science,reliability engineering,3
political science,robustness (evolution),3
psychology,robustness (evolution),3
chatbot,engineering,3
economics,transformer,3
economics,voltage,3
corporate governance,nursing,3
autonomy,pedagogy,3
smart city,wireless sensor network,3
leverage (statistics),world wide web,3
artificial intelligence,clinical psychology,3
clinical psychology,politics,3
interpretability,power (physics),3
interpretability,reliability (semiconductor),3
physics,software deployment,3
digital health,neuroscience,3
algorithm,world wide web,3
artificial intelligence,microeconomics,3
distrust,psychology,3
distrust,psychotherapist,3
neuroscience,public relations,3
psychiatry,software deployment,3
artificial intelligence,authentication (law),3
archaeology,ehealth,3
anthropology,knowledge management,3
ehealth,geography,3
ehealth,linguistics,3
artificial intelligence,safer,3
authentication (law),biology,3
multidisciplinary approach,risk analysis (engineering),3
inclusion (mineral),public relations,3
business,safer,3
patient safety,risk analysis (engineering),3
perspective (graphical),risk analysis (engineering),3
nursing,process management,3
psychiatry,scopus,3
composite material,telecommunications,3
composite material,wireless,3
computer network,smart city,3
computer security,wireless sensor network,3
perception,power (physics),3
perception,quantum mechanics,3
competence (human resources),engineering,3
competence (human resources),engineering ethics,3
competence (human resources),literacy,3
competence (human resources),psychiatry,3
applied psychology,politics,3
cardiology,intensive care medicine,3
health care,pregnancy,3
ehealth,philosophy,3
medical education,pregnancy,3
alternative medicine,scalability,3
computer network,protocol (science),3
medicine,scalability,3
pregnancy,psychology,3
anthropology,business,3
digital health,misinformation,3
knowledge management,misinformation,3
medical education,misinformation,3
process (computing),work (physics),3
perception,physics,3
big data,flexibility (engineering),3
health care,terminology,3
psychiatry,set (abstract data type),3
pathology,scalability,3
artificial intelligence,multidisciplinary approach,3
artificial intelligence,server,3
family medicine,mhealth,3
genetics,medical education,3
power (physics),transparency (behavior),3
reliability (semiconductor),transparency (behavior),3
biology,narrative,3
literacy,perception,3
pedagogy,perception,3
perception,psychiatry,3
digital health,information seeking behavior,3
finance,pandemic,3
government (linguistics),quality (philosophy),3
medicine,terminology,3
economic growth,focus (optics),3
economic growth,optics,3
economics,focus (optics),3
economics,optics,3
server,world wide web,3
chatbot,internet privacy,3
marketing,risk analysis (engineering),3
anxiety,clinical psychology,3
internal medicine,odds ratio,3
information seeking behavior,literacy,3
digital health,global health,3
aerospace engineering,data science,3
aerospace engineering,field (mathematics),3
aerospace engineering,pure mathematics,3
mathematics,medline,3
blockchain,marketing,3
blockchain,philosophy,3
blockchain,process management,3
blockchain,risk analysis (engineering),3
medical diagnosis,psychiatry,3
mental health,transformative learning,3
artificial neural network,field (mathematics),3
artificial neural network,pure mathematics,3
convolutional neural network,data science,3
process (computing),relevance (law),3
human–computer interaction,reliability (semiconductor),3
computer security,supply chain,3
cyber-physical system,embedded system,3
ehealth,telehealth,3
big data,politics,3
field (mathematics),process (computing),3
knowledge management,politics,3
mathematics,politics,3
operating system,politics,3
process (computing),pure mathematics,3
big data,medline,3
big data,scopus,3
finance,population,3
artificial intelligence,wireless sensor network,3
mathematics,medical emergency,3
ehealth,social media,3
chemistry,trustworthiness,3
key (lock),software deployment,3
operating system,wireless network,3
context (archaeology),scale (ratio),3
coronavirus disease 2019 (covid-19),scale (ratio),3
disease,scale (ratio),3
infectious disease (medical specialty),scale (ratio),3
pandemic,scale (ratio),3
psychiatry,scale (ratio),3
business,cyber-physical system,3
business,psychotherapist,3
data mining,psychological intervention,3
checklist,political science,3
information seeking behavior,social media,3
process (computing),psychiatry,3
human–computer interaction,power (physics),3
mathematical analysis,quantum mechanics,3
natural (archaeology),psychology,3
big data,psychological intervention,3
bioinformatics,risk analysis (engineering),3
data mining,process (computing),3
automation,economics,3
automation,knowledge management,3
dissemination,health care,3
finance,mechanical engineering,3
pandemic,telecommunications,3
economic growth,politics,3
machine learning,perspective (graphical),3
computer network,literacy,3
computer network,pedagogy,3
biochemistry,trustworthiness,3
chemistry,social psychology,3
2019-20 coronavirus outbreak,public health,3
medline,severe acute respiratory syndrome coronavirus 2 (sars-cov-2),3
public health,severe acute respiratory syndrome coronavirus 2 (sars-cov-2),3
domain (mathematical analysis),linguistics,3
domain (mathematical analysis),physics,3
big data,software deployment,3
data mining,software engineering,3
disease,process (computing),3
machine learning,trustworthiness,3
harm,knowledge management,3
internet privacy,psychotherapist,3
perspective (graphical),social psychology,3
popularity,pure mathematics,3
digital revolution,law,3
digital revolution,medicine,3
mathematical analysis,physics,3
black box,law,3
black box,political science,3
programming language,psychotherapist,3
field (mathematics),interpretability,3
interpretability,pure mathematics,3
field (mathematics),popularity,3
generative grammar,mathematics,3
disease,value (mathematics),3
healthcare system,public relations,3
analytics,philosophy,3
analytics,the internet,3
analytics,world wide web,3
perception,telecommunications,3
philosophy,telecommunications,3
human–computer interaction,mechanical engineering,3
software deployment,variety (cybernetics),3
internet privacy,perception,3
neuroscience,trustworthiness,3
perception,trustworthiness,3
automation,philosophy,3
deep learning,software engineering,3
ehealth,information literacy,3
information literacy,psychological intervention,3
healthcare system,world wide web,3
data science,reliability (semiconductor),3
health literacy,population health,3
population health,psychology,3
computer science,globe,3
empathy,sociology,3
mathematical analysis,social science,3
anxiety,psychological intervention,3
healthcare system,risk analysis (engineering),3
digital health,engineering ethics,3
digital literacy,mhealth,3
digital transformation,nursing,3
art,coronavirus disease 2019 (covid-19),3
management,political science,3
management,psychology,3
management,social psychology,3
resource (disambiguation),social psychology,3
2019-20 coronavirus outbreak,archaeology,3
finance,operating system,3
pathology,software deployment,3
audit,data science,3
data mining,scalability,3
business,social determinants of health,3
economic growth,population health,3
economics,population health,3
context (archaeology),cross-sectional study,3
digital literacy,engineering,3
corporate governance,government (linguistics),3
corporate governance,linguistics,3
corporate governance,philosophy,3
2019-20 coronavirus outbreak,family medicine,3
2019-20 coronavirus outbreak,geography,3
economics,expectancy theory,3
expectancy theory,knowledge management,3
biology,resource (disambiguation),3
business,resource (disambiguation),3
government (linguistics),marketing,3
physics,variety (cybernetics),3
quantum mechanics,variety (cybernetics),3
variety (cybernetics),work (physics),3
curriculum,public relations,3
art,disease,3
art,infectious disease (medical specialty),3
coronavirus disease 2019 (covid-19),literature,3
engineering ethics,mechanical engineering,3
engineering ethics,variety (cybernetics),3
engineering ethics,work (physics),3
mhealth,paleontology,3
mhealth,philosophy,3
curriculum,sociology,3
disease,literature,3
infectious disease (medical specialty),literature,3
computer security,digitization,3
data science,triage,3
medical emergency,medline,3
archaeology,family medicine,3
autonomy,biology,3
descriptive statistics,world wide web,3
ehealth,operating system,3
engineering,thematic analysis,3
information seeking,psychological intervention,3
library science,psychological intervention,3
nursing,resource (disambiguation),3
big data,digital transformation,3
context (archaeology),family medicine,3
context (archaeology),severe acute respiratory syndrome coronavirus 2 (sars-cov-2),3
inclusion (mineral),world wide web,3
geography,social psychology,3
data science,industry 4.0,3
engineering management,world wide web,3
industry 4.0,internet of things,3
industry 4.0,mechanical engineering,3
information and communications technology,internet of things,3
archaeology,social psychology,3
ecology,engineering,3
digital literacy,scale (ratio),3
ehealth,health informatics,3
information and communications technology,work (physics),3
usability,world wide web,3
information and communications technology,mechanical engineering,3
engineering,smart city,3
communication,programming language,3
family medicine,severe acute respiratory syndrome coronavirus 2 (sars-cov-2),3
geography,outbreak,3
geography,virology,3
cinahl,population,3
cinahl,social psychology,3
gerontology,telemedicine,3
applications of artificial intelligence,pandemic,3
smart city,telecommunications,3
grey literature,paleontology,3
grey literature,programming language,3
medical education,transparency (behavior),3
domain (mathematical analysis),trustworthiness,3
pedagogy,thematic analysis,3
programming language,workflow,3
politics,public relations,3
digital media,public health,3
psychotherapist,social science,3
psychotherapist,sociology,3
applied psychology,public health,3
construct validity,digital health,3
cronbach's alpha,digital health,3
digital health,psychometrics,3
nursing,risk analysis (engineering),3
family medicine,quantum mechanics,3
physics,telemedicine,3
accountability,big data,3
artificial intelligence,energy (signal processing),3
applications of artificial intelligence,interpretability,3
ecology,sociology,3
management science,pedagogy,3
biology,cognition,3
biology,mathematics education,3
china,internal medicine,3
pathology,quality (philosophy),3
artificial intelligence,mental illness,3
computer science,mental illness,3
mental illness,nursing,3
work (physics),world wide web,3
modalities,psychology,3
dissemination,public health,3
database,programming language,3
checklist,economic growth,3
checklist,economics,3
computer security,social media,3
curriculum,mathematics,3
curriculum,world wide web,3
mathematics education,paleontology,3
alternative medicine,data mining,3
data mining,data sharing,3
data sharing,world wide web,3
competence (human resources),digital literacy,3
digital literacy,social science,3
knowledge management,multidisciplinary approach,3
construct validity,structural equation modeling,3
family medicine,physics,3
software engineering,trustworthiness,3
health information,internet privacy,3
context (archaeology),grey literature,3
economic growth,virology,3
multidisciplinary approach,pedagogy,3
engineering,systematic review,3
guideline,political science,3
management science,systematic review,3
economics,outbreak,3
economics,severe acute respiratory syndrome coronavirus 2 (sars-cov-2),3
economics,virology,3
health informatics,sociology,3
biostatistics,law,3
biostatistics,political science,3
confirmatory factor analysis,construct validity,3
construct validity,mathematics,3
data science,developmental psychology,3
data mining,precision medicine,3
wearable computer,wireless sensor network,3
machine learning,systematic review,3
archaeology,health equity,3
applications of artificial intelligence,domain (mathematical analysis),3
applications of artificial intelligence,mathematical analysis,3
disease,gene,3
economic growth,outbreak,3
accountability,mathematics,3
applications of artificial intelligence,digital health,3
economic growth,severe acute respiratory syndrome coronavirus 2 (sars-cov-2),3
empowerment,public relations,3
health communication,knowledge management,3
biology,grey literature,3
software deployment,trustworthiness,3
health promotion,promotion (chess),3
context (archaeology),health equity,3
information literacy,population,3
2019-20 coronavirus outbreak,economic growth,3
2019-20 coronavirus outbreak,economics,3
biochemistry,disease,3
deep learning,precision medicine,3
deep learning,transparency (behavior),3
digital health,mathematical analysis,3
data mining,domain (mathematical analysis),3
embedded system,optics,3
digital transformation,telemedicine,3
accounting,data science,3
computer security,multimedia,3
embedded system,multimedia,3
multimedia,wearable computer,3
management science,psychological intervention,3
medline,public health,3
key (lock),physics,3
optics,wearable computer,3
optics,wearable technology,3
context (archaeology),domain (mathematical analysis),3
context (archaeology),field (mathematics),3
context (archaeology),mathematical analysis,3
context (archaeology),pure mathematics,3
data science,psycinfo,3
paleontology,psycinfo,3
domain (mathematical analysis),medicine,3
social psychology,workflow,3
health promotion,politics,3
accounting,transparency (behavior),3
corporate governance,social psychology,3
linguistics,risk analysis (engineering),3
risk analysis (engineering),software engineering,3
applied psychology,sociology,3
environmental health,social science,3
nursing,promotion (chess),3
politics,public health,3
promotion (chess),public health,3
health education,population,3
health information,mathematics,3
communication,public relations,3
epistemology,public health,3
biology,psycinfo,3
context (archaeology),psycinfo,3
data science,health equity,3
interpretability,pathology,3
management science,psychiatry,3
field (mathematics),paleontology,3
dissemination,law,3
dissemination,world wide web,3
key (lock),machine learning,3
artificial intelligence,digital revolution,3
data mining,natural language processing,3
data science,natural language processing,3
economic growth,relevance (law),3
economics,natural language processing,3
analytics,machine learning,3
public health,quality (philosophy),3
authentication (law),blockchain,3
authentication (law),cryptography,3
blockchain,cryptography,3
blockchain,telecommunications,3
government (linguistics),risk analysis (engineering),3
natural language processing,philosophy,3
focus (optics),knowledge management,3
focus (optics),medicine,3
big data,botany,3
big data,identification (biology),3
convolutional neural network,medicine,3
data science,radiology,3
data science,service (business),3
psychotherapist,virtual reality,3
distrust,knowledge management,3
distrust,law,3
distrust,political science,3
accountability,accounting,3
artificial intelligence,single point of failure,3
healthcare system,mathematics,3
reliability (semiconductor),telecommunications,3
management science,process management,3
medline,narrative,3
medline,neuroscience,3
narrative,pathology,3
pathology,perception,3
developmental psychology,environmental health,3
economics,single point of failure,3
health care,single point of failure,3
medicine,relevance (law),3
linguistics,psychiatry,3
macroeconomics,mental health,3
mental health,virtual reality,3
depression (economics),mental health,3
evolutionary biology,philosophy,3
gerontology,intervention (counseling),3
linguistics,natural language processing,3
cloud computing,deep learning,3
economic growth,mechanism (biology),3
economics,mechanism (biology),3
health professionals,paleontology,3
mechanism (biology),psychology,3
paleontology,set (abstract data type),3
big data,clinical decision support system,3
big data,decision support system,3
clinical decision support system,machine learning,3
artificial intelligence,augmented reality,3
applications of artificial intelligence,database,3
engineering,scalability,3
management science,process (computing),3
politics,psychotherapist,3
analytics,cloud computing,3
economic growth,single point of failure,3
algorithm,software engineering,3
cognitive psychology,context (archaeology),3
cognitive psychology,knowledge management,3
function (biology),programming language,3
programming language,quality (philosophy),3
computer security,medical emergency,3
cognitive psychology,paleontology,3
cognitive psychology,programming language,3
cognitive psychology,set (abstract data type),3
context (archaeology),health professionals,3
analytics,disease,3
analytics,internet of things,3
applications of artificial intelligence,linguistics,3
applications of artificial intelligence,mental health,3
applications of artificial intelligence,psychiatry,3
computer science,depression (economics),3
interpretability,nursing,3
decision support system,psychological intervention,3
digital health,process (computing),3
intensive care medicine,philosophy,3
internal medicine,medical diagnosis,3
linguistics,medline,3
linguistics,neuroscience,3
linguistics,perception,3
digital media,psychiatry,3
physics,process (computing),3
process (computing),public relations,3
deep learning,disease,3
deep learning,internet of things,3
disease,internet of things,3
environmental science,political science,3
algorithm,software deployment,3
computer science,pressure sensor,3
electrical engineering,mechanical engineering,3
electronics,medicine,3
electronics,operating system,3
internal medicine,statistics,3
mathematics,random forest,3
health literacy,mental health literacy,3
health literacy,mental illness,3
data sharing,database,3
database,distributed computing,3
distributed computing,medicine,3
anxiety,depression (economics),3
anxiety,macroeconomics,3
biology,data sharing,3
medical education,psycinfo,3
pedagogy,psycinfo,3
decision support system,interpretability,3
coronavirus disease 2019 (covid-19),robot,3
alternative medicine,the internet,3
database,the internet,3
economic growth,global health,3
economics,global health,3
computer network,data sharing,3
law,mental health literacy,3
mental health literacy,political science,3
mental health literacy,psychological intervention,3
process (computing),quantum mechanics,3
public relations,variety (cybernetics),3
breast cancer,political science,3
cancer,intensive care medicine,3
cancer,law,3
cancer,political science,3
infectious disease (medical specialty),robot,3
pandemic,robot,3
electrical engineering,energy (signal processing),3
applied psychology,internal medicine,3
library science,sociology,3
key (lock),mathematics,3
global health,law,3
epistemology,healthcare system,3
quality (philosophy),the internet,3
public health,quantum mechanics,3
artificial intelligence,breast cancer,3
embedded system,pressure sensor,3
mechanical engineering,wearable technology,3
pressure sensor,wearable computer,3
breast cancer,computer science,3
breast cancer,law,3
political science,standardization,3
psychology,social determinants of health,3
computer science,logistic regression,3
data science,flexibility (engineering),3
machine learning,mediation,3
machine learning,neuroscience,3
mediation,pedagogy,3
mediation,structural equation modeling,3
flexibility (engineering),political science,3
chemistry,pandemic,3
chemistry,physics,3
generative grammar,marketing,3
generative grammar,physics,3
nursing,power (physics),3
pandemic,power (physics),3
physics,public health,3
information privacy,scalability,3
digital health,qualitative research,3
digital health,thematic analysis,3
preparedness,public relations,3
business,domain (mathematical analysis),3
business,health professionals,3
business,healthcare service,3
flexibility (engineering),programming language,3
law,logistic regression,3
logistic regression,nursing,3
logistic regression,political science,3
mathematics,set (abstract data type),3
nursing,odds ratio,3
odds ratio,pathology,3
health care,standardization,3
law,standardization,3
digital literacy,structural equation modeling,3
health communication,physics,3
pathology,politics,3
programming language,statistics,3
archaeology,mhealth,3
health literacy,neuroscience,3
literacy,mediation,3
operating system,value (mathematics),3
public relations,value (mathematics),3
social psychology,value (mathematics),3
accountability,programming language,3
modalities,world wide web,3
physics,programming language,3
programming language,quantum mechanics,3
database,information privacy,3
database,internet privacy,3
perception,social science,3
perception,sociology,3
economic growth,health education,3
economic growth,health information national trends survey,3
economic growth,macroeconomics,3
economics,health education,3
economics,health information national trends survey,3
gerontology,health education,3
affect (linguistics),artificial intelligence,3
affect (linguistics),law,3
affect (linguistics),political science,3
interoperability,telemedicine,3
process management,world wide web,3
blockchain,law,3
blockchain,political science,3
digital literacy,quantum mechanics,3
machine learning,reinforcement learning,3
traceability,transparency (behavior),3
biology,telehealth,3
knowledge management,telehealth,3
healthcare service,law,3
healthcare service,marketing,3
healthcare service,political science,3
internet privacy,quality (philosophy),3
social science,the internet,3
biology,severe acute respiratory syndrome coronavirus 2 (sars-cov-2),3
demography,virology,3
digital literacy,machine learning,3
digital literacy,physics,3
telehealth,the internet,3
neuroscience,qualitative research,3
perception,qualitative research,3
systematic review,wearable computer,3
systematic review,wearable technology,3
database,engineering ethics,3
engineering ethics,workflow,3
cognition,psychological intervention,3
internal medicine,vaccination,3
pandemic,vaccination,3
severe acute respiratory syndrome coronavirus 2 (sars-cov-2),sociology,3
communication,machine learning,3
communication,physics,3
economics,robot,3
environmental health,epistemology,3
diabetes mellitus,internal medicine,3
diabetes mellitus,machine learning,3
endocrinology,internal medicine,3
endocrinology,machine learning,3
business,qualitative research,3
applications of artificial intelligence,perception,3
empirical research,medicine,3
government (linguistics),process (computing),3
physics,triboelectric effect,3
health care,macroeconomics,3
health information,public health,3
paleontology,quality (philosophy),3
diabetes mellitus,intensive care medicine,3
environmental health,quality (philosophy),3
epistemology,population,3
linguistics,statistics,3
philosophy,statistics,3
population,quality (philosophy),3
medline,wearable computer,3
medline,wearable technology,3
generative grammar,public relations,3
macroeconomics,medicine,3
public health,transformative learning,3
geography,human–computer interaction,3
big data,set (abstract data type),3
business,liability,3
clinical decision support system,interpretability,3
clinical decision support system,psychological intervention,3
electrical engineering,systems engineering,3
psychiatry,quality (philosophy),3
cognition,developmental psychology,3
mathematics,service (business),3
family medicine,intervention (counseling),3
embedded system,medline,3
embedded system,systematic review,3
distributed computing,engineering,3
blockchain,software deployment,3
analytics,ecology,3
analytics,sustainability,3
biology,government (linguistics),3
data mining,leverage (statistics),3
engineering,leverage (statistics),3
business,smart city,3
data science,smart city,3
data science,sustainability,3
operating system,smart city,3
computer science,surgery,3
global health,nursing,3
global health,public health,3
endocrinology,intensive care medicine,3
environmental health,intensive care medicine,3
intensive care medicine,population,3
digital media,social psychology,3
epistemology,health literacy,3
epistemology,neuroscience,3
decision tree,economic growth,3
decision tree,economics,3
decision tree,intensive care medicine,3
management,quality (philosophy),3
management,task (project management),3
leverage (statistics),public relations,3
big data,social psychology,3
data mining,social psychology,3
accountability,safeguarding,3
engineering ethics,software engineering,3
affect (linguistics),health literacy,3
conceptual framework,medicine,3
context (archaeology),health communication,3
internet of things,power (physics),3
cloud computing,cyber-physical system,3
management,mathematics,3
mathematical analysis,programming language,3
anxiety,health literacy,3
anxiety,public health,3
composite material,medicine,3
economic growth,materials science,3
economics,materials science,3
health care,materials science,3
health informatics,psychiatry,3
computer security,mobile device,3
mobile device,operating system,3
electrical engineering,optics,3
electronic skin,physics,3
digital media,economics,3
programming language,software deployment,3
bubble,neuroscience,3
bubble,process (computing),3
nursing,preparedness,3
data science,terminology,3
alternative medicine,coronavirus disease 2019 (covid-19),3
alternative medicine,disease,3
alternative medicine,infectious disease (medical specialty),3
health professionals,nursing,3
multimedia,telemedicine,3
empathy,law,3
empathy,nursing,3
empathy,political science,3
interpretability,psychiatry,3
action (physics),political science,3
digital media,economic growth,3
population,virology,3
artificial intelligence,productivity,3
mechanical engineering,productivity,3
mechanical engineering,statistics,3
ehealth,health education,3
autism,psychological intervention,3
autism spectrum disorder,computer science,3
artificial neural network,big data,3
artificial neural network,wearable computer,3
deep learning,wearable computer,3
biology,chatbot,3
biology,developmental psychology,3
chatbot,paleontology,3
family medicine,paleontology,3
electronics,telecommunications,3
materials science,optics,3
health literacy,usability,3
autism spectrum disorder,psychological intervention,3
biology,information literacy,3
health education,paleontology,3
chatbot,conversation,3
applications of artificial intelligence,pedagogy,3
conversation,world wide web,3
history,world wide web,3
disease,radiology,3
epistemology,telemedicine,3
data mining,epistemology,3
operating system,sustainability,3
risk analysis (engineering),social science,3
artificial intelligence,best practice,3
2019-20 coronavirus outbreak,population,3
outbreak,population,3
human–computer interaction,key (lock),3
database,wearable computer,3
embedded system,neuroscience,3
embedded system,robot,3
applied psychology,gerontology,3
clinical psychology,human–computer interaction,3
health policy,pedagogy,3
health policy,psychology,3
information literacy,knowledge management,3
information literacy,paleontology,3
biology,productivity,3
clinical psychology,usability,3
computer science,confirmatory factor analysis,3
confirmatory factor analysis,literacy,3
confirmatory factor analysis,machine learning,3
health literacy,human–computer interaction,3
authentication (law),internet privacy,3
digital literacy,telehealth,3
disease,embedded system,3
domain (mathematical analysis),telecommunications,3
emerging technologies,telecommunications,3
economic growth,resource (disambiguation),3
mathematical analysis,risk analysis (engineering),3
coronavirus disease 2019 (covid-19),developmental psychology,3
developmental psychology,disease,3
developmental psychology,infectious disease (medical specialty),3
chemistry,psychiatry,3
artificial intelligence,empathy,3
biochemistry,psychiatry,3
chemistry,pedagogy,3
alternative medicine,materials science,3
alternative medicine,nanotechnology,3
maximum bubble pressure method,process (computing),3
biology,supply chain,3
economic growth,operations management,3
economics,supply chain,3
marketing,operations management,3
operating system,supply chain,3
inequality,pandemic,3
artificial intelligence,mobile device,3
artificial neural network,world wide web,3
artificial intelligence,autism spectrum disorder,3
artificial neural network,economic growth,3
artificial neural network,economics,3
artificial neural network,health care,3
artificial neural network,mathematical analysis,3
mobile device,world wide web,3
artificial intelligence,encryption,3
composite material,wearable technology,3
computer science,electronic skin,3
gerontology,psychotherapist,3
coronavirus disease 2019 (covid-19),pure mathematics,3
demography,mathematics,3
disease,pure mathematics,3
geography,internet privacy,3
geography,telemedicine,3
black box,deep learning,3
deep learning,quantum mechanics,3
machine learning,mental health,3
infectious disease (medical specialty),pure mathematics,3
literacy,test (biology),3
medical education,pure mathematics,3
pandemic,pure mathematics,3
maximum bubble pressure method,neuroscience,3
psychiatry,statistics,3
social science,statistics,3
human–computer interaction,scalability,3
human–computer interaction,tactile sensor,3
interface (matter),neuroscience,3
interface (matter),process (computing),3
clinical psychology,sociology,3
descriptive statistics,literacy,3
maximum bubble pressure method,psychology,3
parallel computing,psychology,3
psychology,telecommunications,3
psychotherapist,public health,3
health care,radiology,3
health care,task (project management),3
composite material,embedded system,3
composite material,wearable computer,3
generative grammar,operating system,3
generative grammar,programming language,3
coronavirus disease 2019 (covid-19),mechanical engineering,3
applied psychology,service (business),3
process (computing),systems engineering,3
edge computing,human–computer interaction,3
enhanced data rates for gsm evolution,human–computer interaction,3
digital literacy,marketing,3
metaverse,psychology,3
bubble,psychology,3
interface (matter),psychology,3
inequality,population,3
inequality,the internet,3
mathematical analysis,the internet,3
social distance,sociology,3
mathematics,mental health,3
economics,multidisciplinary approach,3
human–computer interaction,social science,3
paleontology,wearable computer,3
medical education,multimedia,3
computer science,immunology,3
scale (ratio),statistics,3
harm,philosophy,3
management science,social psychology,3
neuroscience,parallel computing,3
neuroscience,process (computing),3
neuroscience,robot,3
neuroscience,wearable computer,3
parallel computing,process (computing),3
automation,world wide web,3
nursing,software deployment,3
patient safety,software deployment,3
physical therapy,physics,3
disease,mechanical engineering,3
infectious disease (medical specialty),mechanical engineering,3
engineering,the internet,3
programming language,the internet,3
philosophy,structural equation modeling,3
biology,confidentiality,3
confidentiality,world wide web,3
drone,world wide web,3
genetics,operating system,3
biology,diabetes mellitus,3
biology,endocrinology,3
diabetes mellitus,disease,3
disease,endocrinology,3
disease,genetics,3
context (archaeology),wearable computer,3
geography,statistics,3
geography,structural equation modeling,3
set (abstract data type),world wide web,3
data science,robot,3
mathematics,scale (ratio),3
genetics,pathology,3
biology,leverage (statistics),3
process (computing),set (abstract data type),3
generative grammar,perspective (graphical),3
management science,perspective (graphical),3
cross-sectional study,physics,3
cross-sectional study,quantum mechanics,3
gerontology,physical therapy,3
gerontology,physics,3
gerontology,quantum mechanics,3
literacy,physical therapy,3
operating system,transformative learning,3
transformative learning,transparency (behavior),3
algorithm,embedded system,3
perception,process (computing),3
perception,wearable computer,3
robot,wearable computer,3
scalability,wearable computer,3
analytics,finance,3
data mining,marketing,3
data science,encryption,3
geography,power (physics),3
conceptual framework,social psychology,3
finance,programming language,3
digital health,leverage (statistics),3
geography,quantum mechanics,3
geography,reliability (semiconductor),3
mental healthcare,neuroscience,3
bioinformatics,intensive care medicine,3
anxiety,social psychology,3
coronavirus disease 2019 (covid-19),globe,3
coronavirus disease 2019 (covid-19),neuroscience,3
disease,globe,3
disease,neuroscience,3
engineering management,process management,3
process management,psychological intervention,3
globe,infectious disease (medical specialty),3
clinical trial,data science,3
clinical trial,digital health,3
clinical trial,economic growth,3
clinical trial,economics,3
cronbach's alpha,pathology,3
cronbach's alpha,structural equation modeling,3
health technology,law,3
2019-20 coronavirus outbreak,artificial intelligence,3
artificial intelligence,outbreak,3
personalization,political science,3
confirmatory factor analysis,pathology,3
clinical trial,health care,3
electrical engineering,generative grammar,3
generative grammar,transformer,3
construct validity,economic growth,3
construct validity,economics,3
database,key (lock),3
key (lock),process management,3
process (computing),process management,3
process (computing),workflow,3
computer science,construct validity,3
generative grammar,voltage,3
business,china,3
big data,decision tree,3
clinical decision support system,process management,3
pedagogy,systematic review,3
literacy,systematic review,3
clinical psychology,paleontology,3
clinical psychology,test (biology),3
confirmatory factor analysis,cronbach's alpha,3
confirmatory factor analysis,economic growth,3
confirmatory factor analysis,economics,3
confirmatory factor analysis,geography,3
law,personalization,3
globe,neuroscience,3
globe,psychology,3
infectious disease (medical specialty),neuroscience,3
neuroscience,social media,3
cartography,physics,3
cartography,power (physics),3
cartography,psychometrics,3
cartography,quantum mechanics,3
cartography,reliability (semiconductor),3
health equity,internet privacy,3
cartography,structural equation modeling,3
clinical psychology,geography,3
gerontology,scale (ratio),3
cinahl,meta-analysis,3
cinahl,systematic review,3
artificial intelligence,virology,3
ecology,macroeconomics,3
law,sustainability,3
macroeconomics,sustainability,3
process (computing),the internet,3
paleontology,scope (computer science),3
perspective (graphical),programming language,3
artificial intelligence,face (sociological concept),3
applied psychology,cronbach's alpha,3
applied psychology,linguistics,3
applied psychology,statistics,3
biology,clinical psychology,3
cartography,clinical psychology,3
cartography,confirmatory factor analysis,3
power (physics),the internet,3
philosophy,relevance (law),3
cinahl,family medicine,3
cinahl,internal medicine,3
quantum mechanics,the internet,3
scale (ratio),world wide web,3
cartography,pathology,3
data mining,random forest,3
data mining,wireless,3
digital divide,social media,3
macroeconomics,operating system,3
business,inequality,3
cloud computing,traceability,3
algorithm,cloud computing,3
political science,sustainability,3
audit,computer security,3
machine learning,visual arts,3
geometry,statistics,3
bioinformatics,digital health,3
internet privacy,key (lock),3
autism,clinical psychology,3
autism spectrum disorder,clinical psychology,3
paleontology,relevance (law),3
data mining,support vector machine,3
epistemology,literacy,3
business,encryption,3
alternative medicine,internet of things,3
artificial intelligence,intrusion detection system,3
engineering,intrusion detection system,3
internet of things,mechanical engineering,3
materials science,programming language,3
context (archaeology),relevance (law),3
context (archaeology),scope (computer science),3
engineering,relevance (law),3
engineering ethics,programming language,3
programming language,variety (cybernetics),3
artificial intelligence,data collection,3
big data,sociology,3
black box,data mining,3
computer security,generative grammar,3
computer security,patient safety,3
curriculum,operating system,3
delphi method,political science,3
distributed computing,single point of failure,3
distributed computing,software engineering,3
philosophy,standardization,3
computer security,federated learning,3
bioinformatics,sociology,3
biology,generative grammar,3
advertising,law,3
business,medical emergency,3
ethical issues,medicine,3
ethical issues,pathology,3
biology,scope (computer science),3
medical emergency,triage,3
audit,health care,3
operating system,traceability,3
power (physics),software engineering,3
quantum mechanics,software engineering,3
reliability (semiconductor),software engineering,3
archaeology,psychotherapist,3
smart city,world wide web,3
big data,edge computing,3
big data,enhanced data rates for gsm evolution,3
database,digital health,3
augmented reality,metaverse,3
data science,interoperability,3
artificial intelligence,sustainability,3
pathology,radiology,3
medical emergency,operating system,3
medical emergency,philosophy,3
accounting,knowledge management,3
audit,economic growth,3
data mining,severe acute respiratory syndrome coronavirus 2 (sars-cov-2),3
mathematics,outbreak,3
mathematics,severe acute respiratory syndrome coronavirus 2 (sars-cov-2),3
mathematics,virology,3
health policy,internet privacy,3
ecology,marketing,3
corporate governance,engineering ethics,3
knowledge management,personalization,3
narrative,public relations,3
narrative,sociology,3
data mining,personalized medicine,3
data science,modalities,3
field (mathematics),linguistics,3
linguistics,pure mathematics,3
biology,geography,3
computer science,environmental science,3
computer security,sustainability,3
conversation,linguistics,3
medical education,narrative,3
marketing,personalization,3
marketing,sustainability,3
embedded system,optoelectronics,3
embedded system,programming language,3
delphi method,pedagogy,3
business,personalization,3
demography,social media,3
2019-20 coronavirus outbreak,mathematics,3
big data,severe acute respiratory syndrome coronavirus 2 (sars-cov-2),3
pure mathematics,quality (philosophy),3
accountability,economics,3
environmental health,social determinants of health,3
geometry,pure mathematics,3
geometry,quality (philosophy),3
geometry,risk analysis (engineering),3
china,nursing,3
geography,mental health,3
medline,psychotherapist,3
mathematics,medical imaging,3
medical imaging,medicine,3
data science,geometry,3
digital health,workflow,3
materials science,statistics,3
mathematics,nanotechnology,3
nanotechnology,statistics,3
optoelectronics,wearable computer,3
programming language,wearable computer,3
focus group,knowledge management,3
focus group,law,3
alternative medicine,machine learning,3
curriculum,delphi method,3
biochemistry,programming language,3
focus group,pedagogy,3
focus group,political science,3
applications of artificial intelligence,programming language,3
applications of artificial intelligence,scope (computer science),3
autonomy,big data,3
digital health,machine learning,3
digital health,modalities,3
digital health,personalized medicine,3
health policy,world wide web,3
clinical trial,medical education,3
medical education,perception,3
economics,server,3
federated learning,machine learning,3
health care,server,3
medicine,robustness (evolution),3
computer security,robustness (evolution),3
biology,wearable technology,3
systems engineering,wearable technology,3
business,workforce,3
computer science,focus group,3
chemistry,operating system,3
cloud computing,data sharing,3
computer network,deep learning,3
computer network,mathematics,3
distributed computing,server,3
digital literacy,workforce,3
digital transformation,marketing,3
epistemology,field (mathematics),3
epistemology,geometry,3
epistemology,pure mathematics,3
field (mathematics),geometry,3
field (mathematics),quality (philosophy),3
geometry,law,3
geometry,philosophy,3
geometry,psychology,3
health policy,social determinants of health,3
business,microeconomics,3
robot,triboelectric effect,3
tactile sensor,triboelectric effect,3
biochemistry,transparency (behavior),3
chemistry,transparency (behavior),3
computer security,gene,3
economic growth,server,3
social science,workforce,3
epistemology,thematic analysis,3
china,coronavirus disease 2019 (covid-19),3
china,disease,3
china,infectious disease (medical specialty),3
electrical engineering,triboelectric effect,3
electronics,robot,3
china,economic growth,3
china,economics,3
china,environmental health,3
china,health literacy,3
china,literacy,3
metaverse,the internet,3
the internet,virtual reality,3
nursing,robot,3
engineering,tactile sensor,3
medline,sociology,3
algorithm,mathematics,3
engineering ethics,quantum mechanics,3
composite material,electronics,3
composite material,optoelectronics,3
digitization,engineering,3
deep learning,field (mathematics),3
deep learning,pure mathematics,3
biology,clinical decision support system,3
composite material,robot,3
composite material,tactile sensor,3
electrical engineering,tactile sensor,3
social science,workflow,3
sociology,workflow,3
health professionals,social media,3
quality (philosophy),social science,3
aerospace engineering,space (punctuation),3
engineering,space (punctuation),3
engineering management,operating system,3
artificial intelligence,ehealth,3
chatbot,psychological intervention,3
health equity,knowledge management,3
engineering ethics,telemedicine,3
outbreak,social media,3
outbreak,world wide web,3
social media,virology,3
healthcare system,sociology,3
statistics,telemedicine,3
management science,social science,3
bubble,economic growth,3
bubble,health care,3
federated learning,internet privacy,3
curriculum,public health,3
architecture,blockchain,3
art,blockchain,3
art,world wide web,3
business,communication,3
business,structural equation modeling,3
decision support system,paleontology,3
economic growth,interface (matter),3
economic growth,maximum bubble pressure method,3
virology,world wide web,3
coronavirus disease 2019 (covid-19),scopus,3
disease,scopus,3
environmental health,medical emergency,3
infectious disease (medical specialty),scopus,3
authentication (law),embedded system,3
medical diagnosis,operating system,3
computer network,key (lock),3
engineering,severe acute respiratory syndrome coronavirus 2 (sars-cov-2),3
environmental health,expectancy theory,3
environmental health,structural equation modeling,3
expectancy theory,machine learning,3
expectancy theory,medicine,3
expectancy theory,population,3
expectancy theory,structural equation modeling,3
knowledge management,structural equation modeling,3
population,structural equation modeling,3
social psychology,task (project management),3
disease,microbiology,3
infectious disease (medical specialty),microbiology,3
microbiology,pandemic,3
art,sociology,3
literature,sociology,3
population health,world wide web,2
distributed computing,pure mathematics,2
field (mathematics),internet of things,2
internet of things,pure mathematics,2
art,philosophy,2
literature,philosophy,2
emerging technologies,pathology,2
coronavirus disease 2019 (covid-19),dissemination,2
disease,dissemination,2
dissemination,infectious disease (medical specialty),2
dissemination,medicine,2
dissemination,nursing,2
dissemination,pandemic,2
dissemination,pathology,2
authentication (law),wearable computer,2
artificial intelligence,competence (human resources),2
information and communications technology,psychiatry,2
information and communications technology,mental health,2
digital divide,psychiatry,2
digital divide,mental health,2
neuroscience,social distance,2
media studies,social distance,2
inequality,internet privacy,2
globe,social distance,2
internet privacy,physical therapy,2
knowledge management,medical diagnosis,2
data science,digital library,2
computer security,scopus,2
artificial intelligence,literature,2
art,operating system,2
philosophy,test (biology),2
mathematics,parallel computing,2
mathematics,maximum bubble pressure method,2
interface (matter),mathematics,2
generative grammar,human–computer interaction,2
reliability (semiconductor),sociology,2
architecture,world wide web,2
architecture,the internet,2
social psychology,systems engineering,2
machine learning,task (project management),2
machine learning,systems engineering,2
knowledge management,task (project management),2
expectancy theory,health care,2
engineering,structural equation modeling,2
economic growth,expectancy theory,2
communication,population,2
clinical decision support system,mathematics,2
bubble,mathematics,2
medline,social science,2
medline,multidisciplinary approach,2
healthcare system,quantum mechanics,2
healthcare system,physics,2
data collection,internet of things,2
power (physics),sociology,2
perspective (graphical),physics,2
support vector machine,the internet,2
decision support system,parallel computing,2
communication,environmental health,2
business,task (project management),2
art,the internet,2
affect (linguistics),population,2
affect (linguistics),environmental health,2
blockchain,metaverse,2
engineering ethics,power (physics),2
engineering ethics,healthcare system,2
algorithm,mathematical analysis,2
algorithm,domain (mathematical analysis),2
algorithm,data mining,2
accountability,management science,2
decision support system,maximum bubble pressure method,2
decision support system,mathematical analysis,2
decision support system,interface (matter),2
environmental science,geography,2
economics,environmental science,2
visual arts,world wide web,2
the internet,visual arts,2
decision support system,domain (mathematical analysis),2
clinical decision support system,paleontology,2
internet privacy,virtual reality,2
electronics,optoelectronics,2
precision medicine,sociology,2
precision medicine,social science,2
personalized medicine,sociology,2
personalized medicine,social science,2
bubble,decision support system,2
artificial intelligence,test (biology),2
productivity,telecommunications,2
mechanical engineering,telecommunications,2
digitization,world wide web,2
digital transformation,work (physics),2
digital transformation,mechanical engineering,2
digital transformation,engineering,2
digital transformation,digitization,2
blockchain,virtual reality,2
gene,programming language,2
gene,operating system,2
federated learning,programming language,2
economics,federated learning,2
economic growth,federated learning,2
computer security,ehealth,2
chemistry,ehealth,2
optoelectronics,triboelectric effect,2
nanotechnology,tactile sensor,2
nanotechnology,robot,2
electronics,triboelectric effect,2
electronics,tactile sensor,2
blockchain,human–computer interaction,2
china,pedagogy,2
digital revolution,engineering,2
business,digital revolution,2
chemistry,cloud computing,2
risk analysis (engineering),telemedicine,2
documentation,risk analysis (engineering),2
business,documentation,2
paleontology,wearable technology,2
nanotechnology,systems engineering,2
materials science,systems engineering,2
context (archaeology),wearable technology,2
robustness (evolution),transparency (behavior),2
gene,transparency (behavior),2
internet privacy,metaverse,2
programming language,robustness (evolution),2
pathology,server,2
pathology,robustness (evolution),2
operating system,robustness (evolution),2
medicine,server,2
ecology,environmental science,2
focus group,nursing,2
modalities,workflow,2
modalities,pathology,2
machine learning,precision medicine,2
machine learning,personalized medicine,2
machine learning,modalities,2
digital literacy,focus group,2
distributed computing,programming language,2
data sharing,server,2
data sharing,machine learning,2
computer network,mathematical analysis,2
cloud computing,mathematical analysis,2
chemistry,federated learning,2
chemistry,distributed computing,2
chemistry,computer network,2
generative grammar,machine learning,2
digital health,generative grammar,2
big data,mental health,2
autonomy,psychiatry,2
autonomy,operating system,2
autonomy,mental health,2
biochemistry,operating system,2
artificial neural network,programming language,2
artificial neural network,pathology,2
artificial neural network,computer network,2
delphi method,economics,2
delphi method,economic growth,2
delphi method,digital health,2
alternative medicine,server,2
alternative medicine,mathematics,2
ecology,genetics,2
emerging technologies,marketing,2
medical education,stakeholder,2
linguistics,social science,2
health equity,stakeholder,2
equity (law),stakeholder,2
conversation,sociology,2
conversation,public relations,2
conversation,medicine,2
communication,linguistics,2
big data,scope (computer science),2
generative grammar,personalized medicine,2
business,genetics,2
business,drone,2
biology,environmental science,2
optoelectronics,programming language,2
nanotechnology,programming language,2
augmented reality,context (archaeology),2
augmented reality,biology,2
human intelligence,psychology,2
human intelligence,neuroscience,2
database,modalities,2
database,generative grammar,2
cognition,human intelligence,2
psychology,stakeholder,2
narrative,social science,2
ethical issues,internet privacy,2
engineering,information privacy,2
ecology,world wide web,2
ecology,population,2
business,demography,2
flexibility (engineering),nanotechnology,2
flexibility (engineering),materials science,2
advertising,computer science,2
set (abstract data type),variety (cybernetics),2
set (abstract data type),sociology,2
data mining,generative grammar,2
biology,modalities,2
bioinformatics,social science,2
bioinformatics,generative grammar,2
blockchain,federated learning,2
linguistics,standardization,2
linguistics,medical emergency,2
government (linguistics),standardization,2
government (linguistics),medical emergency,2
human–computer interaction,interoperability,2
augmented reality,world wide web,2
augmented reality,paleontology,2
augmented reality,data science,2
evolutionary biology,sociology,2
deep learning,set (abstract data type),2
deep learning,materials science,2
internet of things,protocol (science),2
engineering,protocol (science),2
automation,pathology,2
automation,medicine,2
automation,internet of things,2
alternative medicine,mechanical engineering,2
alternative medicine,key (lock),2
alternative medicine,intrusion detection system,2
psychology,radiology,2
neuroscience,radiology,2
federated learning,information privacy,2
advertising,transparency (behavior),2
advertising,health care,2
clinical psychology,developmental psychology,2
intrusion detection system,key (lock),2
internet of things,intrusion detection system,2
information privacy,key (lock),2
big data,social science,2
big data,generative grammar,2
medical education,telehealth,2
intrusion detection system,protocol (science),2
intrusion detection system,pathology,2
intrusion detection system,medicine,2
set (abstract data type),social science,2
engineering ethics,scope (computer science),2
engineering ethics,relevance (law),2
context (archaeology),perspective (graphical),2
face (sociological concept),set (abstract data type),2
face (sociological concept),programming language,2
public relations,scope (computer science),2
public relations,relevance (law),2
programming language,relevance (law),2
cartography,mathematics,2
cartography,cronbach's alpha,2
biology,psychometrics,2
biology,cronbach's alpha,2
social psychology,statistics,2
data collection,social psychology,2
composite material,deep learning,2
biology,variety (cybernetics),2
biology,face (sociological concept),2
biology,composite material,2
paleontology,perspective (graphical),2
epistemology,relevance (law),2
clinical psychology,intervention (counseling),2
ehealth,scale (ratio),2
ehealth,reliability (semiconductor),2
ehealth,quantum mechanics,2
ehealth,psychometrics,2
ehealth,power (physics),2
ehealth,physics,2
cronbach's alpha,world wide web,2
health education,internet privacy,2
health education,health equity,2
cartography,statistics,2
cartography,philosophy,2
scale (ratio),the internet,2
reliability (semiconductor),the internet,2
psychometrics,world wide web,2
scope (computer science),sociology,2
relevance (law),scope (computer science),2
data science,transformer,2
confirmatory factor analysis,philosophy,2
medical education,personalization,2
confirmatory factor analysis,linguistics,2
clinical psychology,philosophy,2
clinical psychology,linguistics,2
literacy,meta-analysis,2
meta-analysis,pedagogy,2
clinical decision support system,key (lock),2
business,decision support system,2
business,clinical decision support system,2
cronbach's alpha,gerontology,2
cronbach's alpha,ehealth,2
construct validity,world wide web,2
family medicine,meta-analysis,2
gerontology,psychometrics,2
conceptual framework,programming language,2
geography,paleontology,2
cronbach's alpha,test (biology),2
cronbach's alpha,paleontology,2
cronbach's alpha,geography,2
political science,voltage,2
political science,transformer,2
law,voltage,2
law,transformer,2
computer science,cronbach's alpha,2
clinical psychology,the internet,2
interpersonal communication,sociology,2
decision support system,key (lock),2
construct validity,gerontology,2
construct validity,ehealth,2
data science,voltage,2
paleontology,psychometrics,2
paleontology,power (physics),2
bioinformatics,business,2
linguistics,structural equation modeling,2
linguistics,psychometrics,2
geography,test (biology),2
interpersonal communication,social science,2
interpersonal communication,public relations,2
interpersonal communication,programming language,2
leverage (statistics),pathology,2
leverage (statistics),nursing,2
intervention (counseling),pathology,2
interpersonal communication,knowledge management,2
finance,social science,2
engineering,interpersonal communication,2
conceptual framework,public relations,2
drone,operating system,2
psychiatry,wearable computer,2
personalization,process (computing),2
operating system,personalization,2
philosophy,scale (ratio),2
philosophy,psychometrics,2
business,interpersonal communication,2
artificial intelligence,immunology,2
art,leverage (statistics),2
art,ecology,2
internet privacy,safeguarding,2
economics,safeguarding,2
economic growth,safeguarding,2
computer security,safeguarding,2
endocrinology,pathology,2
paleontology,reliability (semiconductor),2
management science,quality (philosophy),2
reliability (semiconductor),test (biology),2
quantum mechanics,test (biology),2
psychometrics,test (biology),2
power (physics),test (biology),2
physics,test (biology),2
leverage (statistics),visual arts,2
ecology,visual arts,2
ecology,leverage (statistics),2
mathematics education,multimedia,2
multidisciplinary approach,psychiatry,2
embedded system,psychiatry,2
economic growth,multidisciplinary approach,2
diabetes mellitus,pathology,2
genetics,the internet,2
drone,the internet,2
neuroscience,wearable technology,2
generalizability theory,political science,2
generalizability theory,law,2
engineering,harm,2
engineering,generalizability theory,2
social psychology,virtual reality,2
service (business),social psychology,2
metaverse,social psychology,2
internal medicine,social psychology,2
geography,marketing,2
archaeology,marketing,2
edge computing,wearable technology,2
edge computing,wearable computer,2
edge computing,internet privacy,2
task (project management),workflow,2
systems engineering,workflow,2
engineering,radiology,2
economics,radiology,2
economic growth,task (project management),2
economic growth,radiology,2
database,task (project management),2
database,systems engineering,2
physics,voltage,2
chemistry,embedded system,2
chemistry,electronic skin,2
chemistry,composite material,2
artificial intelligence,electronic skin,2
developmental psychology,management science,2
physics,popularity,2
deep learning,engineering ethics,2
psychology,wireless,2
neuroscience,wireless,2
literacy,wearable technology,2
literacy,wearable computer,2
pedagogy,wearable technology,2
pedagogy,wearable computer,2
telehealth,wearable technology,2
telehealth,wearable computer,2
electronic skin,embedded system,2
chemistry,wearable technology,2
chemistry,wearable computer,2
chemistry,nanotechnology,2
chemistry,materials science,2
process (computing),radiology,2
operating system,task (project management),2
operating system,radiology,2
nursing,systems engineering,2
medicine,task (project management),2
deep learning,voltage,2
deep learning,transformer,2
deep learning,psychiatry,2
deep learning,mental health,2
artificial neural network,voltage,2
artificial neural network,transformer,2
embedded system,telehealth,2
embedded system,pedagogy,2
embedded system,literacy,2
health literacy,wearable technology,2
health literacy,wearable computer,2
demography,test (biology),2
demography,paleontology,2
demography,medical education,2
electronic skin,wearable technology,2
electronic skin,wearable computer,2
productivity,supply chain,2
philosophy,supply chain,2
biology,mobile device,2
artificial neural network,the internet,2
embedded system,health literacy,2
disease,wearable technology,2
disease,wearable computer,2
sociology,test (biology),2
pandemic,test (biology),2
literacy,pure mathematics,2
mathematical analysis,psychiatry,2
mathematical analysis,mental health,2
machine learning,voltage,2
machine learning,transformer,2
economic growth,voltage,2
economic growth,transformer,2
computer network,quality (philosophy),2
computer network,philosophy,2
computer network,epistemology,2
emerging technologies,mathematics,2
domain (mathematical analysis),risk analysis (engineering),2
intrusion detection system,operating system,2
health care,intrusion detection system,2
economics,intrusion detection system,2
economic growth,intrusion detection system,2
deep learning,world wide web,2
deep learning,the internet,2
enhanced data rates for gsm evolution,wearable technology,2
enhanced data rates for gsm evolution,wearable computer,2
artificial neural network,black box,2
quality (philosophy),supply chain,2
quality (philosophy),resource (disambiguation),2
computer security,multidisciplinary approach,2
empathy,generative grammar,2
economics,empathy,2
economic growth,empathy,2
developmental psychology,pandemic,2
risk analysis (engineering),telecommunications,2
philosophy,resource (disambiguation),2
medicine,supply chain,2
marketing,productivity,2
macroeconomics,supply chain,2
macroeconomics,paleontology,2
macroeconomics,marketing,2
internal medicine,service (business),2
epistemology,supply chain,2
epistemology,resource (disambiguation),2
context (archaeology),macroeconomics,2
gerontology,structural equation modeling,2
gerontology,machine learning,2
ehealth,usability,2
ehealth,social psychology,2
ehealth,human–computer interaction,2
digital literacy,usability,2
digital literacy,human–computer interaction,2
bridge (graph theory),marketing,2
bridge (graph theory),health care,2
bridge (graph theory),economics,2
bridge (graph theory),economic growth,2
biology,bridge (graph theory),2
multidisciplinary approach,transparency (behavior),2
medical education,multidisciplinary approach,2
mechanical engineering,transparency (behavior),2
mechanical engineering,multidisciplinary approach,2
applications of artificial intelligence,transformative learning,2
conversation,human–computer interaction,2
competence (human resources),world wide web,2
chatbot,history,2
archaeology,chatbot,2
social psychology,usability,2
literacy,usability,2
health education,sociology,2
health education,knowledge management,2
health education,information literacy,2
ehealth,health policy,2
context (archaeology),health education,2
biology,health policy,2
intervention (counseling),public health,2
health education,intervention (counseling),2
human–computer interaction,literacy,2
anxiety,mental health literacy,2
test (biology),world wide web,2
family medicine,test (biology),2
developmental psychology,test (biology),2
developmental psychology,paleontology,2
developmental psychology,family medicine,2
data mining,embedded system,2
autism,health care,2
autism,economics,2
autism,economic growth,2
artificial intelligence,telehealth,2
productivity,work (physics),2
macroeconomics,mechanical engineering,2
knowledge management,macroeconomics,2
aerospace engineering,psychology,2
history,knowledge management,2
action (physics),literacy,2
action (physics),law,2
action (physics),health care,2
action (physics),applied psychology,2
data science,telehealth,2
decision tree,psychology,2
alternative medicine,transparency (behavior),2
interoperability,operating system,2
edge computing,key (lock),2
cloud computing,interoperability,2
multimedia,psychological intervention,2
multimedia,nursing,2
health professionals,the internet,2
mental illness,pedagogy,2
mental health literacy,pedagogy,2
anxiety,mental illness,2
linguistics,management,2
epistemology,task (project management),2
intervention (counseling),randomized controlled trial,2
internal medicine,reading (process),2
internal medicine,intervention (counseling),2
family medicine,reading (process),2
neuroscience,quality (philosophy),2
health literacy,quality (philosophy),2
digital media,quality (philosophy),2
digital media,neuroscience,2
digital media,health communication,2
applied psychology,quality (philosophy),2
aerospace engineering,knowledge management,2
aerospace engineering,economics,2
action (physics),pedagogy,2
action (physics),machine learning,2
big data,smart city,2
big data,ecology,2
information privacy,software deployment,2
health communication,sociology,2
engineering ethics,public health,2
conceptual framework,nursing,2
conceptual framework,health care,2
conceptual framework,engineering ethics,2
philosophy,task (project management),2
affect (linguistics),world wide web,2
affect (linguistics),philosophy,2
affect (linguistics),applied psychology,2
engineering,safeguarding,2
accountability,software engineering,2
deep learning,social psychology,2
public relations,systems engineering,2
quality (philosophy),terminology,2
psychiatry,robot,2
population,terminology,2
electrical engineering,process (computing),2
artificial intelligence,geology,2
knowledge management,radiology,2
artificial intelligence,surgery,2
internet privacy,systems engineering,2
internet privacy,leverage (statistics),2
health records,political science,2
health records,law,2
health records,knowledge management,2
engineering,equity (law),2
big data,systems engineering,2
big data,health records,2
big data,sustainability,2
process (computing),reliability engineering,2
quality (philosophy),service (business),2
philosophy,service (business),2
mathematical analysis,quality (philosophy),2
internet of things,process (computing),2
engineering,geology,2
embedded system,reliability engineering,2
embedded system,geology,2
electronics,internet of things,2
applied psychology,health communication,2
action (physics),social psychology,2
cognition,machine learning,2
cognition,health communication,2
cognition,communication,2
robotics,statistics,2
robot,statistics,2
order (exchange),public relations,2
order (exchange),perspective (graphical),2
engineering ethics,order (exchange),2
economics,order (exchange),2
accountability,perspective (graphical),2
scopus,wearable technology,2
scopus,wearable computer,2
philosophy,robotics,2
philosophy,robot,2
mathematics,robotics,2
mathematics,robot,2
linguistics,robotics,2
linguistics,robot,2
epistemology,terminology,2
environmental health,terminology,2
embedded system,scopus,2
modalities,telemedicine,2
context (archaeology),telehealth,2
biology,physical therapy,2
single point of failure,transparency (behavior),2
distributed computing,transparency (behavior),2
computer network,transparency (behavior),2
computer network,traceability,2
mental health,mhealth,2
economics,terminology,2
economics,robotics,2
communication,literacy,2
cognition,physics,2
economic growth,terminology,2
vaccination,virology,2
severe acute respiratory syndrome coronavirus 2 (sars-cov-2),vaccination,2
cognition,mental health,2
developmental psychology,mediation,2
developmental psychology,digital literacy,2
communication,structural equation modeling,2
demography,severe acute respiratory syndrome coronavirus 2 (sars-cov-2),2
biology,virology,2
biology,vaccination,2
physical therapy,world wide web,2
physical therapy,the internet,2
healthcare service,service (business),2
health professionals,quality (philosophy),2
health professionals,mathematics,2
health professionals,mathematical analysis,2
health professionals,marketing,2
physical therapy,telehealth,2
paleontology,telehealth,2
modalities,the internet,2
health communication,machine learning,2
health communication,literacy,2
bioinformatics,pandemic,2
bioinformatics,infectious disease (medical specialty),2
bioinformatics,coronavirus disease 2019 (covid-19),2
machine learning,work (physics),2
machine learning,mechanical engineering,2
health technology,quality (philosophy),2
epistemology,service (business),2
epistemology,value (mathematics),2
epistemology,mechanical engineering,2
engineering,health technology,2
emerging technologies,engineering,2
communication,engineering ethics,2
digital literacy,neuroscience,2
developmental psychology,structural equation modeling,2
law,odds ratio,2
health care,microbiology,2
social determinants of health,social media,2
domain (mathematical analysis),internet privacy,2
affect (linguistics),sociology,2
affect (linguistics),computer security,2
social psychology,work (physics),2
philosophy,value (mathematics),2
mechanical engineering,social psychology,2
digital health,interoperability,2
context (archaeology),interoperability,2
archaeology,process management,2
politics,statistics,2
politics,programming language,2
bioinformatics,severe acute respiratory syndrome coronavirus 2 (sars-cov-2),2
health communication,neuroscience,2
computer science,odds ratio,2
pedagogy,social determinants of health,2
health equity,social media,2
inequality,pedagogy,2
health information,sociology,2
health care,inequality,2
digital health,inequality,2
digital divide,health information,2
computer security,inequality,2
communication,mathematics,2
communication,computer security,2
domain (mathematical analysis),epistemology,2
odds ratio,political science,2
microbiology,nursing,2
machine learning,politics,2
logistic regression,machine learning,2
global health,public relations,2
engineering ethics,social media,2
economics,standardization,2
library science,public relations,2
context (archaeology),library science,2
mathematical analysis,pedagogy,2
key (lock),pedagogy,2
bridge (graph theory),data science,2
business,logistic regression,2
business,decision tree,2
biology,flexibility (engineering),2
biology,decision tree,2
flexibility (engineering),nursing,2
flexibility (engineering),medicine,2
flexibility (engineering),law,2
decision tree,mathematics,2
biology,clinical trial,2
mental illness,psychotherapist,2
alternative medicine,distributed computing,2
medline,mental illness,2
medline,mental health literacy,2
economic growth,standardization,2
nursing,radiology,2
medical emergency,transparency (behavior),2
computer security,radiology,2
alternative medicine,human–computer interaction,2
alternative medicine,context (archaeology),2
scalability,world wide web,2
scalability,the internet,2
key (lock),scalability,2
data sharing,the internet,2
mental health,usability,2
cloud computing,disease,2
psycinfo,social media,2
medline,social media,2
literacy,psycinfo,2
grey literature,psycinfo,2
cinahl,social media,2
augmented reality,operating system,2
augmented reality,medicine,2
augmented reality,big data,2
alternative medicine,paleontology,2
anxiety,artificial intelligence,2
distributed computing,pathology,2
data sharing,distributed computing,2
clinical psychology,mental illness,2
artificial intelligence,logistic regression,2
ecology,identification (biology),2
artificial intelligence,depression (economics),2
applications of artificial intelligence,psychotherapist,2
applications of artificial intelligence,human–computer interaction,2
applications of artificial intelligence,government (linguistics),2
artificial neural network,cloud computing,2
process (computing),quality (philosophy),2
function (biology),philosophy,2
evolutionary biology,programming language,2
cognitive psychology,mechanism (biology),2
cognitive psychology,health professionals,2
clinical psychology,mental health literacy,2
applied psychology,medline,2
algorithm,programming language,2
embedded system,internal medicine,2
deep learning,internal medicine,2
cloud computing,internal medicine,2
pedagogy,process (computing),2
nanotechnology,operating system,2
materials science,sociology,2
materials science,operating system,2
database,management science,2
applications of artificial intelligence,sociology,2
mechanism (biology),social psychology,2
mechanism (biology),set (abstract data type),2
mechanism (biology),programming language,2
health professionals,social psychology,2
health professionals,set (abstract data type),2
health professionals,programming language,2
health professionals,mechanism (biology),2
artificial neural network,internet of things,2
artificial neural network,internal medicine,2
artificial neural network,disease,2
public relations,virtual reality,2
perspective (graphical),virtual reality,2
epistemology,process (computing),2
metaverse,sociology,2
metaverse,public relations,2
metaverse,perspective (graphical),2
augmented reality,political science,2
government (linguistics),psychiatry,2
government (linguistics),mental health,2
mental health,philosophy,2
macroeconomics,philosophy,2
government (linguistics),psychotherapist,2
pedagogy,relevance (law),2
literacy,relevance (law),2
mediation,psychotherapist,2
action (physics),public relations,2
physics,wireless network,2
ecology,wireless,2
ecology,telecommunications,2
precision medicine,transparency (behavior),2
mathematics,precision medicine,2
biology,wireless network,2
healthcare system,pure mathematics,2
field (mathematics),healthcare system,2
data mining,single point of failure,2
big data,single point of failure,2
health care,interpersonal communication,2
distrust,human–computer interaction,2
data science,distrust,2
artificial intelligence,ethical issues,2
applications of artificial intelligence,autonomy,2
sociology,virtual reality,2
health information national trends survey,mathematics,2
health information,statistics,2
applied psychology,social science,2
knowledge management,standardization,2
harm,operating system,2
government (linguistics),quantum mechanics,2
government (linguistics),physics,2
accountability,quantum mechanics,2
accountability,physics,2
reliability (semiconductor),wireless,2
cognitive psychology,interpersonal communication,2
cryptography,health care,2
cryptography,economics,2
cryptography,economic growth,2
health communication,quality (philosophy),2
power (physics),wireless,2
accountability,corporate governance,2
gerontology,promotion (chess),2
gerontology,politics,2
artificial intelligence,health promotion,2
artificial intelligence,gerontology,2
2019-20 coronavirus outbreak,chemistry,2
2019-20 coronavirus outbreak,biochemistry,2
applied psychology,telemedicine,2
internet of things,nanotechnology,2
domain (mathematical analysis),pathology,2
internet of things,materials science,2
internet of things,marketing,2
artificial intelligence,psycinfo,2
epistemology,health communication,2
communication,quality (philosophy),2
health information national trends survey,statistics,2
data mining,systematic review,2
computer security,precision medicine,2
digital health,transparency (behavior),2
biochemistry,severe acute respiratory syndrome coronavirus 2 (sars-cov-2),2
biochemistry,outbreak,2
biochemistry,infectious disease (medical specialty),2
biochemistry,coronavirus disease 2019 (covid-19),2
inclusion (mineral),workflow,2
database,inclusion (mineral),2
best practice,political science,2
best practice,law,2
developmental psychology,operating system,2
cloud computing,systems engineering,2
health equity,information literacy,2
corporate governance,transparency (behavior),2
accountability,social psychology,2
accountability,pathology,2
accountability,mathematical analysis,2
chemistry,virology,2
chemistry,severe acute respiratory syndrome coronavirus 2 (sars-cov-2),2
chemistry,outbreak,2
biochemistry,virology,2
applications of artificial intelligence,precision medicine,2
big data,domain (mathematical analysis),2
statistics,systematic review,2
medline,statistics,2
mathematics,systematic review,2
engineering,guideline,2
operating system,wireless sensor network,2
engineering,wireless sensor network,2
identification (biology),scopus,2
identification (biology),medline,2
clinical psychology,family medicine,2
china,public health,2
biostatistics,gerontology,2
health informatics,social science,2
alternative medicine,sociology,2
gene,internal medicine,2
data mining,statistics,2
botany,scopus,2
botany,medline,2
social psychology,telemedicine,2
guideline,systematic review,2
guideline,medline,2
guideline,management science,2
guideline,law,2
epistemology,medline,2
literacy,multidisciplinary approach,2
management science,transformative learning,2
accountability,domain (mathematical analysis),2
accountability,data mining,2
accountability,applications of artificial intelligence,2
family medicine,scale (ratio),2
family medicine,reliability (semiconductor),2
family medicine,power (physics),2
geography,social science,2
engineering ethics,multidisciplinary approach,2
engineering ethics,geography,2
engineering,geography,2
archaeology,telemedicine,2
archaeology,social science,2
archaeology,engineering,2
archaeology,competence (human resources),2
construct validity,statistics,2
modalities,psychotherapist,2
modalities,psychological intervention,2
modalities,nursing,2
social determinants of health,world wide web,2
social determinants of health,telemedicine,2
mental health,the internet,2
chatbot,public health,2
interpretability,key (lock),2
cognition,paleontology,2
cognition,medical education,2
medline,quality (philosophy),2
disease,ecology,2
botany,risk analysis (engineering),2
botany,ecology,2
cognition,context (archaeology),2
pedagogy,virology,2
pedagogy,risk analysis (engineering),2
outbreak,pedagogy,2
medical education,severe acute respiratory syndrome coronavirus 2 (sars-cov-2),2
medical education,outbreak,2
literacy,virology,2
literacy,outbreak,2
health literacy,virology,2
context (archaeology),empowerment,2
cronbach's alpha,nursing,2
cronbach's alpha,digital literacy,2
construct validity,public health,2
construct validity,nursing,2
construct validity,digital literacy,2
applied psychology,health informatics,2
psychological intervention,social science,2
modalities,public health,2
physics,usability,2
nursing,reliability (semiconductor),2
nursing,psychometrics,2
medical education,usability,2
human–computer interaction,scale (ratio),2
knowledge management,social determinants of health,2
human–computer interaction,public health,2
human–computer interaction,psychometrics,2
human–computer interaction,medical education,2
health informatics,scale (ratio),2
health informatics,quantum mechanics,2
health informatics,physics,2
digital literacy,psychometrics,2
ecology,pathology,2
ecology,infectious disease (medical specialty),2
risk analysis (engineering),transformative learning,2
health literacy,outbreak,2
geography,severe acute respiratory syndrome coronavirus 2 (sars-cov-2),2
family medicine,virology,2
family medicine,outbreak,2
family medicine,geography,2
communication,personalization,2
chemistry,world wide web,2
chemistry,communication,2
engineering,social determinants of health,2
data science,systems engineering,2
scale (ratio),usability,2
quantum mechanics,usability,2
public health,usability,2
public health,scale (ratio),2
psychometrics,usability,2
psychometrics,public health,2
cross-sectional study,outbreak,2
context (archaeology),virology,2
context (archaeology),outbreak,2
big data,information and communications technology,2
big data,industry 4.0,2
digital literacy,social determinants of health,2
autonomy,politics,2
federated learning,world wide web,2
federated learning,psychology,2
federated learning,pedagogy,2
distributed computing,psychology,2
distributed computing,pedagogy,2
cinahl,inclusion (mineral),2
empowerment,psychological intervention,2
empowerment,population,2
empowerment,environmental health,2
mechanical engineering,perspective (graphical),2
information and communications technology,perspective (graphical),2
engineering management,perspective (graphical),2
engineering management,mechanical engineering,2
engineering management,information and communications technology,2
engineering management,industry 4.0,2
digital transformation,perspective (graphical),2
digital transformation,internet of things,2
big data,perspective (graphical),2
cross-sectional study,virology,2
geography,inclusion (mineral),2
environmental health,inclusion (mineral),2
inclusion (mineral),the internet,2
inclusion (mineral),psychological intervention,2
inclusion (mineral),population,2
cross-sectional study,severe acute respiratory syndrome coronavirus 2 (sars-cov-2),2
linguistics,mathematics education,2
data science,mathematics education,2
archaeology,severe acute respiratory syndrome coronavirus 2 (sars-cov-2),2
2019-20 coronavirus outbreak,pedagogy,2
computer network,marketing,2
computer network,management,2
psycinfo,scopus,2
medline,scope (computer science),2
medical emergency,systematic review,2
medical emergency,scopus,2
economics,triage,2
economics,grey literature,2
economic growth,triage,2
economic growth,grey literature,2
context (archaeology),triage,2
context (archaeology),medical emergency,2
2019-20 coronavirus outbreak,medical education,2
2019-20 coronavirus outbreak,literacy,2
2019-20 coronavirus outbreak,health literacy,2
2019-20 coronavirus outbreak,cross-sectional study,2
2019-20 coronavirus outbreak,context (archaeology),2
data sharing,linguistics,2
digital health,work (physics),2
digital health,mechanical engineering,2
digital divide,work (physics),2
digital divide,mechanical engineering,2
digital divide,engineering,2
alternative medicine,government (linguistics),2
scope (computer science),scopus,2
psycinfo,systematic review,2
autonomy,social psychology,2
mathematics education,philosophy,2
computer science,social determinants of health,2
computer security,health records,2
accounting,data mining,2
engineering ethics,government (linguistics),2
data sharing,philosophy,2
paleontology,resource (disambiguation),2
marketing,resource (disambiguation),2
management,resource (disambiguation),2
law,management,2
the internet,variety (cybernetics),2
philosophy,variety (cybernetics),2
marketing,variety (cybernetics),2
linguistics,variety (cybernetics),2
business,expectancy theory,2
biology,management,2
context (archaeology),resource (disambiguation),2
empathy,engineering,2
cognitive science,mathematics,2
cognitive science,generative grammar,2
cognitive science,engineering,2
globe,knowledge management,2
environmental health,reliability (semiconductor),2
environmental health,power (physics),2
descriptive statistics,test (biology),2
descriptive statistics,paleontology,2
cross-sectional study,reliability (semiconductor),2
cross-sectional study,power (physics),2
biology,descriptive statistics,2
pedagogy,population health,2
medical education,population health,2
literacy,population health,2
ehealth,population health,2
biochemistry,pure mathematics,2
biochemistry,interpretability,2
biochemistry,field (mathematics),2
augmented reality,database,2
empathy,knowledge management,2
knowledge management,virtual reality,2
knowledge management,metaverse,2
population,reliability (semiconductor),2
population,power (physics),2
globe,world wide web,2
globe,the internet,2
engineering,popularity,2
empathy,pure mathematics,2
empathy,mathematics,2
empathy,field (mathematics),2
empathy,engineering ethics,2
political science,popularity,2
medicine,popularity,2
interpretability,popularity,2
internet privacy,interpretability,2
chemistry,pure mathematics,2
psychotherapist,set (abstract data type),2
psychotherapist,resource (disambiguation),2
pedagogy,set (abstract data type),2
pedagogy,resource (disambiguation),2
chemistry,interpretability,2
chemistry,field (mathematics),2
black box,social psychology,2
black box,risk analysis (engineering),2
black box,pure mathematics,2
black box,popularity,2
black box,field (mathematics),2
analytics,linguistics,2
analytics,government (linguistics),2
internal medicine,value (mathematics),2
generative grammar,social psychology,2
field (mathematics),perspective (graphical),2
computer security,neuroscience,2
communication,perception,2
affect (linguistics),perception,2
gene,mental health,2
engineering ethics,psychotherapist,2
engineering ethics,mental health,2
communication,optics,2
communication,focus (optics),2
chemistry,mental health,2
biochemistry,mental health,2
popularity,risk analysis (engineering),2
digital revolution,knowledge management,2
digital revolution,infectious disease (medical specialty),2
digital revolution,health care,2
digital revolution,disease,2
coronavirus disease 2019 (covid-19),digital revolution,2
computer security,digital transformation,2
computer security,digital revolution,2
perspective (graphical),transparency (behavior),2
perception,transparency (behavior),2
neuroscience,transparency (behavior),2
linguistics,telecommunications,2
computer security,perception,2
big data,linguistics,2
big data,government (linguistics),2
artificial intelligence,globe,2
analytics,variety (cybernetics),2
digital revolution,pandemic,2
literacy,resource (disambiguation),2
literacy,programming language,2
health literacy,resource (disambiguation),2
environmental health,programming language,2
digital health,set (abstract data type),2
digital health,resource (disambiguation),2
engineering ethics,popularity,2
popularity,sociology,2
perspective (graphical),pure mathematics,2
linguistics,perspective (graphical),2
liability,public relations,2
knowledge management,liability,2
harm,trustworthiness,2
harm,public relations,2
harm,linguistics,2
government (linguistics),social psychology,2
government (linguistics),harm,2
chemistry,public relations,2
chemistry,linguistics,2
chemistry,internet privacy,2
biochemistry,social psychology,2
biochemistry,linguistics,2
anxiety,paleontology,2
anxiety,context (archaeology),2
anxiety,biology,2
computer network,psychotherapist,2
computer network,programming language,2
computer network,health literacy,2
computer network,digital health,2
leverage (statistics),politics,2
digital revolution,pathology,2
identification (biology),mechanical engineering,2
botany,mechanical engineering,2
healthcare industry,perception,2
healthcare industry,pathology,2
healthcare industry,operating system,2
bubble,programming language,2
bubble,management science,2
bubble,knowledge management,2
biostatistics,pandemic,2
biostatistics,paleontology,2
biostatistics,infectious disease (medical specialty),2
biostatistics,disease,2
biostatistics,coronavirus disease 2019 (covid-19),2
biology,biostatistics,2
government (linguistics),trustworthiness,2
key (lock),wireless network,2
parallel computing,programming language,2
maximum bubble pressure method,programming language,2
management science,parallel computing,2
management science,maximum bubble pressure method,2
knowledge management,parallel computing,2
knowledge management,maximum bubble pressure method,2
interface (matter),programming language,2
interface (matter),management science,2
interface (matter),knowledge management,2
engineering,library science,2
economics,library science,2
decision support system,relevance (law),2
biochemistry,internet privacy,2
artificial intelligence,standardization,2
natural language processing,psychology,2
chatbot,generative grammar,2
data science,standardization,2
botany,intensive care medicine,2
field (mathematics),relevance (law),2
mathematics,scopus,2
blockchain,government (linguistics),2
blockchain,epistemology,2
internet of things,paleontology,2
context (archaeology),internet of things,2
population,telehealth,2
mhealth,population,2
marketing,psychotherapist,2
leverage (statistics),marketing,2
embedded system,leverage (statistics),2
cyber-physical system,knowledge management,2
cyber-physical system,industry 4.0,2
computer security,psychotherapist,2
healthcare system,machine learning,2
knowledge management,personalized medicine,2
bioinformatics,knowledge management,2
blockchain,supply chain,2
blockchain,quality (philosophy),2
blockchain,linguistics,2
risk analysis (engineering),standardization,2
intensive care medicine,operating system,2
data mining,management science,2
big data,management science,2
mental healthcare,psychiatry,2
internet privacy,mental healthcare,2
chatbot,mental healthcare,2
pure mathematics,relevance (law),2
mathematics,relevance (law),2
identification (biology),intensive care medicine,2
decision tree,the internet,2
decision tree,operating system,2
computer security,decision tree,2
cloud computing,decision tree,2
linguistics,psychological intervention,2
law,terminology,2
knowledge management,terminology,2
nursing,terminology,2
epistemology,government (linguistics),2
disease,quality (philosophy),2
coronavirus disease 2019 (covid-19),quality (philosophy),2
computer security,quality (philosophy),2
political science,terminology,2
anxiety,developmental psychology,2
developmental psychology,transformative learning,2
developmental psychology,mental health,2
autism spectrum disorder,medline,2
autism spectrum disorder,law,2
autism,political science,2
autism,medline,2
autism,law,2
anxiety,cognition,2
convolutional neural network,operating system,2
supply chain,transparency (behavior),2
risk analysis (engineering),supply chain,2
quality (philosophy),transparency (behavior),2
pandemic,quality (philosophy),2
infectious disease (medical specialty),quality (philosophy),2
server,the internet,2
artificial intelligence,microbiology,2
machine learning,server,2
decision tree,world wide web,2
data science,microbiology,2
artificial intelligence,workforce,2
protocol (science),scalability,2
family medicine,genetics,2
economics,pregnancy,2
economics,genetics,2
economic growth,pregnancy,2
economic growth,genetics,2
computer science,pregnancy,2
psychological intervention,set (abstract data type),2
precision medicine,psychiatry,2
human–computer interaction,precision medicine,2
geography,set (abstract data type),2
geography,programming language,2
archaeology,programming language,2
autism spectrum disorder,political science,2
computer network,information privacy,2
alternative medicine,cryptography,2
risk analysis (engineering),safer,2
emerging technologies,safer,2
literacy,pregnancy,2
health literacy,pregnancy,2
health literacy,multimedia,2
genetics,pedagogy,2
genetics,nursing,2
genetics,literacy,2
genetics,health literacy,2
family medicine,pregnancy,2
management science,multidisciplinary approach,2
interpretability,multidisciplinary approach,2
engineering,microbiology,2
data science,multidisciplinary approach,2
mental healthcare,political science,2
law,mental healthcare,2
healthcare system,trustworthiness,2
digital literacy,linguistics,2
anthropology,public relations,2
anthropology,perspective (graphical),2
anthropology,artificial intelligence,2
pedagogy,pregnancy,2
nursing,pregnancy,2
database,protocol (science),2
cryptography,scalability,2
cryptography,protocol (science),2
cryptography,pathology,2
cryptography,medicine,2
cryptography,database,2
computer network,internet privacy,2
cinahl,knowledge management,2
coronavirus disease 2019 (covid-19),descriptive statistics,2
patient safety,sociology,2
patient safety,public relations,2
patient safety,perspective (graphical),2
mental healthcare,trustworthiness,2
mental healthcare,sociology,2
mental healthcare,public relations,2
algorithm,the internet,2
algorithm,internet privacy,2
algorithm,internet of things,2
business,inclusion (mineral),2
biology,safer,2
biology,emerging technologies,2
authentication (law),risk analysis (engineering),2
authentication (law),business,2
mathematical analysis,robustness (evolution),2
machine learning,robustness (evolution),2
corporate governance,health informatics,2
public relations,safeguarding,2
finance,public health,2
corporate governance,public health,2
descriptive statistics,the internet,2
descriptive statistics,infectious disease (medical specialty),2
descriptive statistics,disease,2
archaeology,cinahl,2
process management,public health,2
mental health,software deployment,2
distrust,medicine,2
distrust,medical education,2
distrust,economics,2
cinahl,geography,2
economic growth,robustness (evolution),2
economic growth,reliability engineering,2
deep learning,robustness (evolution),2
deep learning,medical imaging,2
deep learning,gene,2
applications of artificial intelligence,risk analysis (engineering),2
human intelligence,machine learning,2
paleontology,safeguarding,2
library science,statistics,2
library science,mathematics,2
information seeking,statistics,2
information seeking,mathematics,2
information literacy,statistics,2
information literacy,mathematics,2
chatbot,electrical engineering,2
mathematics,psychotherapist,2
medicine,microeconomics,2
chemistry,domain (mathematical analysis),2
psychological intervention,quantum mechanics,2
mental health,scale (ratio),2
demography,the internet,2
demography,psychiatry,2
demography,mental health,2
clinical psychology,demography,2
applied psychology,trustworthiness,2
genetics,risk analysis (engineering),2
applications of artificial intelligence,systematic review,2
gene,psychotherapist,2
gene,mathematical analysis,2
gene,machine learning,2
engineering,medical imaging,2
economics,robustness (evolution),2
variety (cybernetics),wearable technology,2
history,mathematics education,2
history,literacy,2
biology,safeguarding,2
context (archaeology),safeguarding,2
health literacy,history,2
digital health,history,2
archaeology,mathematics education,2
the internet,trustworthiness,2
sociology,usability,2
scale (ratio),social psychology,2
data science,robustness (evolution),2
data science,reliability engineering,2
data science,gene,2
best practice,business,2
microeconomics,social psychology,2
database,leverage (statistics),2
database,deep learning,2
sociology,telecommunications,2
internet privacy,telecommunications,2
pedagogy,workflow,2
human–computer interaction,workflow,2
information and communications technology,nursing,2
information and communications technology,medline,2
information literacy,mathematics education,2
history,pedagogy,2
chemistry,deep learning,2
biochemistry,machine learning,2
biochemistry,domain (mathematical analysis),2
biochemistry,deep learning,2
autonomy,mathematics,2
autonomy,data science,2
demography,outbreak,2
human–computer interaction,transformative learning,2
decision support system,usability,2
decision support system,transformative learning,2
2019-20 coronavirus outbreak,government (linguistics),2
2019-20 coronavirus outbreak,demography,2
machine learning,scalability,2
leverage (statistics),scalability,2
deep learning,leverage (statistics),2
computational biology,environmental health,2
bioinformatics,immunology,2
human–computer interaction,management science,2
human–computer interaction,management,2
data sharing,wearable computer,2
data sharing,embedded system,2
big data,wearable technology,2
context (archaeology),intensive care medicine,2
cancer,precision medicine,2
process management,service (business),2
promotion (chess),psychotherapist,2
health literacy,promotion (chess),2
health literacy,politics,2
database,transformative learning,2
government (linguistics),severe acute respiratory syndrome coronavirus 2 (sars-cov-2),2
paleontology,precision medicine,2
function (biology),medicine,2
environmental health,genetics,2
environmental health,gene,2
environmental health,evolutionary biology,2
mechanism (biology),pathology,2
intensive care medicine,paleontology,2
intensive care medicine,mechanism (biology),2
marketing,stakeholder,2
identification (biology),reliability (semiconductor),2
identification (biology),power (physics),2
geometry,process management,2
thermodynamics,wearable computer,2
robotics,wearable technology,2
robotics,wearable computer,2
robot,wearable technology,2
clinical decision support system,usability,2
clinical decision support system,transformative learning,2
engineering,thermodynamics,2
embedded system,thermodynamics,2
embedded system,robotics,2
electrical engineering,robotics,2
epistemology,intensive care medicine,2
disease,mechanism (biology),2
botany,reliability (semiconductor),2
botany,power (physics),2
information literacy,philosophy,2
information literacy,linguistics,2
confirmatory factor analysis,political science,2
confirmatory factor analysis,law,2
scalability,wearable technology,2
enhanced data rates for gsm evolution,leverage (statistics),2
edge computing,leverage (statistics),2
database,wearable technology,2
cloud computing,leverage (statistics),2
thermodynamics,wearable technology,2
process management,quantum mechanics,2
power (physics),public relations,2
physics,process management,2
perception,psychological intervention,2
ehealth,health promotion,2
telecommunications,telemedicine,2
service (business),telecommunications,2
marketing,telemedicine,2
environmental health,telecommunications,2
cross-sectional study,telemedicine,2
cross-sectional study,odds ratio,2
pharmacology,precision medicine,2
misinformation,test (biology),2
misinformation,paleontology,2
computer security,test (biology),2
biology,misinformation,2
geometry,marketing,2
digital health,reliability (semiconductor),2
digital health,power (physics),2
digital health,geometry,2
gerontology,meta-analysis,2
economics,surgery,2
economics,meta-analysis,2
economic growth,surgery,2
environmental health,odds ratio,2
medical physics,pathology,2
health care,medical physics,2
ehealth,odds ratio,2
health promotion,sociology,2
health promotion,social science,2
gerontology,social science,2
biology,digitization,2
nursing,surgery,2
embedded system,sociology,2
embedded system,social science,2
ehealth,mediation,2
art,digital health,2
alternative medicine,literature,2
demography,social science,2
demography,emerging technologies,2
artificial intelligence,demography,2
economic growth,medical physics,2
drug,precision medicine,2
odds ratio,population,2
odds ratio,pedagogy,2
odds ratio,pandemic,2
alternative medicine,digital literacy,2
alternative medicine,cinahl,2
alternative medicine,art,2
sociology,wearable computer,2
social science,wearable computer,2
health literacy,surgery,2
cross-sectional study,information literacy,2
economics,medical physics,2
risk analysis (engineering),wearable computer,2
embedded system,emerging technologies,2
software deployment,workflow,2
digital transformation,workflow,2
decision support system,world wide web,2
decision support system,medical education,2
database,digital transformation,2
clinical decision support system,world wide web,2
clinical decision support system,medical education,2
economic growth,meta-analysis,2
digital health,surgery,2
emerging technologies,sociology,2
emerging technologies,population,2
art,inclusion (mineral),2
digital health,grey literature,2
digital health,digital library,2
information seeking,social media,2
computational biology,pathology,2
computational biology,health care,2
computational biology,economics,2
computational biology,economic growth,2
biology,medical physics,2
information literacy,social media,2
disadvantaged,sociology,2
disadvantaged,pedagogy,2
disadvantaged,information and communications technology,2
sociology,telehealth,2
cinahl,grey literature,2
art,medical education,2
information literacy,information seeking behavior,2
digital literacy,inclusion (mineral),2
digital literacy,grey literature,2
digital library,social psychology,2
information seeking,literacy,2
marketing,transformative learning,2
biochemistry,bioinformatics,2
finance,set (abstract data type),2
face (sociological concept),knowledge management,2
business,space (punctuation),2
artificial intelligence,space (punctuation),2
literacy,perspective (graphical),2
library science,social media,2
digital divide,disadvantaged,2
digital library,psychology,2
digital library,pathology,2
digital health,protocol (science),2
health information,information seeking,2
information privacy,transformative learning,2
information privacy,psychology,2
information privacy,pedagogy,2
cinahl,psychiatry,2
cinahl,mental health,2
scope (computer science),space (punctuation),2
programming language,space (punctuation),2
order (exchange),sociology,2
order (exchange),set (abstract data type),2
order (exchange),programming language,2
health care,space (punctuation),2
information seeking behavior,population,2
grey literature,pedagogy,2
grey literature,literacy,2
grey literature,health literacy,2
data sharing,psychology,2
psychological intervention,social distance,2
psychiatry,psycinfo,2
pathology,psycinfo,2
paleontology,social media,2
paleontology,social distance,2
mental health,psycinfo,2
medline,social distance,2
finance,transformative learning,2
health information national trends survey,medical education,2
health information national trends survey,library science,2
health information national trends survey,information seeking behavior,2
health information national trends survey,information seeking,2
health information,medical education,2
health information,library science,2
health information,information seeking behavior,2
service (business),wearable technology,2
service (business),wearable computer,2
operating system,service (business),2
marketing,wearable technology,2
ethical issues,public relations,2
business,ethical issues,2
process (computing),value (mathematics),2
medicine,optoelectronics,2
electrical engineering,internal medicine,2
mathematics,psychological intervention,2
intervention (counseling),mathematics,2
flexibility (engineering),world wide web,2
flexibility (engineering),psychology,2
ehealth,statistics,2
ehealth,mathematics,2
communication,intervention (counseling),2
knowledge management,protocol (science),2
inclusion (mineral),literature,2
grey literature,scopus,2
biology,media studies,2
systematic review,variety (cybernetics),2
scopus,telemedicine,2
medline,variety (cybernetics),2
cloud computing,systematic review,2
cloud computing,medline,2
empowerment,library science,2
empowerment,information seeking behavior,2
empowerment,information seeking,2
empowerment,health information national trends survey,2
empowerment,health information,2
digital health,information seeking,2
context (archaeology),gerontology,2
finance,neuroscience,2
corporate governance,neuroscience,2
machine learning,pharmacology,2
identification (biology),pharmacology,2
identification (biology),pathology,2
cognition,knowledge management,2
biology,promotion (chess),2
biology,health promotion,2
quantum mechanics,social media,2
physics,social media,2
media studies,world wide web,2
media studies,philosophy,2
linguistics,media studies,2
internet privacy,quantum mechanics,2
information and communications technology,wearable technology,2
information and communications technology,service (business),2
literature,medical education,2
law,protocol (science),2
drug,identification (biology),2
drug,engineering,2
deep learning,identification (biology),2
paleontology,promotion (chess),2
health promotion,social psychology,2
health promotion,psychological intervention,2
health promotion,paleontology,2
economics,promotion (chess),2
economic growth,promotion (chess),2
context (archaeology),politics,2
information and communications technology,marketing,2
embedded system,service (business),2
identification (biology),social psychology,2
identification (biology),psychology,2
bioinformatics,identification (biology),2
bioinformatics,deep learning,2
bioinformatics,botany,2
big data,pharmacology,2
big data,drug,2
artificial intelligence,drug,2
pedagogy,work (physics),2
health equity,workforce,2
equity (law),workforce,2
environmental health,workforce,2
economics,workforce,2
economic growth,workforce,2
digital literacy,socioeconomic status,2
engineering,pharmacology,2
drug,machine learning,2
literature,social psychology,2
curriculum,mechanical engineering,2
affect (linguistics),pedagogy,2
affect (linguistics),medical education,2
botany,population,2
botany,philosophy,2
botany,linguistics,2
botany,environmental health,2
public relations,socioeconomic status,2
public health,socioeconomic status,2
population,workforce,2
nursing,stakeholder,2
data mining,pharmacology,2
data mining,drug,2
botany,pharmacology,2
botany,drug,2
botany,deep learning,2
protocol (science),world wide web,2
public health,trustworthiness,2
management,medicine,2
data governance,transformative learning,2
data governance,psychology,2
data governance,pedagogy,2
law,mechanism (biology),2
computer security,geology,2
power (physics),quality (philosophy),2
mathematical analysis,terminology,2
identification (biology),population,2
identification (biology),philosophy,2
identification (biology),linguistics,2
environmental health,identification (biology),2
curriculum,work (physics),2
curriculum,neuroscience,2
paleontology,work (physics),2
mechanical engineering,public health,2
key (lock),paleontology,2
key (lock),mechanical engineering,2
internet privacy,work (physics),2
information privacy,public relations,2
electronic skin,electronics,2
electrical engineering,flexibility (engineering),2
mechanism (biology),political science,2
data quality,transformative learning,2
data quality,psychology,2
data quality,pedagogy,2
data quality,knowledge management,2
data quality,internet privacy,2
medline,protocol (science),2
bioinformatics,computer security,2
data mining,key (lock),2
context (archaeology),work (physics),2
context (archaeology),key (lock),2
blockchain,interoperability,2
optics,psychiatry,2
human–computer interaction,optics,2
focus (optics),psychiatry,2
mathematics education,population,2
intervention (counseling),mathematics education,2
environmental health,mathematics education,2
electronics,statistics,2
electronics,mathematics,2
health informatics,trustworthiness,2
corporate governance,management,2
algorithm,interpretability,2
algorithm,biology,2
finance,operations management,2
finance,healthcare system,2
biology,work (physics),2
coronavirus disease 2019 (covid-19),cronbach's alpha,2
healthcare system,interpretability,2
health professionals,healthcare system,2
business,interpretability,2
engineering,history,2
equity (law),health informatics,2
data mining,work (physics),2
health professionals,pathology,2
ethical issues,transparency (behavior),2
engineering ethics,precision medicine,2
data mining,public relations,2
data mining,public health,2
data mining,mechanical engineering,2
psychology,reading (process),2
physical therapy,randomized controlled trial,2
internal medicine,physical therapy,2
mental health,metaverse,2
digital health,mental healthcare,2
population,psychometrics,2
medical education,socioeconomic status,2
environmental health,psychometrics,2
cronbach's alpha,political science,2
cronbach's alpha,law,2
cronbach's alpha,infectious disease (medical specialty),2
cronbach's alpha,disease,2
computer science,reading (process),2
artificial intelligence,reading (process),2
medicine,operations management,2
healthcare system,nursing,2
pedagogy,value (mathematics),2
nursing,value (mathematics),2
engineering,value (mathematics),2
data mining,developmental psychology,2
coronavirus disease 2019 (covid-19),generalizability theory,2
mathematical analysis,nursing,2
programming language,voltage,2
marketing,programming language,2
electrical engineering,programming language,2
electrical engineering,philosophy,2
electrical engineering,epistemology,2
confidentiality,engineering,2
business,electrical engineering,2
metaverse,psychotherapist,2
physical therapy,systematic review,2
reading (process),world wide web,2
generalizability theory,infectious disease (medical specialty),2
disease,generalizability theory,2
data governance,knowledge management,2
data governance,internet privacy,2
data mining,generalizability theory,2
software engineering,the internet,2
social psychology,software engineering,2
popularity,the internet,2
operating system,popularity,2
medicine,order (exchange),2
digital divide,gerontology,2
digital divide,ehealth,2
ehealth,randomized controlled trial,2
ehealth,physical therapy,2
cloud computing,social psychology,2
cloud computing,popularity,2
multimedia,social science,2
multimedia,psychiatry,2
multimedia,pathology,2
cloud computing,industry 4.0,2
cloud computing,electrical engineering,2
blockchain,industry 4.0,2
neuroscience,systems engineering,2
engineering,human intelligence,2
applications of artificial intelligence,human intelligence,2
applications of artificial intelligence,cognition,2
systematic review,the internet,2
medline,the internet,2
health technology,the internet,2
emerging technologies,the internet,2
digital health,emerging technologies,2
generalizability theory,machine learning,2
face (sociological concept),world wide web,2
face (sociological concept),psychology,2
face (sociological concept),multimedia,2
face (sociological concept),medicine,2
distributed computing,scalability,2
set (abstract data type),systematic review,2
digital library,systematic review,2
electrical engineering,health informatics,2
internet of things,transparency (behavior),2
blockchain,confidentiality,2
electrical engineering,scalability,2
database,single point of failure,2
database,industry 4.0,2
database,electrical engineering,2
pandemic,social science,2
business,misinformation,2
environmental health,neuroscience,2
logistic regression,pedagogy,2
logistic regression,pandemic,2
family medicine,logistic regression,2
business,cross-sectional study,2
aerospace engineering,biology,2
environmental health,systematic review,2
environmental health,meta-analysis,2
disease,systematic review,2
digital media,social science,2
digital media,mental health,2
medline,telehealth,2
cinahl,telehealth,2
cinahl,infectious disease (medical specialty),2
cinahl,disease,2
cinahl,coronavirus disease 2019 (covid-19),2
confirmatory factor analysis,disease,2
confirmatory factor analysis,coronavirus disease 2019 (covid-19),2
cartography,pandemic,2
cartography,infectious disease (medical specialty),2
cartography,disease,2
cartography,coronavirus disease 2019 (covid-19),2
cartography,construct validity,2
perception,population,2
neuroscience,population,2
internal medicine,telemedicine,2
cartography,nursing,2
cartography,digital health,2
communication,social science,2
communication,pandemic,2
communication,infectious disease (medical specialty),2
environmental health,perception,2
software deployment,systems engineering,2
public relations,software deployment,2
computer security,task (project management),2
botany,task (project management),2
biology,task (project management),2
pandemic,reliability (semiconductor),2
pandemic,psychometrics,2
construct validity,pandemic,2
confirmatory factor analysis,pandemic,2
equity (law),mhealth,2
equity (law),geography,2
communication,digital media,2
communication,coronavirus disease 2019 (covid-19),2
optics,world wide web,2
internet privacy,optics,2
confirmatory factor analysis,infectious disease (medical specialty),2
health information,public relations,2
health information,information and communications technology,2
health communication,optics,2
generative grammar,health communication,2
focus (optics),world wide web,2
focus (optics),internet privacy,2
genetics,qualitative research,2
developmental psychology,sociology,2
developmental psychology,social science,2
developmental psychology,psychometrics,2
archaeology,developmental psychology,2
applied psychology,geometry,2
applied psychology,archaeology,2
software engineering,workflow,2
software engineering,systems engineering,2
software deployment,task (project management),2
ecology,productivity,2
biology,geology,2
context (archaeology),psychotherapist,2
geography,gerontology,2
cartography,pedagogy,2
cartography,literacy,2
autonomy,nursing,2
pregnancy,sociology,2
pregnancy,social science,2
pregnancy,qualitative research,2
genetics,sociology,2
genetics,social science,2
biostatistics,internal medicine,2
biostatistics,health informatics,2
biostatistics,family medicine,2
information and communications technology,transparency (behavior),2
digital divide,health informatics,2
computer security,health information,2
computer security,focus (optics),2
robot,trustworthiness,2
database,risk analysis (engineering),2
data science,macroeconomics,2
data mining,reliability engineering,2
data mining,industry 4.0,2
business,reliability engineering,2
data science,healthcare industry,2
cardiology,engineering,2
perception,the internet,2
multimedia,neuroscience,2
knowledge management,multimedia,2
productivity,sustainability,2
economics,geology,2
internet of things,mathematical analysis,2
data mining,trustworthiness,2
data mining,geography,2
big data,geography,2
authentication (law),mathematics,2
authentication (law),mathematical analysis,2
voltage,wearable computer,2
embedded system,voltage,2
aerospace engineering,electrical engineering,2
risk analysis (engineering),workflow,2
macroeconomics,reliability engineering,2
industry 4.0,risk analysis (engineering),2
focus (optics),health communication,2
computer security,optics,2
environmental health,health informatics,2
digital divide,medical education,2
disease,psychotherapist,2
data collection,test (biology),2
data collection,paleontology,2
data collection,infectious disease (medical specialty),2
data collection,health literacy,2
data collection,gerontology,2
data collection,disease,2
coronavirus disease 2019 (covid-19),psychotherapist,2
coronavirus disease 2019 (covid-19),data collection,2
risk analysis (engineering),robot,2
reliability (semiconductor),trustworthiness,2
power (physics),trustworthiness,2
order (exchange),risk analysis (engineering),2
finance,quantum mechanics,2
finance,power (physics),2
mental health,transparency (behavior),2
social science,transparency (behavior),2
generalizability theory,pedagogy,2
generalizability theory,knowledge management,2
developmental psychology,knowledge management,2
emerging technologies,internet of things,2
blockchain,psychology,2
blockchain,pedagogy,2
infectious disease (medical specialty),psychotherapist,2
applications of artificial intelligence,decision support system,2
health informatics,internal medicine,2
health literacy,health professionals,2
family medicine,health professionals,2
digital literacy,health professionals,2
digital literacy,family medicine,2
psychology,voltage,2
psychology,transformer,2
cardiology,programming language,2
cardiology,machine learning,2
cardiology,health care,2
cardiology,economics,2
cardiology,economic growth,2
machine learning,wireless network,2
algorithm,wireless network,2
algorithm,wireless,2
algorithm,telecommunications,2
cinahl,paleontology,2
biology,cinahl,2
psychology,visual arts,2
cyber-physical system,telecommunications,2
chatbot,epistemology,2
chatbot,data science,2
medical education,medical physics,2
order (exchange),transparency (behavior),2
finance,variety (cybernetics),2
artificial intelligence,safeguarding,2
delphi method,public relations,2
clinical psychology,cross-sectional study,2
knowledge management,safer,2
health care,safer,2
computer security,value (mathematics),2
psychological intervention,social determinants of health,2
finance,trustworthiness,2
epistemology,trustworthiness,2
epistemology,finance,2
health care,microeconomics,2
chatbot,the internet,2
artificial intelligence,library science,2
cloud computing,digital health,2
clinical decision support system,programming language,2
clinical decision support system,philosophy,2
clinical decision support system,patient safety,2
psychological intervention,surgery,2
harm,nursing,2
equity (law),population health,2
equity (law),operating system,2
economics,harm,2
economic growth,harm,2
resource (disambiguation),work (physics),2
public relations,resource (disambiguation),2
medical education,resource (disambiguation),2
mechanical engineering,resource (disambiguation),2
engineering,resource (disambiguation),2
computer network,work (physics),2
computer network,public relations,2
artificial intelligence,structural equation modeling,2
confidentiality,data sharing,2
intensive care medicine,knowledge management,2
applied psychology,programming language,2
health promotion,population,2
philosophy,physical therapy,2
narrative,nursing,2
linguistics,physical therapy,2
family medicine,philosophy,2
digital health,narrative,2
software deployment,workforce,2
psychology,surgery,2
psychology,randomized controlled trial,2
decision support system,patient safety,2
decision support system,linguistics,2
clinical decision support system,software engineering,2
economics,inclusion (mineral),2
economic growth,inclusion (mineral),2
cognitive science,political science,2
cognitive science,machine learning,2
cognitive science,law,2
corporate governance,information privacy,2
corporate governance,data sharing,2
confidentiality,transformative learning,2
confidentiality,pedagogy,2
confidentiality,pathology,2
meta-analysis,surgery,2
meta-analysis,randomized controlled trial,2
mental health,systematic review,2
mental health,meta-analysis,2
medline,surgery,2
internet privacy,structural equation modeling,2
harm,liability,2
harm,internet privacy,2
engineering ethics,liability,2
engineering,liability,2
computer security,liability,2
computer security,harm,2
human–computer interaction,risk analysis (engineering),2
field (mathematics),telecommunications,2
field (mathematics),neuroscience,2
digitization,political science,2
digitization,law,2
autonomy,telecommunications,2
autonomy,human–computer interaction,2
autonomy,digitization,2
classifier (uml),medicine,2
classifier (uml),embedded system,2
confidentiality,data governance,2
artificial neural network,classifier (uml),2
pure mathematics,telecommunications,2
perception,wearable technology,2
neuroscience,pure mathematics,2
mathematics,systems engineering,2
knowledge management,robotics,2
engineering ethics,robotics,2
engineering ethics,robot,2
documentation,process management,2
decision support system,software engineering,2
computer security,robotics,2
precision medicine,set (abstract data type),2
applied psychology,popularity,2
liability,transparency (behavior),2
liability,social psychology,2
optics,transformative learning,2
optics,pedagogy,2
internal medicine,pure mathematics,2
internal medicine,optics,2
finance,pure mathematics,2
encryption,information privacy,2
embedded system,traceability,2
embedded system,server,2
cloud computing,information privacy,2
blockchain,wearable computer,2
multidisciplinary approach,precision medicine,2
multidisciplinary approach,pathology,2
mechanical engineering,psychiatry,2
mechanical engineering,mental health,2
random forest,support vector machine,2
confidentiality,data quality,2
data collection,qualitative research,2
data collection,medical education,2
data collection,family medicine,2
traceability,wearable computer,2
pathology,software engineering,2
information privacy,software engineering,2
field (mathematics),internal medicine,2
health informatics,software engineering,2
government (linguistics),software engineering,2
government (linguistics),software deployment,2
government (linguistics),process management,2
field (mathematics),finance,2
business,optics,2
bridge (graph theory),sociology,2
precision medicine,programming language,2
physics,transformative learning,2
linguistics,software deployment,2
linguistics,process management,2
information privacy,sociology,2
2019-20 coronavirus outbreak,public relations,2
pathology,value (mathematics),2
machine learning,service (business),2
healthcare service,value (mathematics),2
healthcare service,medicine,2
healthcare service,machine learning,2
coronavirus disease 2019 (covid-19),value (mathematics),2
qualitative research,statistics,2
bridge (graph theory),pedagogy,2
empirical research,sociology,2
empirical research,knowledge management,2
artificial intelligence,thematic analysis,2
family medicine,qualitative research,2
evolutionary biology,linguistics,2
evolutionary biology,health care,2
economics,function (biology),2
analytics,sociology,2
analytics,social science,2
analytics,risk analysis (engineering),2
engineering management,programming language,2
blockchain,programming language,2
public relations,virology,2
outbreak,public relations,2
advertising,sociology,2
information privacy,transparency (behavior),2
philosophy,software engineering,2
patient safety,transparency (behavior),2
patient safety,philosophy,2
linguistics,software engineering,2
population,vaccination,2
immunology,public relations,2
immunology,psychology,2
health care,vaccination,2
health care,immunology,2
context (archaeology),vaccination,2
context (archaeology),immunology,2
pathology,workforce,2
health literacy,workforce,2
disease,workforce,2
conversation,operating system,2
communication,generative grammar,2
communication,curriculum,2
interpretability,linguistics,2
function (biology),health care,2
evolutionary biology,pathology,2
bioinformatics,psychiatry,2
bioinformatics,perspective (graphical),2
process management,software deployment,2
economic growth,function (biology),2
economic growth,evolutionary biology,2
data science,evolutionary biology,2
chatbot,operating system,2
chatbot,environmental health,2
psychology,triage,2
psychiatry,triage,2
pathology,triage,2
infectious disease (medical specialty),triage,2
disease,triage,2
coronavirus disease 2019 (covid-19),triage,2
public relations,vaccination,2
psychology,vaccination,2
engineering management,software engineering,2
mental health,natural (archaeology),2
medicine,natural (archaeology),2
medicine,mental healthcare,2
history,psychiatry,2
history,process (computing),2
history,mental health,2
environmental health,process (computing),2
deep learning,process (computing),2
deep learning,population,2
deep learning,environmental health,2
chatbot,population,2
economics,evolutionary biology,2
biology,electrical engineering,2
bioinformatics,psychology,2
bioinformatics,psychological intervention,2
applied psychology,operations management,2
chatbot,context (archaeology),2
internal medicine,structural engineering,2
bridge (graph theory),structural engineering,2
bridge (graph theory),operating system,2
bridge (graph theory),engineering,2
artificial intelligence,structural engineering,2
population,process (computing),2
natural (archaeology),psychiatry,2
mental healthcare,process (computing),2
mental healthcare,operating system,2
mental health,process (computing),2
genetics,psychological intervention,2
genetics,perspective (graphical),2
engineering,genetics,2
paleontology,software engineering,2
healthcare industry,internet of things,2
engineering management,healthcare industry,2
promotion (chess),psychiatry,2
politics,psychiatry,2
mental health,politics,2
artificial intelligence,audit,2
social media,vaccination,2
internal medicine,social media,2
immunology,social media,2
immunology,pandemic,2
immunology,internal medicine,2
cross-sectional study,vaccination,2
cross-sectional study,immunology,2
digital health,ecology,2
robot,service (business),2
operations management,robot,2
health care,productivity,2
database,psychological intervention,2
data science,productivity,2
bridge (graph theory),perspective (graphical),2
quality (philosophy),telecommunications,2
autonomy,transformative learning,2
autonomy,pathology,2
autonomy,marketing,2
autonomy,finance,2
autonomy,data sharing,2
autonomy,confidentiality,2
audit,management,2
audit,machine learning,2
context (archaeology),software engineering,2
computer security,healthcare industry,2
context (archaeology),productivity,2
demography,geography,2
alternative medicine,corporate governance,2
alternative medicine,confidentiality,2
archaeology,statistics,2
archaeology,misinformation,2
archaeology,demography,2
archaeology,computer security,2
perspective (graphical),set (abstract data type),2
internal medicine,set (abstract data type),2
internal medicine,perspective (graphical),2
genetics,internal medicine,2
ecology,perspective (graphical),2
psychological intervention,workflow,2
political science,productivity,2
medicine,productivity,2
law,productivity,2
deep learning,intensive care medicine,2
applications of artificial intelligence,workflow,2
intrusion detection system,wireless,2
intrusion detection system,telecommunications,2
embedded system,intrusion detection system,2
embedded system,healthcare system,2
alternative medicine,autonomy,2
medical diagnosis,set (abstract data type),2
medical diagnosis,programming language,2
misinformation,sociology,2
misinformation,population,2
gerontology,library science,2
gerontology,information seeking behavior,2
gerontology,information seeking,2
geography,misinformation,2
economics,misinformation,2
archaeology,internal medicine,2
philosophy,support vector machine,2
linguistics,support vector machine,2
linguistics,set (abstract data type),2
leverage (statistics),social media,2
leverage (statistics),programming language,2
economics,smart city,2
data science,wireless sensor network,2
data science,microeconomics,2
applied psychology,chemistry,2
public relations,scopus,2
medline,public relations,2
healthcare industry,marketing,2
process (computing),psychotherapist,2
history,psychotherapist,2
history,machine learning,2
engineering ethics,key (lock),2
engineering,stakeholder,2
computer security,stakeholder,2
chatbot,perception,2
chatbot,neuroscience,2
chatbot,interpersonal communication,2
chatbot,clinical psychology,2
artificial intelligence,promotion (chess),2
artificial intelligence,interpersonal communication,2
geography,logistic regression,2
geography,internal medicine,2
family medicine,vaccination,2
family medicine,immunology,2
demography,logistic regression,2
demography,family medicine,2
archaeology,logistic regression,2
engineering ethics,neuroscience,2
perception,reliability (semiconductor),2
biology,robotics,2
health informatics,medline,2
equity (law),scopus,2
equity (law),medline,2
reliability (semiconductor),software deployment,2
quantum mechanics,software deployment,2
power (physics),software deployment,2
interpretability,software deployment,2
logistic regression,sociology,2
clinical psychology,promotion (chess),2
chatbot,politics,2
sociology,stakeholder,2
key (lock),sociology,2
key (lock),public relations,2
economic growth,information seeking behavior,2
gerontology,odds ratio,2
gerontology,logistic regression,2
communication,gerontology,2
affect (linguistics),nursing,2
mathematics education,statistics,2
mathematics,mathematics education,2
affect (linguistics),gerontology,2
cardiology,disease,2
narrative,paleontology,2
knowledge management,narrative,2
engineering ethics,narrative,2
engineering,narrative,2
context (archaeology),narrative,2
applied psychology,promotion (chess),2
engineering ethics,psychological intervention,2
process (computing),qualitative research,2
paleontology,thematic analysis,2
paleontology,qualitative research,2
business,popularity,2
convolutional neural network,transparency (behavior),2
convolutional neural network,data mining,2
computer security,convolutional neural network,2
artificial neural network,transparency (behavior),2
artificial neural network,reinforcement learning,2
flexibility (engineering),internet of things,2
neuroscience,reliability (semiconductor),2
neuroscience,power (physics),2
mechanical engineering,reliability (semiconductor),2
internal medicine,work (physics),2
internal medicine,mechanical engineering,2
data science,misinformation,2
context (archaeology),qualitative research,2
biology,thematic analysis,2
cognitive psychology,pedagogy,2
cognitive psychology,medline,2
medical emergency,statistics,2
anthropology,pedagogy,2
anthropology,medical education,2
anthropology,literacy,2
anthropology,health literacy,2
machine learning,wireless sensor network,2
government (linguistics),literacy,2
business,information seeking behavior,2
human–computer interaction,internal medicine,2
relevance (law),thematic analysis,2
relevance (law),social science,2
qualitative research,relevance (law),2
aerospace engineering,computer security,2
mhealth,systematic review,2
medline,mhealth,2
global health,systematic review,2
global health,mhealth,2
global health,medline,2
data science,equity (law),2
computer science,global health,2
artificial intelligence,global health,2
nursing,perspective (graphical),2
information seeking behavior,marketing,2
ehealth,information seeking behavior,2
economics,information seeking behavior,2
operating system,qualitative research,2
database,qualitative research,2
context (archaeology),thematic analysis,2
dissemination,knowledge management,2
automation,human–computer interaction,2
automation,health care,2
automation,economic growth,2
artificial intelligence,dissemination,2
mathematics,variety (cybernetics),2
geometry,transparency (behavior),2
bioinformatics,operating system,2
mathematics,narrative,2
mathematical analysis,reliability (semiconductor),2
mathematical analysis,power (physics),2
cognitive psychology,health literacy,2
checklist,medline,2
checklist,law,2
checklist,health literacy,2
aerospace engineering,transparency (behavior),2
data mining,software deployment,2
data mining,human–computer interaction,2
applications of artificial intelligence,software engineering,2
applications of artificial intelligence,health informatics,2
domain (mathematical analysis),quantum mechanics,2
2019-20 coronavirus outbreak,telemedicine,2
2019-20 coronavirus outbreak,medline,2
2019-20 coronavirus outbreak,gerontology,2
risk analysis (engineering),variety (cybernetics),2
power (physics),variety (cybernetics),2
statistics,telecommunications,2
mathematics,order (exchange),2
flexibility (engineering),telecommunications,2
flexibility (engineering),mechanical engineering,2
flexibility (engineering),human–computer interaction,2
dissemination,telecommunications,2
computer science,meta-analysis,2
biology,curriculum,2
machine learning,usability,2
human–computer interaction,software deployment,2
deep learning,knowledge management,2
black box,epistemology,2
black box,engineering,2
health professionals,linguistics,2
data science,health professionals,2
applications of artificial intelligence,trustworthiness,2
internal medicine,transparency (behavior),2
computer security,internal medicine,2
severe acute respiratory syndrome coronavirus 2 (sars-cov-2),telemedicine,2
personalized medicine,risk analysis (engineering),2
operating system,personalized medicine,2
disease,personalized medicine,2
management science,variety (cybernetics),2
engineering,scale (ratio),2
digital transformation,mathematics,2
digital literacy,statistics,2
2019-20 coronavirus outbreak,psychiatry,2
service (business),the internet,2
information and communications technology,the internet,2
digital literacy,engineering ethics,2
curriculum,philosophy,2
curriculum,paleontology,2
curriculum,ehealth,2
context (archaeology),curriculum,2
quantum mechanics,work (physics),2
physics,work (physics),2
data science,narrative,2
data science,digital literacy,2
applications of artificial intelligence,variety (cybernetics),2
applications of artificial intelligence,scale (ratio),2
applications of artificial intelligence,quantum mechanics,2
equity (law),psychiatry,2
analytics,nursing,2
accountability,biology,2
digital literacy,digital transformation,2
big data,telehealth,2
psychiatry,virology,2
psychiatry,severe acute respiratory syndrome coronavirus 2 (sars-cov-2),2
outbreak,psychiatry,2
curriculum,thematic analysis,2
curriculum,social science,2
curriculum,qualitative research,2
engineering ethics,mhealth,2
engineering,mhealth,2
software engineering,wireless network,2
paleontology,software deployment,2
context (archaeology),software deployment,2
telecommunications,wireless sensor network,2
internet of things,wireless,2
internal medicine,library science,2
information seeking behavior,psychological intervention,2
information seeking behavior,internal medicine,2
information seeking,internal medicine,2
cross-sectional study,psychological intervention,2
management science,software deployment,2
human–computer interaction,robotics,2
electrical engineering,human–computer interaction,2
engineering ethics,thematic analysis,2
engineering ethics,qualitative research,2
applications of artificial intelligence,work (physics),2
documentation,medical education,2
documentation,grey literature,2
database,grey literature,2
health information,social media,2
empirical research,public relations,2
dissemination,sociology,2
dissemination,internet privacy,2
dissemination,government (linguistics),2
digital media,dissemination,2
computer security,scope (computer science),2
social science,transformative learning,2
domain (mathematical analysis),software engineering,2
domain (mathematical analysis),software deployment,2
domain (mathematical analysis),process management,2
grey literature,workflow,2
grey literature,transparency (behavior),2
biology,documentation,2
health communication,telemedicine,2
health communication,medical education,2
curriculum,digital transformation,2
descriptive statistics,mathematics education,2
curriculum,statistics,2
computer science,preparedness,2
documentation,systematic review,2
documentation,psychology,2
mathematics,software engineering,2
mathematics,software deployment,2
mathematical analysis,software engineering,2
mathematical analysis,software deployment,2
mathematical analysis,process management,2
documentation,paleontology,2
documentation,medline,2
multimedia,wearable technology,2
digital transformation,public relations,2
focus (optics),telemedicine,2
embedded system,focus (optics),2
telemedicine,workflow,2
disease,workflow,2
database,telemedicine,2
database,disease,2
demography,nursing,2
demography,ehealth,2
pedagogy,preparedness,2
literacy,preparedness,2
internet privacy,preparedness,2
health literacy,preparedness,2
context (archaeology),documentation,2
computer security,grey literature,2
mathematical analysis,social psychology,2
optics,telemedicine,2
optics,pathology,2
multimedia,physics,2
focus (optics),wearable technology,2
focus (optics),wearable computer,2
management science,scope (computer science),2
public health,systematic review,2
health equity,medline,2
digital literacy,health policy,2
management science,nursing,2
machine learning,public health,2
machine learning,management science,2
computer network,medline,2
developmental psychology,public health,2
developmental psychology,nursing,2
algorithm,linguistics,2
health policy,psychological intervention,2
data mining,relevance (law),2
biology,natural language processing,2
big data,relevance (law),2
big data,natural language processing,2
key (lock),pure mathematics,2
field (mathematics),key (lock),2
process (computing),psychological intervention,2
mhealth,operating system,2
algorithm,key (lock),2
social media,telecommunications,2
public relations,telecommunications,2
digital health,dissemination,2
anthropology,world wide web,2
anthropology,digital health,2
competence (human resources),gerontology,2
alternative medicine,gerontology,2
pathology,randomized controlled trial,2
global health,telemedicine,2
clinical trial,political science,2
generalizability theory,psychological intervention,2
disease,software deployment,2
data science,generalizability theory,2
digital transformation,the internet,2
digital revolution,the internet,2
big data,digital revolution,2
focus (optics),nursing,2
history,philosophy,2
health care,natural language processing,2
economic growth,natural language processing,2
algorithm,philosophy,2
medline,perception,2
medical diagnosis,philosophy,2
chemistry,environmental health,2
biochemistry,human–computer interaction,2
internet of things,traceability,2
health care,traceability,2
economics,traceability,2
economic growth,traceability,2
data science,traceability,2
information literacy,social psychology,2
information and communications technology,information literacy,2
gerontology,information and communications technology,2
competence (human resources),pathology,2
competence (human resources),medical education,2
competence (human resources),information literacy,2
competence (human resources),health literacy,2
infectious disease (medical specialty),interpersonal communication,2
health communication,psychiatry,2
disease,set (abstract data type),2
disease,interpersonal communication,2
coronavirus disease 2019 (covid-19),set (abstract data type),2
coronavirus disease 2019 (covid-19),interpersonal communication,2
developmental psychology,usability,2
developmental psychology,human–computer interaction,2
chemistry,population,2
chemistry,human–computer interaction,2
chemistry,health literacy,2
ehealth,structural equation modeling,2
ehealth,machine learning,2
coronavirus disease 2019 (covid-19),mhealth,2
nursing,optics,2
neuroscience,scopus,2
digital media,mhealth,2
digital media,health literacy,2
linguistics,medical diagnosis,2
internal medicine,scopus,2
internal medicine,linguistics,2
mental health,set (abstract data type),2
interpersonal communication,psychological intervention,2
interpretability,telemedicine,2
interpretability,process (computing),2
health informatics,telemedicine,2
health informatics,psychological intervention,2
health informatics,operating system,2
interpersonal communication,pathology,2
interpersonal communication,pandemic,2
interpersonal communication,medicine,2
infectious disease (medical specialty),set (abstract data type),2
context (archaeology),management science,2
context (archaeology),decision support system,2
quality (philosophy),wearable computer,2
mathematics,usability,2
human–computer interaction,quality (philosophy),2
geometry,usability,2
geometry,human–computer interaction,2
embedded system,geometry,2
power (physics),process (computing),2
engineering ethics,process (computing),2
cinahl,gerontology,2
pandemic,set (abstract data type),2
medical diagnosis,perception,2
medical diagnosis,neuroscience,2
disease,mhealth,2
digital media,psychological intervention,2
cancer,psychology,2
cancer,philosophy,2
breast cancer,psychology,2
internal medicine,random forest,2
reinforcement learning,world wide web,2
economics,reinforcement learning,2
economic growth,reinforcement learning,2
health policy,population health,2
health policy,population,2
environmental science,law,2
business,population health,2
mathematical analysis,process (computing),2
management science,paleontology,2
management science,mathematical analysis,2
domain (mathematical analysis),process (computing),2
domain (mathematical analysis),management science,2
operating system,operations management,2
mechanical engineering,operations management,2
power (physics),public health,2
authentication (law),confidentiality,2
ehealth,psychiatry,2
applied psychology,intervention (counseling),2
risk analysis (engineering),the internet,2
multimedia,quality (philosophy),2
healthcare system,software deployment,2
healthcare system,quality (philosophy),2
healthcare system,paleontology,2
epistemology,software deployment,2
context (archaeology),healthcare system,2
mhealth,pandemic,2
infectious disease (medical specialty),mhealth,2
electrical engineering,pressure sensor,2
cloud computing,mechanical engineering,2
blockchain,mechanical engineering,2
decision support system,digital health,2
automation,industry 4.0,2
automation,embedded system,2
automation,cloud computing,2
automation,blockchain,2
identification (biology),world wide web,2
identification (biology),internet of things,2
botany,world wide web,2
botany,internet privacy,2
botany,internet of things,2
breast cancer,pathology,2
action (physics),medicine,2
action (physics),artificial intelligence,2
pressure sensor,wearable technology,2
applications of artificial intelligence,automation,2
management,public relations,2
demography,digital media,2
conceptual framework,internet privacy,2
embedded system,energy (signal processing),2
cyber-physical system,risk analysis (engineering),2
pathology,robotics,2
pandemic,robotics,2
infectious disease (medical specialty),robotics,2
disease,robotics,2
decision support system,engineering ethics,2
marketing,quantum mechanics,2
marketing,physics,2
generative grammar,quantum mechanics,2
generative grammar,literacy,2
coronavirus disease 2019 (covid-19),robotics,2
personalization,power (physics),2
personalization,physics,2
biology,intrusion detection system,2
alternative medicine,psychiatry,2
alternative medicine,epistemology,2
conversation,internet privacy,2
internet of things,programming language,2
mathematics education,test (biology),2
mathematics education,public health,2
ehealth,test (biology),2
ehealth,mathematics education,2
healthcare system,internet of things,2
cyber-physical system,internet of things,2
automation,paleontology,2
automation,context (archaeology),2
automation,biology,2
literacy,thematic analysis,2
health literacy,thematic analysis,2
digital literacy,thematic analysis,2
digital literacy,qualitative research,2
digital health,preparedness,2
pathology,support vector machine,2
pathology,structural engineering,2
machine learning,structural engineering,2
intrusion detection system,machine learning,2
computer security,structural engineering,2
biology,structural engineering,2
internet privacy,scalability,2
internet of things,reinforcement learning,2
personalization,sociology,2
personalization,reliability (semiconductor),2
personalization,quantum mechanics,2
gerontology,health information,2
depression (economics),pathology,2
depression (economics),medicine,2
depression (economics),health care,2
robot,work (physics),2
mechanical engineering,robot,2
marketing,mechanical engineering,2
sociology,work (physics),2
social science,work (physics),2
perception,work (physics),2
mechanical engineering,sociology,2
mechanical engineering,social science,2
mechanical engineering,population,2
environmental health,work (physics),2
environmental health,qualitative research,2
data science,qualitative research,2
marketing,qualitative research,2
cloud computing,structural engineering,2
focus group,sociology,2
focus group,health literacy,2
medical emergency,world wide web,2
medical emergency,the internet,2
economics,protocol (science),2
economic growth,protocol (science),2
data collection,operating system,2
cloud computing,statistics,2
alternative medicine,systematic review,2
population,scale (ratio),2
cloud computing,philosophy,2
modalities,programming language,2
depression (economics),economic growth,2
gerontology,health information national trends survey,2
composite material,mathematics,2
perception,quality (philosophy),2
paleontology,perception,2
neuroscience,paleontology,2
knowledge management,scale (ratio),2
healthcare system,perception,2
healthcare system,neuroscience,2
epistemology,perception,2
empirical research,transparency (behavior),2
data science,empirical research,2
context (archaeology),perception,2
context (archaeology),neuroscience,2
applications of artificial intelligence,healthcare system,2
applications of artificial intelligence,epistemology,2
sociology,value (mathematics),2
marketing,social science,2
physics,quality (philosophy),2
health information national trends survey,nursing,2
health information,nursing,2
health information,mental health,2
health education,pathology,2
health education,health information national trends survey,2
health education,health information,2
perspective (graphical),process management,2
patient safety,set (abstract data type),2
anxiety,gerontology,2
nanotechnology,quantum mechanics,2
nanotechnology,power (physics),2
materials science,quantum mechanics,2
materials science,power (physics),2
composite material,quantum mechanics,2
composite material,power (physics),2
marketing,psychiatry,2
marketing,materials science,2
accounting,biology,2
accountability,liability,2
endocrinology,population,2
endocrinology,environmental health,2
diabetes mellitus,population,2
diabetes mellitus,environmental health,2
decision tree,internal medicine,2
decision tree,endocrinology,2
decision tree,diabetes mellitus,2
artificial intelligence,endocrinology,2
artificial intelligence,diabetes mellitus,2
process management,set (abstract data type),2
medical education,modalities,2
health literacy,modalities,2
physics,set (abstract data type),2
data mining,quantum mechanics,2
data mining,physics,2
clinical decision support system,process (computing),2
clinical decision support system,digital health,2
business,scale (ratio),2
big data,quantum mechanics,2
big data,physics,2
human–computer interaction,natural language processing,2
biology,interface (matter),2
biology,bubble,2
mhealth,programming language,2
macroeconomics,pathology,2
health information national trends survey,public health,2
digital health,transformative learning,2
marketing,public health,2
anxiety,digital health,2
management,programming language,2
internet of things,reliability (semiconductor),2
internet of things,quantum mechanics,2
internet of things,physics,2
digital revolution,social media,2
digital revolution,mathematics,2
digital revolution,mathematical analysis,2
data science,digital revolution,2
mechanical engineering,risk analysis (engineering),2
linguistics,mechanical engineering,2
automation,risk analysis (engineering),2
automation,linguistics,2
scale (ratio),set (abstract data type),2
quantum mechanics,set (abstract data type),2
programming language,scale (ratio),2
electronic skin,optics,2
electrical engineering,wireless,2
composite material,optics,2
resource (disambiguation),sociology,2
resource (disambiguation),social science,2
management,operating system,2
computer network,sociology,2
computer network,social science,2
economics,mobile device,2
economic growth,mobile device,2
cloud computing,mobile device,2
health informatics,marketing,2
composite material,health care,2
composite material,economics,2
composite material,economic growth,2
business,materials science,2
bubble,embedded system,2
biology,tactile sensor,2
biology,scalability,2
biology,parallel computing,2
finance,geometry,2
electrical engineering,smart city,2
cloud computing,smart city,2
optics,wireless,2
process (computing),software deployment,2
optics,triboelectric effect,2
nanotechnology,wireless,2
nanotechnology,telecommunications,2
nanotechnology,optics,2
electronics,wireless,2
electronics,optics,2
electronic skin,triboelectric effect,2
data sharing,infectious disease (medical specialty),2
data sharing,disease,2
coronavirus disease 2019 (covid-19),radiology,2
coronavirus disease 2019 (covid-19),data sharing,2
alternative medicine,process (computing),2
preparedness,public health,2
economics,preparedness,2
economic growth,preparedness,2
business,preparedness,2
generative grammar,mathematical analysis,2
domain (mathematical analysis),programming language,2
domain (mathematical analysis),generative grammar,2
bubble,wearable computer,2
bubble,tactile sensor,2
bubble,robot,2
bubble,perception,2
multidisciplinary approach,operating system,2
engineering,sustainability,2
cloud computing,sustainability,2
cloud computing,ecology,2
applications of artificial intelligence,radiology,2
physical therapy,wearable technology,2
epistemology,psychological intervention,2
epistemology,mhealth,2
big data,epistemology,2
psychiatry,pure mathematics,2
field (mathematics),psychiatry,2
data science,parallel computing,2
data science,maximum bubble pressure method,2
data science,interface (matter),2
bubble,data science,2
infectious disease (medical specialty),radiology,2
embedded system,psychological intervention,2
embedded system,mhealth,2
population,severe acute respiratory syndrome coronavirus 2 (sars-cov-2),2
perception,thematic analysis,2
neuroscience,thematic analysis,2
empathy,social science,2
empathy,paleontology,2
context (archaeology),empathy,2
biology,empathy,2
biology,maximum bubble pressure method,2
best practice,programming language,2
best practice,mathematics,2
best practice,economic growth,2
digital divide,geography,2
sociology,sustainability,2
risk analysis (engineering),sustainability,2
database,robot,2
database,perception,2
database,neuroscience,2
business,multidisciplinary approach,2
paleontology,supply chain,2
artificial intelligence,stakeholder,2
space (punctuation),the internet,2
key (lock),power (physics),2
robot,world wide web,2
business,wireless,2
socioeconomic status,sociology,2
demography,socioeconomic status,2
psychological intervention,wearable technology,2
psychological intervention,wearable computer,2
mhealth,wearable technology,2
mhealth,wearable computer,2
digital media,social distance,2
digital media,nursing,2
digital media,mathematics,2
digital media,mathematical analysis,2
digital media,inequality,2
digital divide,social distance,2
digital divide,digital media,2
trustworthiness,variety (cybernetics),2
programming language,work (physics),2
mechanical engineering,trustworthiness,2
embedded system,process (computing),2
embedded system,perception,2
embedded system,parallel computing,2
embedded system,maximum bubble pressure method,2
embedded system,interface (matter),2
database,tactile sensor,2
coronavirus disease 2019 (covid-19),field (mathematics),2
socioeconomic status,the internet,2
social distance,the internet,2
mathematical analysis,social distance,2
inequality,social distance,2
disadvantaged,psychology,2
disadvantaged,population,2
disadvantaged,nursing,2
health care,supply chain,2
economic growth,supply chain,2
context (archaeology),supply chain,2
big data,supply chain,2
big data,process management,2
maximum bubble pressure method,robot,2
maximum bubble pressure method,perception,2
digital media,the internet,2
interface (matter),perception,2
embedded system,tactile sensor,2
descriptive statistics,sociology,2
descriptive statistics,public health,2
mathematics,scope (computer science),2
machine learning,scope (computer science),2
intensive care medicine,pandemic,2
infectious disease (medical specialty),scope (computer science),2
infectious disease (medical specialty),intensive care medicine,2
field (mathematics),scope (computer science),2
field (mathematics),pandemic,2
field (mathematics),infectious disease (medical specialty),2
disease,scope (computer science),2
disease,field (mathematics),2
coronavirus disease 2019 (covid-19),scope (computer science),2
coronavirus disease 2019 (covid-19),intensive care medicine,2
patient safety,software engineering,2
patient safety,process (computing),2
nursing,software engineering,2
applications of artificial intelligence,world wide web,2
pure mathematics,scope (computer science),2
pandemic,scope (computer science),2
parallel computing,robot,2
parallel computing,perception,2
operating system,tactile sensor,2
neuroscience,tactile sensor,2
maximum bubble pressure method,wearable computer,2
maximum bubble pressure method,tactile sensor,2
clinical psychology,descriptive statistics,2
interface (matter),wearable computer,2
interface (matter),tactile sensor,2
interface (matter),robot,2
perception,robot,2
parallel computing,wearable computer,2
parallel computing,tactile sensor,2
environmental health,health communication,2
multimedia,visual arts,2
human–computer interaction,visual arts,2
engineering,multimedia,2
art,multimedia,2
art,human–computer interaction,2
alternative medicine,family medicine,2
biostatistics,psychiatry,2
psychotherapist,quantum mechanics,2
physical therapy,quantum mechanics,2
pedagogy,physical therapy,2
tactile sensor,wearable computer,2
generative grammar,process (computing),2
data quality,data science,2
data mining,finance,2
data mining,data quality,2
data governance,data science,2
data governance,data mining,2
corporate governance,data science,2
corporate governance,data mining,2
big data,finance,2
big data,corporate governance,2
analytics,data quality,2
analytics,data governance,2
analytics,corporate governance,2
scalability,tactile sensor,2
robot,scalability,2
process (computing),scalability,2
perception,tactile sensor,2
pressure sensor,thermodynamics,2
physics,pressure sensor,2
nanotechnology,thermodynamics,2
materials science,thermodynamics,2
composite material,thermodynamics,2
deep learning,task (project management),2
deep learning,management,2
deep learning,key (lock),2
cognition,the internet,2
cognition,data science,2
big data,cognition,2
bioinformatics,endocrinology,2
bioinformatics,diabetes mellitus,2
computer network,human–computer interaction,2
engineering,intensive care medicine,2
encryption,finance,2
electronic skin,pathology,2
electronic skin,medicine,2
electrical engineering,pathology,2
composite material,pathology,2
alternative medicine,electronic skin,2
alternative medicine,composite material,2
confidentiality,database,2
mediation,philosophy,2
mediation,medical education,2
linguistics,mediation,2
library science,philosophy,2
library science,linguistics,2
information seeking behavior,philosophy,2
information seeking behavior,linguistics,2
information seeking,philosophy,2
information seeking,linguistics,2
key (lock),transparency (behavior),2
key (lock),social psychology,2
key (lock),public health,2
key (lock),nursing,2
health informatics,social psychology,2
engineering management,transparency (behavior),2
engineering management,knowledge management,2
data science,engineering management,2
economics,globe,2
data mining,intensive care medicine,2
big data,intensive care medicine,2
optoelectronics,voltage,2
optoelectronics,physics,2
optics,optoelectronics,2
nanotechnology,voltage,2
materials science,voltage,2
emerging technologies,transformative learning,2
emerging technologies,pedagogy,2
emerging technologies,leverage (statistics),2
chemistry,software deployment,2
industry 4.0,software engineering,2
industry 4.0,software deployment,2
embedded system,software deployment,2
neuroscience,pandemic,2
media studies,neuroscience,2
globe,sociology,2
globe,social media,2
globe,psychiatry,2
globe,pandemic,2
globe,media studies,2
leverage (statistics),transparency (behavior),2
digital literacy,internal medicine,2
convolutional neural network,interpretability,2
cognitive psychology,neuroscience,2
cognitive psychology,machine learning,2
human intelligence,process (computing),2
human intelligence,operating system,2
automation,the internet,2
embedded system,mobile device,2
documentation,software engineering,2
digital divide,philosophy,2
digital divide,linguistics,2
disease,human–computer interaction,2
leverage (statistics),psychology,2
health technology,psychology,2
health technology,operating system,2
health technology,machine learning,2
emerging technologies,transparency (behavior),2
interface (matter),internet privacy,2
bubble,internet privacy,2
mathematical analysis,random forest,2
machine learning,materials science,2
black box,telecommunications,2
business,empirical research,2
healthcare service,knowledge management,2
chatbot,social media,2
set (abstract data type),trustworthiness,2
process (computing),trustworthiness,2
mechanical engineering,the internet,2
mechanical engineering,set (abstract data type),2
emerging technologies,health technology,2
psychological intervention,transparency (behavior),2
artificial intelligence,health technology,2
deep learning,interpretability,2
productivity,risk analysis (engineering),2
operating system,productivity,2
mechanical engineering,software deployment,2
automation,software deployment,2
philosophy,telehealth,2
narrative,social media,2
narrative,pandemic,2
linguistics,telehealth,2
internet privacy,narrative,2
infectious disease (medical specialty),narrative,2
health informatics,social media,2
disease,narrative,2
coronavirus disease 2019 (covid-19),narrative,2
mental healthcare,perception,2
internet privacy,parallel computing,2
internet privacy,maximum bubble pressure method,2
audit,blockchain,2
accounting,quantum mechanics,2
accounting,physics,2
accounting,operating system,2
accounting,blockchain,2
quality (philosophy),set (abstract data type),2
mhealth,the internet,2
epistemology,geography,2
archaeology,quality (philosophy),2
archaeology,epistemology,2
economics,mental health literacy,2
economic growth,mental health literacy,2
competence (human resources),economics,2
competence (human resources),economic growth,2
confidentiality,workflow,2
programming language,telecommunications,2
embedded system,visual arts,2
botany,visual arts,2
art,identification (biology),2
art,embedded system,2
art,botany,2
architecture,machine learning,2
architecture,embedded system,2
thematic analysis,world wide web,2
qualitative research,world wide web,2
mathematics,thematic analysis,2
inclusion (mineral),sociology,2
inclusion (mineral),social science,2
business,thematic analysis,2
cognitive psychology,interpretability,2
cognition,cognitive psychology,2
audit,operating system,2
cognitive psychology,physics,2
cognitive psychology,engineering,2
medical emergency,virology,2
medical emergency,severe acute respiratory syndrome coronavirus 2 (sars-cov-2),2
medical emergency,outbreak,2
2019-20 coronavirus outbreak,medical emergency,2
literacy,quality (philosophy),2
empirical research,machine learning,2
digital literacy,quality (philosophy),2
digital literacy,epistemology,2
business,data collection,2
machine learning,macroeconomics,2
decision tree,support vector machine,2
big data,support vector machine,2
big data,macroeconomics,2
identification (biology),visual arts,2
cloud computing,physics,2
business,traceability,2
medical education,quality (philosophy),2
inclusion (mineral),set (abstract data type),2
inclusion (mineral),quality (philosophy),2
inclusion (mineral),programming language,2
inclusion (mineral),philosophy,2
inclusion (mineral),operating system,2
geography,health communication,2
archaeology,health communication,2
pathology,surgery,2
intervention (counseling),philosophy,2
family medicine,surgery,2
epistemology,intervention (counseling),2
disadvantaged,environmental health,2
encryption,the internet,2
delphi method,knowledge management,2
curriculum,social psychology,2
audit,political science,2
audit,medicine,2
documentation,software deployment,2
documentation,patient safety,2
documentation,nursing,2
documentation,generative grammar,2
documentation,economics,2
documentation,economic growth,2
confidentiality,programming language,2
confidentiality,nursing,2
confidentiality,generative grammar,2
cloud computing,reliability (semiconductor),2
cloud computing,quantum mechanics,2
cloud computing,power (physics),2
single point of failure,traceability,2
single point of failure,software engineering,2
audit,engineering,2
information and communications technology,smart city,2
marketing,perspective (graphical),2
psychotherapist,social media,2
history,social media,2
data science,natural (archaeology),2
pure mathematics,terminology,2
field (mathematics),terminology,2
economic growth,management science,2
epistemology,inclusion (mineral),2
encryption,traceability,2
encryption,software engineering,2
distributed computing,traceability,2
delphi method,law,2
medical imaging,psychology,2
medical imaging,political science,2
big data,virology,2
big data,outbreak,2
2019-20 coronavirus outbreak,nursing,2
2019-20 coronavirus outbreak,data mining,2
2019-20 coronavirus outbreak,big data,2
marketing,statistics,2
enhanced data rates for gsm evolution,mathematics,2
edge computing,mathematics,2
clinical trial,psychiatry,2
audit,law,2
audit,knowledge management,2
china,medical education,2
archaeology,medline,2
archaeology,china,2
2019-20 coronavirus outbreak,mathematical analysis,2
quality (philosophy),telemedicine,2
health policy,telemedicine,2
public health,virology,2
outbreak,public health,2
nursing,virology,2
nursing,severe acute respiratory syndrome coronavirus 2 (sars-cov-2),2
nursing,outbreak,2
data mining,virology,2
data mining,outbreak,2
accounting,risk analysis (engineering),2
accounting,economics,2
accounting,economic growth,2
accountability,software deployment,2
accountability,economic growth,2
medical imaging,pure mathematics,2
geography,psychotherapist,2
geography,medline,2
china,psychiatry,2
health equity,health promotion,2
equity (law),health promotion,2
field (mathematics),medical education,2
face (sociological concept),pure mathematics,2
face (sociological concept),mathematics,2
face (sociological concept),field (mathematics),2
risk analysis (engineering),virology,2
risk analysis (engineering),severe acute respiratory syndrome coronavirus 2 (sars-cov-2),2
outbreak,risk analysis (engineering),2
mathematical analysis,virology,2
mathematical analysis,severe acute respiratory syndrome coronavirus 2 (sars-cov-2),2
mathematical analysis,outbreak,2
2019-20 coronavirus outbreak,risk analysis (engineering),2
social distance,telemedicine,2
social distance,telehealth,2
health policy,pathology,2
health policy,infectious disease (medical specialty),2
disease,health policy,2
digital health,social distance,2
coronavirus disease 2019 (covid-19),health policy,2
business,social distance,2
guideline,medical education,2
marketing,microeconomics,2
public health,social determinants of health,2
health promotion,social determinants of health,2
geometry,medicine,2
field (mathematics),medical imaging,2
law,medical imaging,2
medline,physics,2
equity (law),social psychology,2
operating system,virology,2
operating system,outbreak,2
china,computer science,2
mathematical analysis,wearable technology,2
mathematical analysis,wearable computer,2
embedded system,mathematical analysis,2
distributed computing,telecommunications,2
psychology,thermodynamics,2
quality (philosophy),thematic analysis,2
qualitative research,workforce,2
qualitative research,quality (philosophy),2
healthcare industry,political science,2
healthcare industry,law,2
health professionals,telemedicine,2
wireless sensor network,world wide web,2
data mining,linguistics,2
political science,wireless,2
law,wireless,2
data science,wireless,2
deep learning,infectious disease (medical specialty),2
coronavirus disease 2019 (covid-19),deep learning,2
convolutional neural network,pathology,2
convolutional neural network,infectious disease (medical specialty),2
convolutional neural network,disease,2
convolutional neural network,coronavirus disease 2019 (covid-19),2
bioinformatics,population,2
chemistry,social media,2
chatbot,telemedicine,2
engineering management,systems engineering,2
aerospace engineering,systems engineering,2
thematic analysis,workforce,2
2019-20 coronavirus outbreak,china,2
intrusion detection system,world wide web,2
intrusion detection system,the internet,2
enhanced data rates for gsm evolution,server,2
edge computing,server,2
electrical engineering,mental health,2
finance,mathematical analysis,2
finance,inequality,2
environmental health,inequality,2
pandemic,scopus,2
mental health,scopus,2
medical emergency,population,2
cross-sectional study,philosophy,2
cross-sectional study,linguistics,2
nanotechnology,risk analysis (engineering),2
materials science,risk analysis (engineering),2
medline,process (computing),2
natural (archaeology),natural language processing,2
history,natural language processing,2
archaeology,natural language processing,2
intervention (counseling),telemedicine,2
medical diagnosis,process (computing),2
medical physics,radiology,2
genetics,radiology,2
encryption,software deployment,2
energy (signal processing),geometry,2
electrical engineering,geometry,2
distributed computing,statistics,2
distributed computing,geometry,2
distributed computing,energy (signal processing),2
distributed computing,electrical engineering,2
china,severe acute respiratory syndrome coronavirus 2 (sars-cov-2),2
blockchain,drone,2
biology,blockchain,2
art,computer network,2
management science,telecommunications,2
public health,thematic analysis,2
digital literacy,health promotion,2
chemistry,encryption,2
authentication (law),software deployment,2
authentication (law),chemistry,2
infectious disease (medical specialty),internet of things,2
coronavirus disease 2019 (covid-19),internet of things,2
action (physics),biology,2
health literacy,operating system,2
biology,cyber-physical system,2
equity (law),inclusion (mineral),2
operating system,scopus,2
family medicine,health education,2
curriculum,health education,2
curriculum,family medicine,2
ehealth,equity (law),2
health communication,linguistics,2
government (linguistics),health communication,2
literature,social media,2
literature,public relations,2
literature,pandemic,2
digital media,environmental health,2
art,social media,2
art,public relations,2
art,pandemic,2
digital revolution,public relations,2
engineering,environmental science,2
blockchain,genetics,2
power (physics),social psychology,2
digital literacy,population health,2
health records,philosophy,2
epistemology,health records,2
ehealth,health equity,2
distributed computing,field (mathematics),2
cloud computing,pure mathematics,2
cloud computing,field (mathematics),2
optoelectronics,pressure sensor,2
mechanical engineering,optoelectronics,2
advertising,medical education,2
anxiety,applied psychology,2
programming language,severe acute respiratory syndrome coronavirus 2 (sars-cov-2),2
mechanical engineering,severe acute respiratory syndrome coronavirus 2 (sars-cov-2),2
mechanical engineering,pandemic,2
authentication (law),wearable technology,2
infectious disease (medical specialty),wireless,2
disease,wireless,2
coronavirus disease 2019 (covid-19),wireless,2
severe acute respiratory syndrome coronavirus 2 (sars-cov-2),world wide web,2
severe acute respiratory syndrome coronavirus 2 (sars-cov-2),social media,2
2019-20 coronavirus outbreak,world wide web,2
2019-20 coronavirus outbreak,social media,2
multimedia,pure mathematics,2
mathematics,multimedia,2
field (mathematics),multimedia,2
internet privacy,severe acute respiratory syndrome coronavirus 2 (sars-cov-2),2
engineering,virology,2
engineering,outbreak,2
2019-20 coronavirus outbreak,engineering,2
encryption,wearable technology,2
reliability (semiconductor),social psychology,2
