source,target,weight
artificial intelligence,computer science,517
artificial intelligence,computer security,119
artificial intelligence,confidentiality,6
artificial intelligence,documentation,3
artificial intelligence,economic growth,139
artificial intelligence,economics,160
artificial intelligence,generative grammar,27
artificial intelligence,health care,229
artificial intelligence,intervention (counseling),6
artificial intelligence,medicine,199
artificial intelligence,nursing,46
artificial intelligence,operating system,108
artificial intelligence,patient safety,7
artificial intelligence,process (computing),36
artificial intelligence,programming language,44
artificial intelligence,software deployment,22
artificial intelligence,software engineering,16
artificial intelligence,clinical decision support system,20
artificial intelligence,data science,188
artificial intelligence,decision support system,28
artificial intelligence,digital health,22
artificial intelligence,health informatics,9
artificial intelligence,interpretability,31
artificial intelligence,knowledge management,125
artificial intelligence,mhealth,4
artificial intelligence,psychological intervention,26
artificial intelligence,telemedicine,13
artificial intelligence,law,149
artificial intelligence,pedagogy,35
artificial intelligence,political science,155
artificial intelligence,psychology,174
artificial intelligence,transformative learning,16
artificial intelligence,database,30
artificial intelligence,human–computer interaction,51
artificial intelligence,usability,4
artificial intelligence,workflow,23
artificial intelligence,business,67
artificial intelligence,corporate governance,5
artificial intelligence,finance,16
artificial intelligence,process management,11
artificial intelligence,public health,17
artificial intelligence,cloud computing,24
artificial intelligence,energy (signal processing),3
artificial intelligence,machine learning,133
artificial intelligence,mathematics,72
artificial intelligence,statistics,17
artificial intelligence,black box,15
artificial intelligence,image (mathematics),4
artificial intelligence,accountability,9
artificial intelligence,applications of artificial intelligence,42
artificial intelligence,big data,58
artificial intelligence,data mining,54
artificial intelligence,deep learning,38
artificial intelligence,domain (mathematical analysis),20
artificial intelligence,mathematical analysis,26
artificial intelligence,pathology,69
artificial intelligence,precision medicine,12
artificial intelligence,transparency (behavior),55
artificial intelligence,biology,71
artificial intelligence,epistemology,33
artificial intelligence,evolutionary biology,4
artificial intelligence,function (biology),4
artificial intelligence,philosophy,55
artificial intelligence,quality (philosophy),15
artificial intelligence,medical emergency,4
artificial intelligence,radiology,9
artificial intelligence,engineering,112
artificial intelligence,engineering ethics,34
artificial intelligence,medical education,33
artificial intelligence,biochemistry,8
artificial intelligence,chemistry,10
artificial intelligence,clarity,3
artificial intelligence,empathy,3
artificial intelligence,psychiatry,37
artificial intelligence,management science,27
artificial intelligence,perspective (graphical),28
artificial intelligence,sociology,36
artificial intelligence,human–robot interaction,4
artificial intelligence,robot,26
artificial intelligence,bioinformatics,12
artificial intelligence,modalities,4
artificial intelligence,personalized medicine,6
artificial intelligence,social science,18
artificial intelligence,healthcare system,11
artificial intelligence,physics,38
artificial intelligence,power (physics),15
artificial intelligence,quantum mechanics,25
artificial intelligence,reliability (semiconductor),12
artificial intelligence,internet of things,27
artificial intelligence,world wide web,67
artificial intelligence,alternative medicine,12
artificial intelligence,architecture,4
artificial intelligence,art,11
artificial intelligence,blockchain,7
artificial intelligence,distributed computing,11
artificial intelligence,support vector machine,9
artificial intelligence,the internet,28
artificial intelligence,visual arts,9
artificial intelligence,federated learning,5
artificial intelligence,internet privacy,24
artificial intelligence,health literacy,6
artificial intelligence,literacy,10
artificial intelligence,autonomy,11
artificial intelligence,curriculum,7
artificial intelligence,delphi method,9
artificial intelligence,digital literacy,4
artificial intelligence,cognitive science,9
artificial intelligence,context (archaeology),30
artificial intelligence,paleontology,30
artificial intelligence,public relations,25
artificial intelligence,relevance (law),7
artificial intelligence,scope (computer science),9
artificial intelligence,bubble,8
artificial intelligence,interface (matter),8
artificial intelligence,maximum bubble pressure method,8
artificial intelligence,key (lock),11
artificial intelligence,electrical engineering,16
artificial intelligence,transformer,6
artificial intelligence,voltage,6
artificial intelligence,clinical trial,8
artificial intelligence,leverage (statistics),16
artificial intelligence,ecology,9
artificial intelligence,repurposing,3
artificial intelligence,mathematics education,4
artificial intelligence,multimedia,6
artificial intelligence,edge computing,8
artificial intelligence,embedded system,40
artificial intelligence,enhanced data rates for gsm evolution,9
artificial intelligence,wearable computer,26
artificial intelligence,wearable technology,15
artificial intelligence,medical imaging,5
artificial intelligence,autism,4
artificial intelligence,autism spectrum disorder,3
artificial intelligence,government (linguistics),6
artificial intelligence,linguistics,25
artificial intelligence,macroeconomics,6
artificial intelligence,mental health,16
artificial intelligence,psychotherapist,10
artificial intelligence,virtual reality,7
artificial intelligence,distrust,4
artificial intelligence,botany,12
artificial intelligence,disease,32
artificial intelligence,infectious disease (medical specialty),22
artificial intelligence,risk analysis (engineering),36
artificial intelligence,field (mathematics),34
artificial intelligence,popularity,8
artificial intelligence,pure mathematics,34
artificial intelligence,social psychology,37
artificial intelligence,chatbot,14
artificial intelligence,natural language processing,10
artificial intelligence,identification (biology),11
artificial intelligence,intensive care medicine,14
artificial intelligence,focus (optics),4
artificial intelligence,optics,8
artificial intelligence,antibiotic resistance,3
artificial intelligence,antibiotics,3
artificial intelligence,multidisciplinary approach,3
artificial intelligence,nanoparticle,3
artificial intelligence,algorithm,13
artificial intelligence,microeconomics,3
artificial intelligence,preference,3
artificial intelligence,environmental health,12
artificial intelligence,gene,6
artificial intelligence,genetics,6
artificial intelligence,developmental psychology,7
artificial intelligence,neuroscience,24
artificial intelligence,perception,16
artificial intelligence,health professionals,4
artificial intelligence,healthcare industry,5
artificial intelligence,medical physics,3
artificial intelligence,cyber-physical system,6
artificial intelligence,telecommunications,29
artificial intelligence,wireless,15
artificial intelligence,position paper,3
artificial intelligence,trustworthiness,18
artificial intelligence,internal medicine,22
artificial intelligence,marketing,18
artificial intelligence,information privacy,5
artificial intelligence,reinforcement learning,5
artificial intelligence,scalability,8
artificial intelligence,haptic technology,4
artificial intelligence,parallel computing,7
artificial intelligence,simulation,4
artificial intelligence,tactile sensor,6
artificial intelligence,engineering management,5
artificial intelligence,ehealth,3
artificial intelligence,archaeology,9
artificial intelligence,history,6
artificial intelligence,natural (archaeology),4
artificial intelligence,digital library,3
artificial intelligence,medical diagnosis,8
artificial intelligence,medline,18
artificial intelligence,scopus,13
artificial intelligence,social media,8
artificial intelligence,geometry,5
artificial intelligence,inclusion (mineral),4
artificial intelligence,set (abstract data type),15
artificial intelligence,cognition,5
artificial intelligence,cognitive psychology,12
artificial intelligence,convolutional neural network,8
artificial intelligence,emerging technologies,13
artificial intelligence,best practice,3
artificial intelligence,management,8
artificial intelligence,geography,5
artificial intelligence,personalization,5
artificial intelligence,breast cancer,3
artificial intelligence,cancer,5
artificial intelligence,narrative,4
artificial intelligence,analytics,9
artificial intelligence,sentiment analysis,3
artificial intelligence,mechanical engineering,21
artificial intelligence,scale (ratio),4
artificial intelligence,variety (cybernetics),21
artificial intelligence,work (physics),9
artificial intelligence,limiting,3
artificial intelligence,applied psychology,9
artificial intelligence,clinical psychology,3
artificial intelligence,politics,6
artificial intelligence,feature (linguistics),4
artificial intelligence,communication,7
artificial intelligence,conversation,3
artificial intelligence,empirical research,3
artificial intelligence,qualitative research,4
artificial intelligence,adversarial system,4
artificial intelligence,bridge (graph theory),6
artificial intelligence,robotics,9
artificial intelligence,artificial neural network,19
artificial intelligence,order (exchange),8
artificial intelligence,health communication,3
artificial intelligence,information and communications technology,7
artificial intelligence,pharmacology,3
artificial intelligence,digital transformation,6
artificial intelligence,population,12
artificial intelligence,service (business),6
artificial intelligence,mechanism (biology),3
artificial intelligence,data sharing,5
artificial intelligence,reliability engineering,4
artificial intelligence,robustness (evolution),5
artificial intelligence,authentication (law),3
artificial intelligence,safer,3
artificial intelligence,computer network,16
artificial intelligence,decision tree,10
artificial intelligence,server,3
artificial intelligence,mental healthcare,4
artificial intelligence,materials science,12
artificial intelligence,harm,4
artificial intelligence,business intelligence,3
artificial intelligence,intelligent decision support system,3
artificial intelligence,systematic review,9
artificial intelligence,single point of failure,3
artificial intelligence,nanotechnology,8
artificial intelligence,industry 4.0,5
artificial intelligence,state (computer science),3
artificial intelligence,flexibility (engineering),4
artificial intelligence,terminology,4
artificial intelligence,equity (law),4
artificial intelligence,health records,4
artificial intelligence,systems engineering,6
artificial intelligence,clinical decision making,3
artificial intelligence,aerospace engineering,6
artificial intelligence,productivity,3
artificial intelligence,family medicine,5
artificial intelligence,task (project management),5
artificial intelligence,composite material,7
artificial intelligence,face (sociological concept),3
artificial intelligence,sustainability,3
artificial intelligence,edge device,3
artificial intelligence,raw data,4
artificial intelligence,electronics,6
artificial intelligence,triboelectric effect,4
artificial intelligence,human intelligence,5
artificial intelligence,automation,8
artificial intelligence,intrusion detection system,3
artificial intelligence,protocol (science),5
artificial intelligence,data collection,3
artificial intelligence,openness to experience,3
artificial intelligence,mobile device,3
artificial intelligence,encryption,3
artificial intelligence,salient,4
artificial intelligence,affect (linguistics),3
artificial intelligence,metaverse,4
artificial intelligence,augmented reality,3
artificial intelligence,coronavirus disease 2019 (covid-19),21
artificial intelligence,pandemic,14
artificial intelligence,web of science,4
artificial intelligence,mental illness,3
artificial intelligence,biomedicine,3
artificial intelligence,activity recognition,4
artificial intelligence,feature extraction,3
artificial intelligence,guideline,5
artificial intelligence,class (philosophy),3
artificial intelligence,thermodynamics,3
artificial intelligence,value (mathematics),5
artificial intelligence,fidelity,4
artificial intelligence,generalizability theory,4
artificial intelligence,smart city,3
artificial intelligence,wireless network,3
artificial intelligence,cardiology,3
artificial intelligence,clinical practice,3
artificial intelligence,classifier (uml),5
artificial intelligence,physical therapy,3
artificial intelligence,random forest,7
artificial intelligence,natural language,4
artificial intelligence,operations management,4
artificial intelligence,wireless sensor network,3
artificial intelligence,privacy by design,3
artificial intelligence,checklist,7
artificial intelligence,digital revolution,3
artificial intelligence,dementia,3
artificial intelligence,exploit,3
artificial intelligence,2019-20 coronavirus outbreak,3
artificial intelligence,outbreak,3
artificial intelligence,severe acute respiratory syndrome coronavirus 2 (sars-cov-2),4
artificial intelligence,virology,3
artificial intelligence,consolidated standards of reporting trials,3
computer science,computer security,260
computer science,confidentiality,14
computer science,documentation,7
computer science,economic growth,279
computer science,economics,311
computer science,generative grammar,27
computer science,health care,544
computer science,intervention (counseling),9
computer science,medicine,433
computer science,nursing,136
computer science,operating system,188
computer science,patient safety,9
computer science,process (computing),44
computer science,programming language,71
computer science,software deployment,35
computer science,software engineering,29
computer science,clinical decision support system,21
computer science,data science,311
computer science,decision support system,29
computer science,digital health,124
computer science,health informatics,22
computer science,interpretability,31
computer science,knowledge management,262
computer science,mhealth,21
computer science,psychological intervention,67
computer science,telemedicine,50
computer science,curriculum,15
computer science,descriptive statistics,4
computer science,digital literacy,39
computer science,digital transformation,15
computer science,mathematics,112
computer science,mathematics education,10
computer science,medical education,94
computer science,pedagogy,113
computer science,psychology,361
computer science,statistics,30
computer science,world wide web,216
computer science,law,373
computer science,political science,393
computer science,transformative learning,20
computer science,alternative medicine,36
computer science,autonomy,17
computer science,business,199
computer science,corporate governance,14
computer science,data governance,5
computer science,data quality,5
computer science,data sharing,17
computer science,finance,32
computer science,information privacy,23
computer science,internet privacy,128
computer science,marketing,52
computer science,pathology,152
computer science,service (business),15
computer science,direct anonymous attestation,3
computer science,engineering,215
computer science,engineering ethics,64
computer science,trusted computing,4
computer science,database,54
computer science,transparency (behavior),81
computer science,workflow,34
computer science,human–computer interaction,94
computer science,usability,13
computer science,biology,149
computer science,context (archaeology),84
computer science,paleontology,77
computer science,public relations,99
computer science,safeguarding,6
computer science,process management,25
computer science,public health,55
computer science,archaeology,30
computer science,cinahl,8
computer science,ehealth,34
computer science,geography,29
computer science,health literacy,85
computer science,linguistics,50
computer science,literacy,70
computer science,philosophy,101
computer science,terminology,6
computer science,mental health,39
computer science,psychotherapist,24
computer science,healthcare system,22
computer science,machine learning,158
computer science,bioinformatics,20
computer science,personalized medicine,9
computer science,cloud computing,58
computer science,computer network,49
computer science,environmental health,56
computer science,resource (disambiguation),9
computer science,set (abstract data type),25
computer science,digital divide,19
computer science,information and communications technology,23
computer science,mechanical engineering,41
computer science,work (physics),22
computer science,agency (philosophy),4
computer science,social science,44
computer science,sociology,90
computer science,energy (signal processing),5
computer science,black box,15
computer science,image (mathematics),4
computer science,accountability,19
computer science,applications of artificial intelligence,42
computer science,big data,92
computer science,data mining,78
computer science,deep learning,38
computer science,domain (mathematical analysis),24
computer science,mathematical analysis,41
computer science,precision medicine,17
computer science,epistemology,55
computer science,evolutionary biology,5
computer science,function (biology),5
computer science,quality (philosophy),33
computer science,medical emergency,10
computer science,patient care,3
computer science,radiology,10
computer science,credibility,3
computer science,health professionals,14
computer science,healthcare service,5
computer science,biochemistry,11
computer science,chemistry,16
computer science,clarity,4
computer science,empathy,5
computer science,psychiatry,64
computer science,disease,84
computer science,embedded system,81
computer science,geodesy,4
computer science,telehealth,15
computer science,wearable computer,60
computer science,wearable technology,41
computer science,developmental psychology,16
computer science,generalizability theory,6
computer science,harm,8
computer science,management science,35
computer science,social psychology,91
computer science,perspective (graphical),28
computer science,personalization,10
computer science,computational biology,5
computer science,human–robot interaction,4
computer science,robot,26
computer science,the internet,83
computer science,health education,5
computer science,health equity,11
computer science,internet of things,68
computer science,intrusion detection system,8
computer science,key (lock),29
computer science,modalities,6
computer science,physics,62
computer science,power (physics),25
computer science,quantum mechanics,39
computer science,reliability (semiconductor),20
computer science,architecture,8
computer science,art,18
computer science,blockchain,43
computer science,distributed computing,20
computer science,support vector machine,10
computer science,visual arts,13
computer science,federated learning,6
computer science,metaverse,17
computer science,virtual reality,20
computer science,delphi method,9
computer science,cognitive science,9
computer science,equity (law),14
computer science,ethical issues,4
computer science,relevance (law),11
computer science,scope (computer science),11
computer science,bubble,9
computer science,interface (matter),9
computer science,maximum bubble pressure method,9
computer science,electrical engineering,35
computer science,transformer,6
computer science,voltage,7
computer science,clinical trial,10
computer science,leverage (statistics),18
computer science,ecology,17
computer science,immunology,3
computer science,repurposing,4
computer science,multimedia,17
computer science,edge computing,14
computer science,enhanced data rates for gsm evolution,11
computer science,medical imaging,5
computer science,autism,4
computer science,autism spectrum disorder,3
computer science,action (physics),4
computer science,applied psychology,40
computer science,cognition,11
computer science,communication,18
computer science,health communication,13
computer science,mediation,7
computer science,neuroscience,42
computer science,structural equation modeling,11
computer science,misinformation,10
computer science,library science,17
computer science,media studies,4
computer science,bridge (graph theory),8
computer science,internal medicine,33
computer science,anxiety,4
computer science,avatar,4
computer science,depression (economics),3
computer science,economic shortage,4
computer science,government (linguistics),20
computer science,macroeconomics,11
computer science,ambient intelligence,4
computer science,distrust,4
computer science,systems engineering,18
computer science,wireless sensor network,7
computer science,botany,20
computer science,citizen science,3
computer science,infectious disease (medical specialty),69
computer science,risk analysis (engineering),59
computer science,empowerment,7
computer science,inclusion (mineral),11
computer science,population,42
computer science,portuguese,3
computer science,expectancy theory,5
computer science,management,13
computer science,unified theory of acceptance and use of technology,4
computer science,field (mathematics),43
computer science,popularity,11
computer science,pure mathematics,43
computer science,telecommunications,60
computer science,wireless,27
computer science,wireless network,7
computer science,preprint,3
computer science,chatbot,27
computer science,natural language processing,10
computer science,identification (biology),17
computer science,intensive care medicine,18
computer science,standardization,4
computer science,focus (optics),7
computer science,optics,12
computer science,antibiotic resistance,3
computer science,antibiotics,3
computer science,microbiology,4
computer science,multidisciplinary approach,7
computer science,nanomedicine,3
computer science,nanoparticle,4
computer science,algorithm,18
computer science,microeconomics,6
computer science,preference,3
computer science,history,12
computer science,best practice,4
computer science,gene,8
computer science,genetics,12
computer science,human health,4
computer science,microbiome,3
computer science,perception,29
computer science,gerontology,12
computer science,health promotion,6
computer science,digital library,5
computer science,grey literature,4
computer science,literature,5
computer science,medline,42
computer science,poetry,4
computer science,protocol (science),11
computer science,scopus,20
computer science,metric (unit),4
computer science,operations management,9
computer science,healthcare industry,10
computer science,overhead (engineering),4
computer science,influencer marketing,3
computer science,marketing management,3
computer science,relationship marketing,3
computer science,social media,34
computer science,cartography,3
computer science,scale (ratio),10
computer science,cross-sectional study,7
computer science,family medicine,13
computer science,multivariate analysis,3
computer science,medical physics,4
computer science,cyber-physical system,9
computer science,position paper,4
computer science,trustworthiness,30
computer science,bridging (networking),3
computer science,certification,3
computer science,current (fluid),4
computer science,engineering management,10
computer science,manufacturing engineering,3
computer science,productivity,8
computer science,stakeholder,7
computer science,competence (human resources),6
computer science,information seeking behavior,9
computer science,health information,7
computer science,accounting,6
computer science,capacitive sensing,3
computer science,electronics,11
computer science,pressure sensor,3
computer science,reinforcement learning,6
computer science,scalability,16
computer science,haptic technology,4
computer science,parallel computing,8
computer science,simulation,4
computer science,tactile sensor,6
computer science,health information technology,3
computer science,audit,5
computer science,data integrity,3
computer science,data security,4
computer science,encryption,14
computer science,single point of failure,6
computer science,traceability,6
computer science,qualitative research,10
computer science,sociotechnical system,4
computer science,thematic analysis,6
computer science,workforce,9
computer science,aerospace,3
computer science,aerospace engineering,10
computer science,space (punctuation),5
computer science,space exploration,3
computer science,risk perception,3
computer science,natural (archaeology),4
computer science,medical diagnosis,10
computer science,geometry,10
computer science,hacker,3
computer science,information security,3
computer science,cryptography,8
computer science,theoretical computer science,3
computer science,cognitive psychology,16
computer science,convolutional neural network,8
computer science,emerging technologies,13
computer science,health technology,5
computer science,information technology,4
computer science,diabetes mellitus,5
computer science,endocrinology,5
computer science,state (computer science),4
computer science,industrial organization,3
computer science,supply chain,6
computer science,supply chain management,4
computer science,sustainability,8
computer science,sustainable development,3
computer science,moderation,3
computer science,waste management,3
computer science,meteorology,3
computer science,training (meteorology),3
computer science,breast cancer,3
computer science,cancer,5
computer science,narrative,6
computer science,analytics,17
computer science,relation (database),3
computer science,sentiment analysis,3
computer science,systematic review,21
computer science,variety (cybernetics),21
computer science,information literacy,10
computer science,negotiation,4
computer science,limiting,3
computer science,clinical psychology,10
computer science,interpersonal communication,6
computer science,politics,10
computer science,promotion (chess),3
computer science,feature (linguistics),4
computer science,conversation,6
computer science,empirical research,4
computer science,adversarial system,4
computer science,robotics,9
computer science,artificial neural network,19
computer science,liability,4
computer science,order (exchange),8
computer science,astrobiology,3
computer science,materials science,27
computer science,nanotechnology,21
computer science,coronavirus disease 2019 (covid-19),68
computer science,digital media,7
computer science,face (sociological concept),5
computer science,pandemic,52
computer science,value (mathematics),13
computer science,affect (linguistics),7
computer science,drug,4
computer science,pharmacology,5
computer science,health information national trends survey,4
computer science,information seeking,10
computer science,disadvantaged,3
computer science,demography,7
computer science,exploratory research,3
computer science,digitization,6
computer science,business model,3
computer science,product (mathematics),4
computer science,mechanism (biology),6
computer science,reliability engineering,6
computer science,robustness (evolution),6
computer science,authentication (law),14
computer science,safer,5
computer science,cryptographic protocol,3
computer science,decision tree,11
computer science,server,7
computer science,mental healthcare,7
computer science,representation (politics),3
computer science,workload,4
computer science,business intelligence,3
computer science,globe,3
computer science,intelligent decision support system,3
computer science,economic policy,3
computer science,european union,3
computer science,civil engineering,4
computer science,intersection (aeronautics),4
computer science,industry 4.0,9
computer science,drug development,3
computer science,flexibility (engineering),10
computer science,logistic regression,3
computer science,interoperability,8
computer science,agile software development,4
computer science,health records,6
computer science,clinical decision making,4
computer science,health policy,6
computer science,task (project management),7
computer science,drone,5
computer science,conceptual framework,5
computer science,construct (python library),3
computer science,novelty,3
computer science,construct validity,3
computer science,psychometrics,4
computer science,composite material,9
computer science,triage,4
computer science,augmented reality,6
computer science,optoelectronics,5
computer science,environmental science,3
computer science,edge device,4
computer science,raw data,4
computer science,scheme (mathematics),4
computer science,digital revolution,6
computer science,dashboard,3
computer science,test (biology),6
computer science,life expectancy,3
computer science,data collection,6
computer science,piezoresistive effect,3
computer science,triboelectric effect,4
computer science,excellence,3
computer science,focus group,3
computer science,human intelligence,5
computer science,automation,11
computer science,smart device,3
computer science,smart system,4
computer science,openness to experience,3
computer science,electronic skin,3
computer science,mobile device,5
computer science,confirmatory factor analysis,3
computer science,likert scale,3
computer science,salient,4
computer science,realm,3
computer science,smart city,9
computer science,surgery,3
computer science,electronic engineering,3
computer science,geology,4
computer science,prognostics,3
computer science,smartwatch,4
computer science,smart contract,3
computer science,physical therapy,7
computer science,inequality,7
computer science,limit (mathematics),3
computer science,cyberspace,3
computer science,computer hardware,4
computer science,psycinfo,5
computer science,web of science,4
computer science,mental illness,3
computer science,developing country,3
computer science,implementation,4
computer science,latent dirichlet allocation,3
computer science,topic model,3
computer science,biomedicine,3
computer science,operations research,3
computer science,activity recognition,4
computer science,feature extraction,3
computer science,anthropology,5
computer science,guideline,5
computer science,class (philosophy),3
computer science,2019-20 coronavirus outbreak,9
computer science,outbreak,10
computer science,severe acute respiratory syndrome coronavirus 2 (sars-cov-2),10
computer science,virology,10
computer science,thermodynamics,4
computer science,information system,3
computer science,social distance,7
computer science,entertainment,3
computer science,information dissemination,3
computer science,socioeconomic status,3
computer science,database transaction,3
computer science,fidelity,4
computer science,informatics,4
computer science,smart grid,4
computer science,digital learning,3
computer science,downtime,3
computer science,predictive analytics,3
computer science,predictive maintenance,3
computer science,benchmark (surveying),3
computer science,cardiology,3
computer science,clinical practice,3
computer science,population health,4
computer science,classifier (uml),5
computer science,real-time computing,3
computer science,random forest,8
computer science,tourism,3
computer science,contact tracing,3
computer science,natural language,4
computer science,structural engineering,6
computer science,bluetooth,3
computer science,incentive,3
computer science,dissemination,4
computer science,privacy by design,3
computer science,checklist,7
computer science,software,3
computer science,originality,3
computer science,information retrieval,4
computer science,rehabilitation,3
computer science,social inequality,4
computer science,dementia,3
computer science,exploit,3
computer science,phone,3
computer science,consolidated standards of reporting trials,3
computer science,python (programming language),3
computer science,smart objects,3
computer security,confidentiality,13
computer security,documentation,5
computer security,economic growth,74
computer security,economics,79
computer security,generative grammar,3
computer security,health care,133
computer security,medicine,68
computer security,nursing,13
computer security,operating system,77
computer security,patient safety,3
computer security,process (computing),13
computer security,programming language,15
computer security,software deployment,18
computer security,software engineering,17
computer security,alternative medicine,13
computer security,autonomy,5
computer security,business,60
computer security,corporate governance,4
computer security,data governance,3
computer security,data quality,3
computer security,data sharing,9
computer security,finance,11
computer security,information privacy,20
computer security,internet privacy,52
computer security,knowledge management,56
computer security,law,75
computer security,marketing,11
computer security,pathology,31
computer security,pedagogy,11
computer security,political science,78
computer security,psychology,42
computer security,transformative learning,5
computer security,direct anonymous attestation,3
computer security,engineering,46
computer security,engineering ethics,15
computer security,trusted computing,4
computer security,database,18
computer security,transparency (behavior),78
computer security,workflow,7
computer security,data science,84
computer security,healthcare system,8
computer security,machine learning,30
computer security,cloud computing,35
computer security,accountability,11
computer security,applications of artificial intelligence,7
computer security,big data,33
computer security,data mining,21
computer security,deep learning,7
computer security,digital health,12
computer security,domain (mathematical analysis),9
computer security,mathematical analysis,15
computer security,mathematics,32
computer security,black box,7
computer security,medical emergency,3
computer security,internet of things,47
computer security,intrusion detection system,8
computer security,key (lock),27
computer security,computer network,27
computer security,architecture,6
computer security,art,7
computer security,blockchain,43
computer security,distributed computing,12
computer security,support vector machine,4
computer security,the internet,27
computer security,visual arts,6
computer security,world wide web,53
computer security,human–computer interaction,21
computer security,metaverse,5
computer security,virtual reality,5
computer security,clinical decision support system,6
computer security,decision support system,9
computer security,process management,10
computer security,misinformation,9
computer security,telecommunications,26
computer security,wireless,14
computer security,wireless network,4
computer security,biology,33
computer security,health professionals,4
computer security,cyber-physical system,7
computer security,physics,15
computer security,quantum mechanics,11
computer security,epistemology,8
computer security,perspective (graphical),4
computer security,philosophy,21
computer security,sociology,10
computer security,trustworthiness,20
computer security,government (linguistics),7
computer security,health informatics,6
computer security,linguistics,14
computer security,public relations,14
computer security,field (mathematics),13
computer security,pure mathematics,13
computer security,accounting,4
computer security,embedded system,23
computer security,multimedia,3
computer security,wearable computer,13
computer security,wearable technology,9
computer security,reinforcement learning,4
computer security,scalability,9
computer security,engineering management,5
computer security,psychological intervention,4
computer security,public health,5
computer security,social psychology,14
computer security,audit,3
computer security,data integrity,3
computer security,data security,4
computer security,encryption,14
computer security,power (physics),8
computer security,reliability (semiconductor),8
computer security,single point of failure,5
computer security,traceability,6
computer security,medical diagnosis,3
computer security,medline,7
computer security,hacker,3
computer security,information security,3
computer security,algorithm,5
computer security,cryptography,8
computer security,emerging technologies,6
computer security,leverage (statistics),4
computer security,context (archaeology),15
computer security,medical education,5
computer security,paleontology,18
computer security,systematic review,5
computer security,health literacy,6
computer security,literacy,4
computer security,robot,5
computer security,psychiatry,3
computer security,order (exchange),3
computer security,risk analysis (engineering),21
computer security,information and communications technology,6
computer security,mechanical engineering,10
computer security,work (physics),3
computer security,management,3
computer security,authentication (law),14
computer security,safer,5
computer security,cryptographic protocol,3
computer security,protocol (science),4
computer security,server,5
computer security,social science,4
computer security,drone,4
computer security,genetics,5
computer security,ecology,5
computer security,geography,4
computer security,identification (biology),4
computer security,sustainability,3
computer security,data collection,4
computer security,statistics,7
computer security,telemedicine,6
computer security,interpretability,15
computer security,management science,6
computer security,biochemistry,4
computer security,chemistry,5
computer security,gene,3
computer security,robustness (evolution),3
computer security,federated learning,3
computer security,automation,7
computer security,popularity,5
computer security,smart device,3
computer security,smart system,3
computer security,openness to experience,3
computer security,edge computing,7
computer security,enhanced data rates for gsm evolution,4
computer security,interoperability,4
computer security,analytics,6
computer security,smart city,7
computer security,smart contract,3
computer security,systems engineering,4
computer security,environmental health,4
computer security,digitization,3
computer security,coronavirus disease 2019 (covid-19),14
computer security,disease,14
computer security,infectious disease (medical specialty),14
computer security,pandemic,9
computer security,industry 4.0,4
computer security,supply chain,3
computer security,variety (cybernetics),8
computer security,database transaction,3
computer security,electrical engineering,6
computer security,smart grid,3
computer security,botany,4
computer security,scheme (mathematics),3
computer security,set (abstract data type),3
computer security,population,3
computer security,wireless sensor network,3
computer security,artificial neural network,4
computer security,geometry,4
computer security,social media,3
computer security,mobile device,3
computer security,exploit,3
confidentiality,economic growth,6
confidentiality,economics,6
confidentiality,health care,11
confidentiality,medicine,8
confidentiality,operating system,5
confidentiality,business,4
confidentiality,information privacy,5
confidentiality,internet privacy,7
confidentiality,knowledge management,3
confidentiality,law,4
confidentiality,marketing,4
confidentiality,political science,4
confidentiality,internet of things,5
confidentiality,big data,4
confidentiality,transparency (behavior),3
confidentiality,biology,3
confidentiality,world wide web,3
confidentiality,data science,3
documentation,health care,6
documentation,medicine,4
documentation,programming language,7
documentation,engineering,3
documentation,knowledge management,3
documentation,law,4
documentation,political science,4
documentation,transparency (behavior),4
economic growth,economics,338
economic growth,generative grammar,6
economic growth,health care,325
economic growth,intervention (counseling),9
economic growth,medicine,191
economic growth,nursing,72
economic growth,operating system,62
economic growth,patient safety,8
economic growth,process (computing),15
economic growth,programming language,25
economic growth,software deployment,11
economic growth,software engineering,10
economic growth,clinical decision support system,9
economic growth,data science,114
economic growth,decision support system,11
economic growth,digital health,61
economic growth,health informatics,12
economic growth,interpretability,7
economic growth,knowledge management,81
economic growth,mhealth,8
economic growth,psychological intervention,32
economic growth,telemedicine,34
economic growth,curriculum,5
economic growth,descriptive statistics,4
economic growth,digital literacy,13
economic growth,digital transformation,6
economic growth,mathematics,51
economic growth,mathematics education,5
economic growth,medical education,39
economic growth,pedagogy,41
economic growth,psychology,118
economic growth,statistics,19
economic growth,world wide web,67
economic growth,biochemistry,7
economic growth,bioinformatics,10
economic growth,biology,53
economic growth,drug,3
economic growth,gene,4
economic growth,pathology,62
economic growth,personalized medicine,7
economic growth,pharmacology,3
economic growth,precision medicine,9
economic growth,business,68
economic growth,database,22
economic growth,transparency (behavior),14
economic growth,workflow,14
economic growth,anxiety,4
economic growth,developmental psychology,8
economic growth,medical diagnosis,5
economic growth,mental health,25
economic growth,psychiatry,38
economic growth,transformative learning,5
economic growth,digital divide,9
economic growth,engineering,35
economic growth,information and communications technology,11
economic growth,mechanical engineering,11
economic growth,political science,68
economic growth,public relations,17
economic growth,social determinants of health,4
economic growth,work (physics),7
economic growth,machine learning,48
economic growth,engineering ethics,5
economic growth,global health,3
economic growth,health equity,7
economic growth,law,63
economic growth,social media,6
economic growth,domain (mathematical analysis),13
economic growth,epistemology,25
economic growth,health professionals,6
economic growth,healthcare service,4
economic growth,internet privacy,38
economic growth,marketing,22
economic growth,mathematical analysis,22
economic growth,philosophy,36
economic growth,quality (philosophy),14
economic growth,service (business),9
economic growth,chemistry,6
economic growth,clarity,3
economic growth,human–computer interaction,36
economic growth,personalization,5
economic growth,set (abstract data type),8
economic growth,process management,10
economic growth,big data,38
economic growth,data mining,30
economic growth,modalities,5
economic growth,social science,22
economic growth,sociology,29
economic growth,internet of things,24
economic growth,the internet,26
economic growth,china,3
economic growth,environmental health,39
economic growth,health literacy,56
economic growth,literacy,39
economic growth,clinical trial,3
economic growth,leverage (statistics),8
economic growth,multimedia,6
economic growth,telehealth,10
economic growth,edge computing,6
economic growth,enhanced data rates for gsm evolution,4
economic growth,alternative medicine,11
economic growth,blockchain,17
economic growth,computer network,13
economic growth,data sharing,7
economic growth,distributed computing,4
economic growth,focus (optics),3
economic growth,optics,3
economic growth,physics,20
economic growth,ehealth,19
economic growth,embedded system,24
economic growth,gerontology,21
economic growth,health promotion,5
economic growth,mediation,3
economic growth,public health,27
economic growth,wearable computer,19
economic growth,wearable technology,16
economic growth,linguistics,12
economic growth,healthcare industry,9
economic growth,cloud computing,20
economic growth,popularity,4
economic growth,social psychology,24
economic growth,biostatistics,5
economic growth,cross-sectional study,8
economic growth,family medicine,18
economic growth,internal medicine,20
economic growth,chatbot,4
economic growth,cyber-physical system,3
economic growth,quantum mechanics,16
economic growth,telecommunications,17
economic growth,wireless,6
economic growth,engineering management,6
economic growth,archaeology,9
economic growth,context (archaeology),27
economic growth,geography,7
economic growth,productivity,3
economic growth,disease,31
economic growth,risk analysis (engineering),18
economic growth,applications of artificial intelligence,11
economic growth,deep learning,13
economic growth,usability,7
economic growth,health information,4
economic growth,clinical psychology,11
economic growth,health education,3
economic growth,health information national trends survey,3
economic growth,macroeconomics,3
economic growth,key (lock),7
economic growth,field (mathematics),10
economic growth,geometry,4
economic growth,medical imaging,4
economic growth,pure mathematics,10
economic growth,audit,3
economic growth,operations management,3
economic growth,paleontology,30
economic growth,management,4
economic growth,materials science,3
economic growth,power (physics),11
economic growth,reliability (semiconductor),11
economic growth,structural equation modeling,7
economic growth,analytics,7
economic growth,botany,7
economic growth,identification (biology),6
economic growth,relevance (law),3
economic growth,intensive care medicine,9
economic growth,metaverse,6
economic growth,virtual reality,6
economic growth,equity (law),9
economic growth,black box,3
economic growth,applied psychology,17
economic growth,qualitative research,8
economic growth,thematic analysis,4
economic growth,cinahl,5
economic growth,medline,21
economic growth,scopus,8
economic growth,physical therapy,8
economic growth,randomized controlled trial,4
economic growth,systematic review,10
economic growth,algorithm,5
economic growth,affect (linguistics),5
economic growth,communication,6
economic growth,neuroscience,10
economic growth,quality of life (healthcare),4
economic growth,disadvantaged,3
economic growth,demography,5
economic growth,emerging technologies,4
economic growth,population,26
economic growth,digitization,4
economic growth,stakeholder,4
economic growth,variety (cybernetics),10
economic growth,autonomy,3
economic growth,psychotherapist,8
economic growth,perception,5
economic growth,workload,4
economic growth,value (mathematics),6
economic growth,authentication (law),6
economic growth,encryption,4
economic growth,single point of failure,3
economic growth,health records,6
economic growth,patient portal,3
economic growth,systems engineering,5
economic growth,cognition,5
economic growth,digital media,3
economic growth,decision tree,3
economic growth,resource (disambiguation),3
economic growth,artificial neural network,3
economic growth,construct validity,3
economic growth,cronbach's alpha,4
economic growth,psychometrics,5
economic growth,scale (ratio),7
economic growth,raw data,3
economic growth,scheme (mathematics),4
economic growth,server,3
economic growth,trustworthiness,5
economic growth,bubble,3
economic growth,interface (matter),3
economic growth,maximum bubble pressure method,3
economic growth,parallel computing,3
economic growth,test (biology),6
economic growth,data collection,6
economic growth,scope (computer science),4
economic growth,information privacy,6
economic growth,confirmatory factor analysis,3
economic growth,scalability,5
economic growth,cognitive psychology,5
economic growth,mechanism (biology),3
economic growth,healthcare system,7
economic growth,2019-20 coronavirus outbreak,3
economic growth,coronavirus disease 2019 (covid-19),24
economic growth,infectious disease (medical specialty),24
economic growth,outbreak,3
economic growth,pandemic,18
economic growth,severe acute respiratory syndrome coronavirus 2 (sars-cov-2),3
economic growth,virology,3
economic growth,mental illness,4
economic growth,perspective (graphical),6
economic growth,developing country,3
economic growth,medical emergency,7
economic growth,psycinfo,4
economic growth,population health,3
economic growth,politics,3
economic growth,architecture,5
economic growth,art,5
economic growth,visual arts,5
economic growth,odds ratio,3
economic growth,socioeconomic status,4
economic growth,interoperability,4
economic growth,electrical engineering,4
economic growth,generalizability theory,4
economic growth,logistic regression,3
economic growth,social distance,4
economic growth,history,5
economic growth,mental healthcare,4
economic growth,natural (archaeology),3
economic growth,flexibility (engineering),4
economic growth,finance,5
economic growth,government (linguistics),4
economic growth,checklist,3
economic growth,information retrieval,3
economic growth,inequality,4
economic growth,health policy,4
economics,generative grammar,6
economics,health care,329
economics,intervention (counseling),9
economics,medicine,199
economics,nursing,73
economics,operating system,69
economics,patient safety,8
economics,process (computing),16
economics,programming language,27
economics,software deployment,13
economics,software engineering,11
economics,clinical decision support system,9
economics,data science,124
economics,decision support system,12
economics,digital health,62
economics,health informatics,13
economics,interpretability,7
economics,knowledge management,92
economics,mhealth,8
economics,psychological intervention,33
economics,telemedicine,34
economics,curriculum,5
economics,descriptive statistics,4
economics,digital literacy,13
economics,digital transformation,6
economics,mathematics,54
economics,mathematics education,5
economics,medical education,40
economics,pedagogy,41
economics,psychology,130
economics,statistics,21
economics,world wide web,69
economics,biochemistry,8
economics,bioinformatics,10
economics,biology,59
economics,drug,3
economics,gene,5
economics,pathology,67
economics,personalized medicine,7
economics,pharmacology,3
economics,precision medicine,10
economics,business,81
economics,database,23
economics,transparency (behavior),14
economics,workflow,15
economics,anxiety,7
economics,developmental psychology,8
economics,medical diagnosis,5
economics,mental health,26
economics,psychiatry,42
economics,transformative learning,5
economics,digital divide,9
economics,engineering,47
economics,information and communications technology,11
economics,mechanical engineering,15
economics,political science,82
economics,public relations,20
economics,social determinants of health,4
economics,work (physics),10
economics,machine learning,51
economics,engineering ethics,7
economics,global health,3
economics,health equity,7
economics,law,76
economics,social media,7
economics,domain (mathematical analysis),13
economics,epistemology,29
economics,health professionals,6
economics,healthcare service,4
economics,internet privacy,38
economics,marketing,26
economics,mathematical analysis,22
economics,philosophy,42
economics,quality (philosophy),16
economics,service (business),10
economics,chemistry,7
economics,clarity,3
economics,human–computer interaction,40
economics,personalization,5
economics,set (abstract data type),9
economics,process management,10
economics,big data,41
economics,data mining,34
economics,modalities,5
economics,social science,24
economics,sociology,33
economics,internet of things,25
economics,agriculture,4
economics,archaeology,11
economics,geography,9
economics,the internet,27
economics,china,3
economics,environmental health,39
economics,health literacy,56
economics,literacy,39
economics,clinical trial,3
economics,leverage (statistics),8
economics,multimedia,7
economics,telehealth,10
economics,edge computing,6
economics,enhanced data rates for gsm evolution,4
economics,alternative medicine,11
economics,blockchain,17
economics,computer network,16
economics,data sharing,7
economics,distributed computing,4
economics,applications of artificial intelligence,13
economics,depression (economics),5
economics,government (linguistics),6
economics,linguistics,15
economics,macroeconomics,14
economics,psychotherapist,10
economics,virtual reality,7
economics,autonomy,5
economics,context (archaeology),29
economics,expectancy theory,3
economics,management,13
economics,paleontology,32
economics,resource (disambiguation),5
economics,social psychology,30
economics,focus (optics),3
economics,optics,3
economics,physics,22
economics,chatbot,6
economics,microeconomics,6
economics,preference,3
economics,best practice,3
economics,management science,8
economics,ehealth,19
economics,embedded system,25
economics,gerontology,21
economics,health promotion,5
economics,mediation,3
economics,public health,28
economics,wearable computer,19
economics,wearable technology,16
economics,healthcare industry,9
economics,cloud computing,21
economics,popularity,4
economics,biostatistics,5
economics,cross-sectional study,8
economics,family medicine,18
economics,internal medicine,21
economics,cyber-physical system,4
economics,quantum mechanics,18
economics,telecommunications,19
economics,wireless,6
economics,engineering management,7
economics,manufacturing engineering,3
economics,productivity,8
economics,disease,34
economics,risk analysis (engineering),21
economics,deep learning,16
economics,usability,8
economics,health information,4
economics,clinical psychology,11
economics,health education,3
economics,health information national trends survey,3
economics,key (lock),9
economics,ecology,4
economics,production (economics),3
economics,sustainability,4
economics,field (mathematics),11
economics,geometry,5
economics,medical imaging,4
economics,pure mathematics,11
economics,accountability,3
economics,audit,4
economics,operations management,4
economics,supply chain,3
economics,materials science,3
economics,power (physics),11
economics,reliability (semiconductor),11
economics,structural equation modeling,7
economics,analytics,10
economics,botany,8
economics,identification (biology),7
economics,natural language processing,3
economics,relevance (law),4
economics,intensive care medicine,10
economics,scale (ratio),8
economics,variety (cybernetics),11
economics,metaverse,6
economics,equity (law),9
economics,black box,3
economics,applied psychology,18
economics,qualitative research,8
economics,thematic analysis,4
economics,art,7
economics,neuroscience,12
economics,perception,6
economics,visual arts,7
economics,cinahl,5
economics,medline,22
economics,scopus,8
economics,physical therapy,8
economics,randomized controlled trial,4
economics,systematic review,11
economics,algorithm,5
economics,corporate governance,3
economics,trustworthiness,6
economics,affect (linguistics),5
economics,communication,6
economics,quality of life (healthcare),4
economics,disadvantaged,3
economics,demography,5
economics,emerging technologies,5
economics,population,26
economics,digitization,4
economics,stakeholder,4
economics,reliability engineering,4
economics,electrical engineering,6
economics,finance,10
economics,transformer,3
economics,voltage,3
economics,workload,4
economics,value (mathematics),6
economics,authentication (law),6
economics,encryption,4
economics,single point of failure,3
economics,robot,3
economics,health records,6
economics,patient portal,3
economics,systems engineering,6
economics,cognition,5
economics,digital media,3
economics,decision tree,3
economics,artificial neural network,3
economics,task (project management),5
economics,multidisciplinary approach,3
economics,construct validity,3
economics,cronbach's alpha,4
economics,psychometrics,5
economics,raw data,3
economics,scheme (mathematics),4
economics,server,3
economics,bubble,5
economics,interface (matter),5
economics,maximum bubble pressure method,5
economics,parallel computing,5
economics,test (biology),6
economics,data collection,6
economics,scope (computer science),5
economics,information privacy,6
economics,confirmatory factor analysis,3
economics,cognitive psychology,6
economics,salient,4
economics,perspective (graphical),7
economics,scalability,5
economics,mechanism (biology),3
economics,healthcare system,7
economics,2019-20 coronavirus outbreak,3
economics,coronavirus disease 2019 (covid-19),27
economics,infectious disease (medical specialty),27
economics,outbreak,3
economics,pandemic,21
economics,severe acute respiratory syndrome coronavirus 2 (sars-cov-2),3
economics,virology,3
economics,mental illness,4
economics,industry 4.0,4
economics,developing country,3
economics,medical emergency,7
economics,psycinfo,4
economics,population health,3
economics,politics,4
economics,architecture,5
economics,odds ratio,3
economics,socioeconomic status,4
economics,interoperability,4
economics,generalizability theory,4
economics,logistic regression,3
economics,social distance,4
economics,history,5
economics,mental healthcare,4
economics,natural (archaeology),3
economics,incentive,3
economics,flexibility (engineering),5
economics,automation,3
economics,checklist,3
economics,information retrieval,3
economics,inequality,4
economics,health policy,4
generative grammar,health care,13
generative grammar,medicine,8
generative grammar,nursing,5
generative grammar,operating system,3
generative grammar,programming language,3
generative grammar,business,6
generative grammar,knowledge management,5
generative grammar,law,9
generative grammar,political science,10
generative grammar,public health,3
generative grammar,pedagogy,8
generative grammar,psychology,12
generative grammar,transformative learning,5
generative grammar,engineering,11
generative grammar,engineering ethics,4
generative grammar,epistemology,4
generative grammar,management science,5
generative grammar,perspective (graphical),3
generative grammar,philosophy,5
generative grammar,sociology,6
generative grammar,biology,3
generative grammar,data science,7
generative grammar,world wide web,4
generative grammar,electrical engineering,3
generative grammar,transformer,3
generative grammar,voltage,3
generative grammar,mathematics,3
generative grammar,marketing,3
generative grammar,physics,3
generative grammar,public relations,3
health care,intervention (counseling),12
health care,medicine,416
health care,nursing,173
health care,operating system,88
health care,patient safety,11
health care,process (computing),21
health care,programming language,44
health care,software deployment,20
health care,software engineering,15
health care,clinical decision support system,13
health care,data science,175
health care,decision support system,16
health care,digital health,170
health care,health informatics,24
health care,interpretability,15
health care,knowledge management,200
health care,mhealth,20
health care,psychological intervention,69
health care,telemedicine,62
health care,curriculum,19
health care,descriptive statistics,8
health care,digital literacy,48
health care,digital transformation,11
health care,mathematics,71
health care,mathematics education,12
health care,medical education,131
health care,pedagogy,154
health care,psychology,332
health care,statistics,27
health care,world wide web,126
health care,law,411
health care,political science,416
health care,transformative learning,19
health care,alternative medicine,23
health care,autonomy,12
health care,business,141
health care,corporate governance,9
health care,data governance,4
health care,data quality,4
health care,data sharing,11
health care,finance,19
health care,information privacy,13
health care,internet privacy,85
health care,marketing,32
health care,pathology,124
health care,service (business),12
health care,biochemistry,9
health care,bioinformatics,13
health care,biology,94
health care,drug,3
health care,gene,6
health care,personalized medicine,10
health care,pharmacology,3
health care,precision medicine,12
health care,engineering,103
health care,engineering ethics,49
health care,trusted computing,3
health care,database,33
health care,transparency (behavior),51
health care,workflow,24
health care,human–computer interaction,45
health care,usability,9
health care,environmental health,75
health care,health literacy,170
health care,literacy,126
health care,public health,70
health care,context (archaeology),66
health care,paleontology,61
health care,public relations,89
health care,safeguarding,6
health care,process management,16
health care,archaeology,29
health care,cinahl,14
health care,ehealth,44
health care,geography,29
health care,linguistics,28
health care,philosophy,66
health care,terminology,3
health care,mental health,38
health care,psychotherapist,19
health care,anxiety,6
health care,developmental psychology,17
health care,medical diagnosis,6
health care,psychiatry,56
health care,healthcare system,23
health care,machine learning,59
health care,association (psychology),4
health care,computer network,16
health care,resource (disambiguation),6
health care,set (abstract data type),16
health care,digital divide,14
health care,information and communications technology,17
health care,mechanical engineering,23
health care,social determinants of health,6
health care,work (physics),16
health care,gerontology,36
health care,social science,41
health care,sociology,76
health care,accountability,16
health care,applications of artificial intelligence,29
health care,big data,54
health care,data mining,41
health care,deep learning,15
health care,domain (mathematical analysis),16
health care,mathematical analysis,24
health care,global health,4
health care,health equity,21
health care,social media,21
health care,standardization,3
health care,epistemology,40
health care,health professionals,18
health care,healthcare service,5
health care,quality (philosophy),21
health care,chemistry,10
health care,clarity,3
health care,empathy,5
health care,disease,68
health care,embedded system,29
health care,geodesy,3
health care,telehealth,20
health care,wearable computer,25
health care,wearable technology,21
health care,social psychology,62
health care,generalizability theory,6
health care,harm,6
health care,management science,10
health care,personalization,7
health care,the internet,48
health care,health education,14
health care,modalities,6
health care,perspective (graphical),14
health care,physics,40
health care,power (physics),18
health care,quantum mechanics,31
health care,reliability (semiconductor),16
health care,internet of things,29
health care,federated learning,4
health care,robot,6
health care,china,4
health care,delphi method,4
health care,equity (law),20
health care,ethical issues,4
health care,informed consent,3
health care,relevance (law),7
health care,scope (computer science),6
health care,cochrane library,4
health care,family medicine,30
health care,internal medicine,32
health care,medline,46
health care,meta-analysis,6
health care,systematic review,22
health care,electrical engineering,8
health care,transformer,4
health care,voltage,4
health care,clinical trial,3
health care,leverage (statistics),9
health care,multimedia,9
health care,applied psychology,32
health care,cognition,6
health care,communication,16
health care,health communication,9
health care,mediation,6
health care,neuroscience,23
health care,structural equation modeling,11
health care,library science,13
health care,edge computing,7
health care,enhanced data rates for gsm evolution,4
health care,blockchain,18
health care,distributed computing,5
health care,ambient intelligence,3
health care,empowerment,8
health care,inclusion (mineral),12
health care,population,47
health care,portuguese,4
health care,focus (optics),6
health care,optics,6
health care,health promotion,10
health care,intensive care medicine,12
health care,art,9
health care,digital library,3
health care,grey literature,6
health care,literature,3
health care,protocol (science),3
health care,scopus,16
health care,metric (unit),3
health care,operations management,4
health care,healthcare industry,10
health care,cloud computing,23
health care,popularity,4
health care,coronavirus disease 2019 (covid-19),58
health care,infectious disease (medical specialty),58
health care,pandemic,47
health care,cartography,4
health care,scale (ratio),15
health care,biostatistics,6
health care,cross-sectional study,20
health care,multivariate analysis,3
health care,chatbot,9
health care,cyber-physical system,3
health care,telecommunications,19
health care,wireless,6
health care,government (linguistics),7
health care,risk analysis (engineering),27
health care,engineering management,5
health care,key (lock),13
health care,stakeholder,7
health care,information seeking behavior,9
health care,history,9
health care,natural (archaeology),4
health care,qualitative research,15
health care,thematic analysis,9
health care,field (mathematics),18
health care,pure mathematics,19
health care,trustworthiness,17
health care,health information,10
health care,health policy,11
health care,digital media,6
health care,clinical psychology,17
health care,health information national trends survey,7
health care,macroeconomics,3
health care,health information technology,3
health care,workforce,11
health care,perception,18
health care,pharmacy,3
health care,geometry,6
health care,medical imaging,4
health care,accounting,4
health care,audit,3
health care,emerging technologies,5
health care,health technology,5
health care,information technology,4
health care,physical therapy,10
health care,best practice,4
health care,management,4
health care,materials science,3
health care,analytics,9
health care,botany,9
health care,identification (biology),7
health care,relation (database),3
health care,variety (cybernetics),14
health care,metaverse,8
health care,virtual reality,8
health care,information literacy,17
health care,narrative,7
health care,checklist,4
health care,cognitive psychology,9
health care,misinformation,8
health care,limiting,4
health care,black box,6
health care,empirical research,3
health care,robotics,4
health care,compassion,3
health care,liability,4
health care,visual arts,6
health care,demography,7
health care,face (sociological concept),4
health care,order (exchange),6
health care,value (mathematics),8
health care,randomized controlled trial,4
health care,algorithm,5
health care,affect (linguistics),7
health care,quality of life (healthcare),4
health care,information seeking,10
health care,disadvantaged,4
health care,surgery,3
health care,digitization,3
health care,product (mathematics),3
health care,robustness (evolution),4
health care,politics,7
health care,workload,4
health care,2019-20 coronavirus outbreak,8
health care,outbreak,8
health care,severe acute respiratory syndrome coronavirus 2 (sars-cov-2),7
health care,virology,7
health care,economic policy,3
health care,european union,3
health care,competence (human resources),6
health care,multidisciplinary approach,7
health care,authentication (law),7
health care,encryption,5
health care,single point of failure,3
health care,mental health literacy,4
health care,mental illness,7
health care,decision tree,4
health care,flexibility (engineering),6
health care,logistic regression,6
health care,odds ratio,5
health care,interoperability,7
health care,health records,7
health care,patient portal,3
health care,systems engineering,7
health care,artificial neural network,3
health care,radiology,3
health care,task (project management),3
health care,construct validity,6
health care,cronbach's alpha,6
health care,psychometrics,9
health care,medical emergency,12
health care,triage,5
health care,raw data,3
health care,scheme (mathematics),4
health care,server,3
health care,dashboard,3
health care,bubble,3
health care,interface (matter),3
health care,maximum bubble pressure method,3
health care,parallel computing,3
health care,test (biology),11
health care,data collection,7
health care,excellence,3
health care,focus group,4
health care,conversation,5
health care,confirmatory factor analysis,5
health care,exploratory factor analysis,3
health care,scalability,6
health care,psycinfo,7
health care,mechanism (biology),5
health care,beneficence,3
health care,economic justice,3
health care,implementation,3
health care,population health,5
health care,genetics,4
health care,pregnancy,3
health care,anthropology,6
health care,mental healthcare,6
health care,architecture,5
health care,mobile device,3
health care,distrust,3
health care,promotion (chess),3
health care,socioeconomic status,6
health care,informatics,3
health care,operationalization,3
health care,content analysis,3
health care,social distance,4
health care,clinical practice,3
health care,computer-assisted web interviewing,3
health care,ecology,3
health care,emergency medicine,3
health care,dissemination,3
health care,hrhis,3
health care,preparedness,4
health care,originality,3
health care,information retrieval,3
health care,rehabilitation,3
health care,openness to experience,3
intervention (counseling),medicine,14
intervention (counseling),nursing,12
intervention (counseling),family medicine,3
intervention (counseling),law,4
intervention (counseling),political science,4
intervention (counseling),data science,4
intervention (counseling),digital health,8
intervention (counseling),ehealth,5
intervention (counseling),psychological intervention,6
intervention (counseling),psychology,13
intervention (counseling),health literacy,7
intervention (counseling),literacy,7
intervention (counseling),medical education,6
intervention (counseling),pedagogy,7
intervention (counseling),world wide web,4
intervention (counseling),psychiatry,5
intervention (counseling),gerontology,3
intervention (counseling),digital literacy,4
intervention (counseling),environmental health,3
intervention (counseling),population,3
medicine,nursing,211
medicine,operating system,57
medicine,patient safety,8
medicine,process (computing),15
medicine,programming language,31
medicine,software deployment,9
medicine,software engineering,6
medicine,clinical decision support system,13
medicine,data science,124
medicine,decision support system,14
medicine,digital health,136
medicine,health informatics,22
medicine,interpretability,14
medicine,knowledge management,114
medicine,mhealth,19
medicine,psychological intervention,87
medicine,telemedicine,50
medicine,curriculum,20
medicine,descriptive statistics,8
medicine,digital literacy,40
medicine,digital transformation,8
medicine,mathematics,51
medicine,mathematics education,14
medicine,medical education,151
medicine,pedagogy,147
medicine,psychology,323
medicine,statistics,24
medicine,world wide web,96
medicine,alternative medicine,42
medicine,autonomy,8
medicine,business,93
medicine,corporate governance,7
medicine,data governance,3
medicine,data quality,3
medicine,data sharing,17
medicine,finance,15
medicine,information privacy,8
medicine,internet privacy,62
medicine,law,315
medicine,marketing,24
medicine,pathology,224
medicine,political science,325
medicine,service (business),8
medicine,transformative learning,16
medicine,biochemistry,9
medicine,bioinformatics,20
medicine,biology,96
medicine,computational biology,7
medicine,drug,7
medicine,drug development,4
medicine,gene,7
medicine,medical physics,8
medicine,personalized medicine,8
medicine,pharmacology,8
medicine,precision medicine,20
medicine,environmental health,100
medicine,health literacy,155
medicine,literacy,122
medicine,public health,93
medicine,context (archaeology),57
medicine,paleontology,51
medicine,public relations,83
medicine,safeguarding,7
medicine,process management,7
medicine,archaeology,29
medicine,cinahl,15
medicine,ehealth,40
medicine,geography,30
medicine,linguistics,34
medicine,philosophy,58
medicine,terminology,3
medicine,mental health,42
medicine,psychotherapist,15
medicine,anxiety,11
medicine,developmental psychology,17
medicine,medical diagnosis,11
medicine,psychiatry,77
medicine,association (psychology),4
medicine,computer network,14
medicine,resource (disambiguation),6
medicine,set (abstract data type),12
medicine,gerontology,40
medicine,accountability,12
medicine,applications of artificial intelligence,22
medicine,big data,36
medicine,data mining,27
medicine,deep learning,12
medicine,domain (mathematical analysis),3
medicine,mathematical analysis,12
medicine,transparency (behavior),27
medicine,black box,5
medicine,medical emergency,15
medicine,patient care,3
medicine,radiology,14
medicine,family medicine,40
medicine,internal medicine,69
medicine,randomized controlled trial,6
medicine,reading (process),4
medicine,engineering,83
medicine,engineering ethics,32
medicine,chemistry,11
medicine,clarity,3
medicine,empathy,6
medicine,disease,139
medicine,embedded system,18
medicine,telehealth,17
medicine,wearable computer,17
medicine,wearable technology,12
medicine,social psychology,57
medicine,digital divide,12
medicine,the internet,37
medicine,personalization,4
medicine,health education,13
medicine,health equity,20
medicine,database,27
medicine,machine learning,60
medicine,modalities,6
medicine,social science,32
medicine,sociology,68
medicine,workflow,22
medicine,robot,8
medicine,china,8
medicine,delphi method,9
medicine,ethical issues,3
medicine,informed consent,4
medicine,cochrane library,4
medicine,confidence interval,4
medicine,medline,50
medicine,meta-analysis,8
medicine,systematic review,22
medicine,clinical trial,11
medicine,leverage (statistics),4
medicine,mechanical engineering,20
medicine,work (physics),12
medicine,art,7
medicine,ecology,6
medicine,immunology,8
medicine,repurposing,4
medicine,multimedia,5
medicine,autism,5
medicine,autism spectrum disorder,5
medicine,applied psychology,31
medicine,bridge (graph theory),8
medicine,blockchain,6
medicine,distributed computing,3
medicine,epistemology,26
medicine,guideline,6
medicine,management science,9
medicine,quality (philosophy),15
medicine,botany,10
medicine,infectious disease (medical specialty),118
medicine,risk analysis (engineering),36
medicine,empowerment,7
medicine,inclusion (mineral),11
medicine,population,65
medicine,preprint,3
medicine,identification (biology),7
medicine,intensive care medicine,24
medicine,standardization,4
medicine,antibiotic resistance,3
medicine,antibiotics,3
medicine,microbiology,5
medicine,multidisciplinary approach,6
medicine,chatbot,10
medicine,history,7
medicine,evolutionary biology,3
medicine,genetics,10
medicine,human health,4
medicine,human–computer interaction,13
medicine,neuroscience,20
medicine,perception,13
medicine,usability,5
medicine,health promotion,12
medicine,mediation,4
medicine,digital library,4
medicine,grey literature,6
medicine,literature,6
medicine,poetry,3
medicine,protocol (science),11
medicine,scopus,16
medicine,health professionals,10
medicine,healthcare system,6
medicine,healthcare industry,3
medicine,cross-sectional study,22
medicine,coronavirus disease 2019 (covid-19),118
medicine,pandemic,92
medicine,cartography,5
medicine,equity (law),18
medicine,scale (ratio),14
medicine,biostatistics,7
medicine,multivariate analysis,3
medicine,information seeking behavior,9
medicine,social media,33
medicine,portuguese,3
medicine,nurse education,4
medicine,qualitative research,12
medicine,thematic analysis,7
medicine,health information,8
medicine,health policy,10
medicine,dentistry,3
medicine,focus (optics),3
medicine,optics,6
medicine,physics,35
medicine,digital media,6
medicine,electrical engineering,6
medicine,electronics,3
medicine,quantum mechanics,25
medicine,clinical psychology,25
medicine,health information national trends survey,7
medicine,macroeconomics,3
medicine,key (lock),8
medicine,workforce,12
medicine,nursing research,3
medicine,pharmacy,3
medicine,field (mathematics),12
medicine,medical imaging,3
medicine,pure mathematics,13
medicine,algorithm,4
medicine,diabetes mellitus,7
medicine,endocrinology,7
medicine,physical therapy,11
medicine,information and communications technology,9
medicine,composite material,3
medicine,materials science,9
medicine,internet of things,7
medicine,waste management,3
medicine,power (physics),13
medicine,reliability (semiconductor),12
medicine,breast cancer,5
medicine,cancer,7
medicine,narrative,6
medicine,health communication,12
medicine,information literacy,15
medicine,checklist,10
medicine,cognitive psychology,12
medicine,misinformation,10
medicine,negotiation,3
medicine,adaptation (eye),3
medicine,robotics,4
medicine,surgery,9
medicine,demography,12
medicine,communication,13
medicine,value (mathematics),8
medicine,trustworthiness,12
medicine,affect (linguistics),6
medicine,quality of life (healthcare),4
medicine,information seeking,10
medicine,library science,12
medicine,emerging technologies,4
medicine,risk assessment,3
medicine,telecommunications,9
medicine,mechanism (biology),3
medicine,variety (cybernetics),4
medicine,scalability,3
medicine,workload,3
medicine,government (linguistics),16
medicine,harm,5
medicine,perspective (graphical),6
medicine,medical research,3
medicine,analytics,7
medicine,globe,5
medicine,ophthalmology,3
medicine,2019-20 coronavirus outbreak,24
medicine,outbreak,24
medicine,severe acute respiratory syndrome coronavirus 2 (sars-cov-2),26
medicine,virology,24
medicine,cognition,6
medicine,politics,6
medicine,promotion (chess),4
medicine,relevance (law),3
medicine,artificial neural network,5
medicine,cloud computing,9
medicine,mental health literacy,5
medicine,mental illness,7
medicine,decision tree,4
medicine,logistic regression,7
medicine,odds ratio,5
medicine,cohort,3
medicine,vaccination,6
medicine,health records,4
medicine,patient portal,3
medicine,systems engineering,5
medicine,clinical decision making,4
medicine,pregnancy,5
medicine,construct validity,7
medicine,cronbach's alpha,7
medicine,psychometrics,10
medicine,advertising,5
medicine,triage,5
medicine,robustness (evolution),3
medicine,dashboard,3
medicine,expectancy theory,3
medicine,life expectancy,4
medicine,structural equation modeling,11
medicine,focus group,4
medicine,scope (computer science),4
medicine,stakeholder,4
medicine,confirmatory factor analysis,7
medicine,exploratory factor analysis,3
medicine,test (biology),11
medicine,likert scale,3
medicine,conceptual framework,3
medicine,global health,4
medicine,obstetrics,3
medicine,psycinfo,7
medicine,epidemiology,4
medicine,web of science,4
medicine,population health,5
medicine,digital revolution,3
medicine,health services,4
medicine,socioeconomic status,7
medicine,social distance,12
medicine,nanotechnology,8
medicine,information dissemination,3
medicine,media studies,4
medicine,disadvantaged,4
medicine,content analysis,3
medicine,primary care,3
medicine,generalizability theory,5
medicine,cardiology,5
medicine,data collection,5
medicine,social determinants of health,4
medicine,clinical practice,3
medicine,computer-assisted web interviewing,3
medicine,real-time computing,3
medicine,wireless,4
medicine,random forest,3
medicine,support vector machine,4
medicine,encryption,3
medicine,tourism,3
medicine,dementia,4
medicine,anthropology,3
medicine,contact tracing,3
medicine,structural engineering,4
medicine,emergency medicine,3
medicine,hrhis,3
medicine,preparedness,5
medicine,convolutional neural network,3
medicine,competence (human resources),4
medicine,distancing,4
medicine,empirical research,3
medicine,rehabilitation,3
medicine,inequality,4
medicine,social inequality,3
medicine,feeling,3
medicine,consolidated standards of reporting trials,3
medicine,coronavirus,3
medicine,isolation (microbiology),3
nursing,operating system,12
nursing,patient safety,6
nursing,process (computing),6
nursing,programming language,4
nursing,software deployment,3
nursing,clinical decision support system,6
nursing,data science,27
nursing,decision support system,7
nursing,digital health,77
nursing,health informatics,19
nursing,interpretability,3
nursing,knowledge management,40
nursing,mhealth,15
nursing,psychological intervention,65
nursing,telemedicine,26
nursing,curriculum,8
nursing,descriptive statistics,6
nursing,digital literacy,17
nursing,digital transformation,3
nursing,mathematics,16
nursing,mathematics education,6
nursing,medical education,58
nursing,pedagogy,63
nursing,psychology,132
nursing,statistics,12
nursing,world wide web,40
nursing,environmental health,43
nursing,health literacy,77
nursing,law,137
nursing,literacy,54
nursing,political science,141
nursing,public health,92
nursing,biology,24
nursing,context (archaeology),24
nursing,paleontology,19
nursing,public relations,37
nursing,safeguarding,7
nursing,transformative learning,7
nursing,business,34
nursing,corporate governance,3
nursing,finance,3
nursing,process management,3
nursing,archaeology,12
nursing,cinahl,13
nursing,ehealth,26
nursing,geography,14
nursing,linguistics,11
nursing,philosophy,18
nursing,medical emergency,8
nursing,patient care,3
nursing,transparency (behavior),5
nursing,family medicine,22
nursing,internal medicine,15
nursing,randomized controlled trial,5
nursing,gerontology,20
nursing,mental health,14
nursing,psychiatry,21
nursing,psychotherapist,5
nursing,social psychology,21
nursing,robot,3
nursing,sociology,24
nursing,cochrane library,4
nursing,medline,21
nursing,meta-analysis,4
nursing,systematic review,7
nursing,clinical trial,7
nursing,pathology,59
nursing,risk analysis (engineering),3
nursing,empowerment,4
nursing,inclusion (mineral),5
nursing,population,25
nursing,the internet,14
nursing,preprint,3
nursing,human–computer interaction,4
nursing,neuroscience,5
nursing,perception,4
nursing,usability,3
nursing,embedded system,3
nursing,health promotion,11
nursing,social science,14
nursing,wearable computer,3
nursing,wearable technology,3
nursing,alternative medicine,10
nursing,grey literature,3
nursing,protocol (science),6
nursing,scopus,3
nursing,engineering,21
nursing,cross-sectional study,11
nursing,coronavirus disease 2019 (covid-19),32
nursing,disease,35
nursing,infectious disease (medical specialty),32
nursing,pandemic,31
nursing,telehealth,8
nursing,applied psychology,7
nursing,equity (law),11
nursing,health equity,13
nursing,scale (ratio),4
nursing,biostatistics,7
nursing,digital divide,4
nursing,database,3
nursing,workflow,3
nursing,engineering ethics,6
nursing,nurse education,4
nursing,qualitative research,6
nursing,thematic analysis,4
nursing,machine learning,5
nursing,health policy,8
nursing,physics,10
nursing,marketing,4
nursing,quantum mechanics,6
nursing,clinical psychology,4
nursing,health education,12
nursing,china,3
nursing,epistemology,8
nursing,quality (philosophy),5
nursing,workforce,8
nursing,chatbot,5
nursing,nursing research,3
nursing,pharmacy,3
nursing,anxiety,5
nursing,power (physics),3
nursing,computer network,4
nursing,information literacy,7
nursing,mechanical engineering,6
nursing,work (physics),5
nursing,physical therapy,6
nursing,big data,4
nursing,data mining,3
nursing,internet privacy,25
nursing,trustworthiness,3
nursing,quality of life (healthcare),4
nursing,politics,4
nursing,promotion (chess),3
nursing,communication,6
nursing,health communication,9
nursing,logistic regression,3
nursing,odds ratio,3
nursing,accountability,4
nursing,government (linguistics),5
nursing,health professionals,3
nursing,empathy,3
nursing,global health,3
nursing,psycinfo,4
nursing,social media,16
nursing,mental illness,3
nursing,resource (disambiguation),3
nursing,test (biology),4
nursing,applications of artificial intelligence,3
nursing,information seeking,5
nursing,information seeking behavior,4
nursing,library science,5
nursing,socioeconomic status,3
nursing,data collection,3
nursing,social distance,4
nursing,social determinants of health,3
nursing,population health,3
nursing,misinformation,4
nursing,checklist,6
nursing,cognitive psychology,6
nursing,preparedness,3
nursing,consolidated standards of reporting trials,3
nursing,delphi method,5
nursing,guideline,4
operating system,patient safety,4
operating system,process (computing),43
operating system,programming language,15
operating system,software deployment,26
operating system,software engineering,11
operating system,clinical decision support system,4
operating system,data science,65
operating system,decision support system,8
operating system,digital health,11
operating system,interpretability,5
operating system,knowledge management,49
operating system,psychological intervention,4
operating system,telemedicine,4
operating system,cloud computing,58
operating system,human–computer interaction,18
operating system,set (abstract data type),5
operating system,world wide web,37
operating system,big data,45
operating system,internet privacy,19
operating system,the internet,26
operating system,bubble,5
operating system,interface (matter),5
operating system,maximum bubble pressure method,5
operating system,business,34
operating system,database,16
operating system,key (lock),8
operating system,process management,6
operating system,workflow,8
operating system,edge computing,12
operating system,embedded system,27
operating system,enhanced data rates for gsm evolution,8
operating system,internet of things,26
operating system,wearable computer,16
operating system,wearable technology,10
operating system,computer network,17
operating system,engineering,49
operating system,psychology,31
operating system,systems engineering,8
operating system,telecommunications,14
operating system,wireless,5
operating system,wireless network,3
operating system,biology,32
operating system,machine learning,28
operating system,risk analysis (engineering),19
operating system,standardization,4
operating system,overhead (engineering),4
operating system,social psychology,8
operating system,cyber-physical system,9
operating system,physics,9
operating system,quantum mechanics,9
operating system,data mining,16
operating system,disease,12
operating system,pathology,25
operating system,psychiatry,9
operating system,electrical engineering,9
operating system,electronics,3
operating system,environmental health,6
operating system,mechanical engineering,14
operating system,neuroscience,7
operating system,parallel computing,4
operating system,perception,6
operating system,robot,5
operating system,scalability,7
operating system,blockchain,13
operating system,distributed computing,10
operating system,encryption,10
operating system,power (physics),7
operating system,reliability (semiconductor),5
operating system,single point of failure,5
operating system,traceability,3
operating system,aerospace engineering,6
operating system,engineering management,3
operating system,space (punctuation),4
operating system,space exploration,3
operating system,law,46
operating system,medical diagnosis,3
operating system,medline,4
operating system,political science,49
operating system,transparency (behavior),18
operating system,accountability,5
operating system,engineering ethics,8
operating system,curriculum,3
operating system,epistemology,8
operating system,medical education,4
operating system,pedagogy,8
operating system,philosophy,17
operating system,quality (philosophy),4
operating system,algorithm,5
operating system,cryptography,5
operating system,emerging technologies,4
operating system,information technology,4
operating system,leverage (statistics),6
operating system,transformative learning,3
operating system,context (archaeology),16
operating system,marketing,9
operating system,paleontology,16
operating system,supply chain,3
operating system,ecology,5
operating system,social science,9
operating system,sociology,11
operating system,sustainability,3
operating system,relevance (law),4
operating system,internal medicine,6
operating system,negotiation,4
operating system,work (physics),7
operating system,information privacy,7
operating system,information and communications technology,3
operating system,digital transformation,4
operating system,alternative medicine,11
operating system,data sharing,9
operating system,variety (cybernetics),10
operating system,applications of artificial intelligence,12
operating system,mental health,5
operating system,authentication (law),7
operating system,server,6
operating system,field (mathematics),8
operating system,mathematics,18
operating system,politics,3
operating system,pure mathematics,8
operating system,workload,4
operating system,analytics,7
operating system,government (linguistics),8
operating system,linguistics,10
operating system,management science,5
operating system,artificial neural network,6
operating system,deep learning,12
operating system,genetics,3
operating system,chemistry,3
operating system,edge device,4
operating system,mathematical analysis,7
operating system,domain (mathematical analysis),6
operating system,scope (computer science),5
operating system,medical emergency,3
operating system,smart city,3
operating system,reliability engineering,4
operating system,public relations,7
operating system,value (mathematics),3
operating system,trustworthiness,6
operating system,industry 4.0,7
operating system,perspective (graphical),4
operating system,finance,3
operating system,psychotherapist,4
operating system,systematic review,3
operating system,healthcare system,5
operating system,population,5
operating system,public health,3
operating system,workforce,3
operating system,archaeology,5
operating system,history,4
operating system,structural engineering,3
operating system,flexibility (engineering),4
operating system,statistics,4
operating system,coronavirus disease 2019 (covid-19),7
operating system,ehealth,3
operating system,infectious disease (medical specialty),7
operating system,pandemic,5
operating system,automation,6
operating system,mobile device,3
operating system,macroeconomics,3
operating system,smart objects,3
patient safety,programming language,4
patient safety,software deployment,3
patient safety,engineering,4
patient safety,knowledge management,4
patient safety,law,4
patient safety,political science,4
patient safety,process management,3
patient safety,psychology,4
patient safety,business,4
patient safety,risk analysis (engineering),3
process (computing),programming language,9
process (computing),data science,22
process (computing),decision support system,5
process (computing),digital health,3
process (computing),knowledge management,17
process (computing),biology,11
process (computing),philosophy,5
process (computing),human–computer interaction,6
process (computing),set (abstract data type),3
process (computing),world wide web,4
process (computing),business,7
process (computing),database,6
process (computing),process management,3
process (computing),workflow,3
process (computing),big data,4
process (computing),data mining,3
process (computing),disease,3
process (computing),pathology,5
process (computing),psychiatry,3
process (computing),risk analysis (engineering),4
process (computing),bubble,3
process (computing),interface (matter),3
process (computing),maximum bubble pressure method,3
process (computing),neuroscience,3
process (computing),parallel computing,3
process (computing),perception,3
process (computing),law,12
process (computing),political science,13
process (computing),transparency (behavior),5
process (computing),context (archaeology),7
process (computing),paleontology,6
process (computing),psychology,10
process (computing),relevance (law),3
process (computing),social science,4
process (computing),sociology,5
process (computing),engineering,16
process (computing),internal medicine,4
process (computing),mechanical engineering,7
process (computing),negotiation,3
process (computing),work (physics),3
process (computing),applications of artificial intelligence,5
process (computing),field (mathematics),3
process (computing),mathematics,5
process (computing),pure mathematics,3
process (computing),management science,3
process (computing),systems engineering,3
process (computing),machine learning,9
process (computing),marketing,3
process (computing),variety (cybernetics),4
process (computing),telecommunications,3
process (computing),archaeology,3
process (computing),internet privacy,4
process (computing),physics,3
process (computing),public relations,3
process (computing),quantum mechanics,3
process (computing),automation,4
process (computing),government (linguistics),3
process (computing),linguistics,4
process (computing),the internet,3
programming language,software deployment,3
programming language,software engineering,4
programming language,digital health,5
programming language,health literacy,4
programming language,law,27
programming language,pedagogy,4
programming language,political science,27
programming language,psychology,20
programming language,psychotherapist,3
programming language,set (abstract data type),25
programming language,biology,14
programming language,epistemology,7
programming language,function (biology),3
programming language,philosophy,11
programming language,quality (philosophy),3
programming language,human–computer interaction,6
programming language,personalization,4
programming language,world wide web,11
programming language,medical education,7
programming language,public relations,7
programming language,context (archaeology),10
programming language,engineering,20
programming language,engineering ethics,3
programming language,knowledge management,24
programming language,paleontology,9
programming language,perspective (graphical),3
programming language,scope (computer science),11
programming language,sociology,9
programming language,linguistics,4
programming language,decision support system,5
programming language,process management,6
programming language,transparency (behavior),7
programming language,data science,24
programming language,psychological intervention,6
programming language,social psychology,6
programming language,mathematical analysis,3
programming language,mathematics,11
programming language,physics,3
programming language,quantum mechanics,3
programming language,social science,6
programming language,management science,5
programming language,database,3
programming language,grey literature,3
programming language,medline,7
programming language,systematic review,5
programming language,workflow,3
programming language,pathology,10
programming language,deep learning,4
programming language,machine learning,15
programming language,business,16
programming language,flexibility (engineering),3
programming language,statistics,3
programming language,construct (python library),3
programming language,finance,3
programming language,materials science,3
programming language,variety (cybernetics),3
programming language,embedded system,3
programming language,wearable computer,3
programming language,biochemistry,3
programming language,chemistry,4
programming language,raw data,4
programming language,internet privacy,5
programming language,risk analysis (engineering),8
programming language,trustworthiness,6
programming language,applications of artificial intelligence,3
programming language,big data,7
programming language,mental health,4
programming language,psychiatry,7
programming language,cognitive psychology,3
programming language,data mining,5
programming language,field (mathematics),4
programming language,pure mathematics,4
programming language,communication,3
programming language,scopus,5
programming language,internal medicine,4
programming language,intensive care medicine,4
programming language,coronavirus disease 2019 (covid-19),4
programming language,disease,4
programming language,infectious disease (medical specialty),4
programming language,pandemic,4
programming language,software,3
programming language,accountability,3
programming language,mechanical engineering,4
programming language,the internet,3
software deployment,software engineering,15
software deployment,key (lock),3
software deployment,telecommunications,4
software deployment,wireless,4
software deployment,wireless network,4
software deployment,cloud computing,4
software deployment,data science,11
software deployment,psychology,10
software deployment,social psychology,3
software deployment,the internet,5
software deployment,world wide web,7
software deployment,clinical decision support system,3
software deployment,decision support system,4
software deployment,engineering,12
software deployment,health informatics,3
software deployment,knowledge management,12
software deployment,law,13
software deployment,philosophy,4
software deployment,political science,13
software deployment,transparency (behavior),5
software deployment,applications of artificial intelligence,5
software deployment,big data,3
software deployment,deep learning,5
software deployment,machine learning,6
software deployment,trustworthiness,3
software deployment,business,6
software deployment,engineering ethics,7
software deployment,risk analysis (engineering),5
software deployment,database,3
software deployment,digital health,3
software deployment,internet privacy,4
software deployment,psychiatry,3
software deployment,algorithm,3
software deployment,blockchain,3
software deployment,pathology,3
software deployment,biology,4
software deployment,physics,3
software deployment,variety (cybernetics),3
software engineering,cloud computing,6
software engineering,data science,9
software engineering,psychology,3
software engineering,world wide web,3
software engineering,engineering,8
software engineering,knowledge management,7
software engineering,law,7
software engineering,political science,7
software engineering,process management,3
software engineering,transparency (behavior),5
software engineering,big data,4
software engineering,data mining,3
software engineering,deep learning,3
software engineering,machine learning,6
software engineering,trustworthiness,3
software engineering,blockchain,7
software engineering,business,4
software engineering,distributed computing,3
software engineering,physics,4
software engineering,power (physics),3
software engineering,quantum mechanics,3
software engineering,reliability (semiconductor),3
software engineering,traceability,6
software engineering,biology,3
software engineering,telecommunications,4
software engineering,wireless,3
software engineering,algorithm,3
software engineering,agile software development,4
software engineering,engineering ethics,3
software engineering,computer network,4
software engineering,risk analysis (engineering),3
software engineering,database,3
software engineering,embedded system,5
software engineering,wearable computer,3
software engineering,internet of things,4
clinical decision support system,data science,9
clinical decision support system,decision support system,21
clinical decision support system,health informatics,4
clinical decision support system,interpretability,3
clinical decision support system,knowledge management,11
clinical decision support system,psychological intervention,3
clinical decision support system,database,6
clinical decision support system,human–computer interaction,4
clinical decision support system,law,5
clinical decision support system,pedagogy,3
clinical decision support system,political science,5
clinical decision support system,psychology,7
clinical decision support system,workflow,6
clinical decision support system,process management,3
clinical decision support system,engineering,3
clinical decision support system,transparency (behavior),4
clinical decision support system,pathology,3
clinical decision support system,precision medicine,3
clinical decision support system,biology,3
clinical decision support system,big data,3
clinical decision support system,data mining,5
clinical decision support system,machine learning,3
data science,decision support system,13
data science,digital health,30
data science,health informatics,9
data science,interpretability,16
data science,knowledge management,79
data science,mhealth,8
data science,psychological intervention,23
data science,telemedicine,11
data science,law,92
data science,political science,95
data science,psychology,63
data science,database,25
data science,human–computer interaction,35
data science,pedagogy,14
data science,transformative learning,5
data science,usability,3
data science,workflow,19
data science,healthcare system,9
data science,machine learning,58
data science,transparency (behavior),30
data science,bioinformatics,14
data science,biology,63
data science,personalized medicine,6
data science,accountability,4
data science,applications of artificial intelligence,24
data science,big data,65
data science,data mining,56
data science,deep learning,20
data science,domain (mathematical analysis),17
data science,mathematical analysis,21
data science,mathematics,51
data science,pathology,53
data science,precision medicine,12
data science,business,41
data science,computational biology,4
data science,process management,5
data science,robot,3
data science,modalities,3
data science,social science,12
data science,sociology,16
data science,internet of things,18
data science,world wide web,53
data science,cognitive science,4
data science,key (lock),11
data science,electrical engineering,6
data science,engineering,54
data science,clinical trial,3
data science,leverage (statistics),10
data science,art,6
data science,ecology,9
data science,repurposing,3
data science,visual arts,5
data science,psychiatry,21
data science,edge computing,5
data science,enhanced data rates for gsm evolution,4
data science,applied psychology,4
data science,internal medicine,5
data science,mental health,7
data science,alternative medicine,11
data science,blockchain,16
data science,computer network,6
data science,data sharing,10
data science,botany,10
data science,disease,25
data science,infectious disease (medical specialty),17
data science,management science,18
data science,risk analysis (engineering),30
data science,environmental health,10
data science,public health,15
data science,health literacy,9
data science,linguistics,14
data science,literacy,9
data science,philosophy,28
data science,identification (biology),9
data science,intensive care medicine,7
data science,focus (optics),4
data science,optics,4
data science,physics,16
data science,antibiotic resistance,3
data science,antibiotics,3
data science,archaeology,12
data science,history,5
data science,cloud computing,16
data science,popularity,5
data science,social psychology,13
data science,the internet,28
data science,geography,9
data science,internet privacy,25
data science,engineering ethics,11
data science,epistemology,16
data science,quality (philosophy),7
data science,context (archaeology),35
data science,neuroscience,8
data science,perception,7
data science,field (mathematics),27
data science,pure mathematics,27
data science,trustworthiness,15
data science,accounting,3
data science,developmental psychology,3
data science,ehealth,3
data science,medical diagnosis,4
data science,medline,21
data science,scopus,12
data science,geometry,3
data science,medical imaging,4
data science,algorithm,7
data science,embedded system,21
data science,state (computer science),3
data science,wearable computer,17
data science,wearable technology,11
data science,information and communications technology,4
data science,public relations,9
data science,analytics,17
data science,natural language processing,3
data science,relevance (law),4
data science,health equity,3
data science,systematic review,13
data science,scope (computer science),5
data science,mechanical engineering,15
data science,quantum mechanics,9
data science,scale (ratio),4
data science,variety (cybernetics),11
data science,work (physics),6
data science,metaverse,9
data science,virtual reality,9
data science,digital transformation,4
data science,power (physics),4
data science,reliability (semiconductor),3
data science,medical education,8
data science,black box,9
data science,function (biology),3
data science,finance,6
data science,order (exchange),3
data science,materials science,4
data science,nanotechnology,3
data science,information privacy,8
data science,paleontology,28
data science,drug,3
data science,pharmacology,3
data science,emerging technologies,6
data science,mechanism (biology),3
data science,biochemistry,3
data science,chemistry,3
data science,psychotherapist,5
data science,politics,4
data science,government (linguistics),4
data science,intelligent decision support system,3
data science,marketing,9
data science,statistics,8
data science,intersection (aeronautics),3
data science,scalability,5
data science,artificial neural network,5
data science,flexibility (engineering),3
data science,set (abstract data type),8
data science,multimedia,4
data science,interoperability,3
data science,dashboard,3
data science,data collection,4
data science,telecommunications,12
data science,smart city,3
data science,sustainability,3
data science,psycinfo,3
data science,industry 4.0,3
data science,perspective (graphical),9
data science,implementation,3
data science,medical emergency,4
data science,triage,3
data science,audit,3
data science,health records,4
data science,biomedicine,3
data science,genetics,3
data science,architecture,3
data science,social media,4
data science,predictive analytics,3
data science,coronavirus disease 2019 (covid-19),16
data science,management,3
data science,convolutional neural network,3
data science,aerospace engineering,3
data science,automation,7
data science,pandemic,12
data science,radiology,3
data science,service (business),3
data science,software,3
data science,population,4
data science,information retrieval,3
data science,terminology,3
data science,encryption,3
data science,2019-20 coronavirus outbreak,4
data science,outbreak,4
data science,severe acute respiratory syndrome coronavirus 2 (sars-cov-2),6
data science,virology,4
decision support system,health informatics,4
decision support system,interpretability,3
decision support system,knowledge management,17
decision support system,psychological intervention,3
decision support system,database,6
decision support system,human–computer interaction,4
decision support system,law,9
decision support system,pedagogy,3
decision support system,political science,9
decision support system,psychology,10
decision support system,workflow,6
decision support system,machine learning,6
decision support system,mathematics,4
decision support system,process management,4
decision support system,engineering,8
decision support system,philosophy,3
decision support system,transparency (behavior),7
decision support system,management science,5
decision support system,pathology,3
decision support system,precision medicine,3
decision support system,biology,4
decision support system,paleontology,3
decision support system,big data,3
decision support system,data mining,6
digital health,health informatics,10
digital health,knowledge management,49
digital health,mhealth,19
digital health,psychological intervention,44
digital health,telemedicine,35
digital health,environmental health,33
digital health,health literacy,87
digital health,law,120
digital health,literacy,66
digital health,pedagogy,72
digital health,political science,124
digital health,psychology,99
digital health,public health,39
digital health,archaeology,11
digital health,cinahl,8
digital health,context (archaeology),20
digital health,digital literacy,39
digital health,ehealth,30
digital health,geography,14
digital health,linguistics,5
digital health,philosophy,9
digital health,public relations,46
digital health,medical education,55
digital health,mental health,15
digital health,psychotherapist,8
digital health,business,46
digital health,digital divide,11
digital health,engineering,7
digital health,information and communications technology,10
digital health,social determinants of health,4
digital health,world wide web,53
digital health,gerontology,13
digital health,applications of artificial intelligence,3
digital health,big data,7
digital health,data mining,5
digital health,mathematical analysis,3
digital health,mathematics,10
digital health,pathology,39
digital health,precision medicine,5
digital health,disease,24
digital health,embedded system,5
digital health,internet privacy,29
digital health,telehealth,14
digital health,wearable computer,5
digital health,wearable technology,5
digital health,the internet,16
digital health,health education,10
digital health,health equity,14
digital health,bioinformatics,3
digital health,biology,22
digital health,database,3
digital health,machine learning,3
digital health,modalities,3
digital health,personalized medicine,3
digital health,social science,10
digital health,sociology,19
digital health,workflow,3
digital health,curriculum,6
digital health,statistics,5
digital health,equity (law),12
digital health,clinical trial,3
digital health,leverage (statistics),3
digital health,empowerment,5
digital health,inclusion (mineral),7
digital health,population,20
digital health,social psychology,10
digital health,health promotion,6
digital health,alternative medicine,4
digital health,medline,15
digital health,scopus,4
digital health,coronavirus disease 2019 (covid-19),19
digital health,family medicine,13
digital health,infectious disease (medical specialty),19
digital health,internal medicine,8
digital health,meta-analysis,3
digital health,pandemic,17
digital health,systematic review,6
digital health,applied psychology,9
digital health,scale (ratio),6
digital health,biostatistics,3
digital health,cross-sectional study,6
digital health,information seeking behavior,3
digital health,marketing,13
digital health,social media,8
digital health,psychiatry,22
digital health,risk analysis (engineering),5
digital health,engineering ethics,3
digital health,paleontology,15
digital health,health policy,11
digital health,digital media,4
digital health,clinical psychology,5
digital health,health information,6
digital health,health information national trends survey,5
digital health,digital transformation,8
digital health,health communication,4
digital health,information literacy,8
digital health,misinformation,3
digital health,health professionals,3
digital health,communication,4
digital health,epistemology,4
digital health,multimedia,3
digital health,physical therapy,4
digital health,randomized controlled trial,4
digital health,library science,3
digital health,service (business),3
digital health,telecommunications,5
digital health,physics,6
digital health,process management,3
digital health,quantum mechanics,5
digital health,stakeholder,3
digital health,neuroscience,3
digital health,focus group,4
digital health,workforce,5
digital health,human–computer interaction,8
digital health,usability,4
digital health,construct validity,3
digital health,cronbach's alpha,3
digital health,psychometrics,3
digital health,population health,4
digital health,mathematics education,4
digital health,test (biology),4
digital health,socioeconomic status,3
digital health,developmental psychology,3
digital health,global health,3
digital health,hrhis,3
digital health,qualitative research,3
digital health,thematic analysis,3
health informatics,knowledge management,10
health informatics,business,6
health informatics,law,13
health informatics,political science,13
health informatics,process management,3
health informatics,public health,18
health informatics,cross-sectional study,4
health informatics,family medicine,3
health informatics,health literacy,8
health informatics,literacy,6
health informatics,medical education,6
health informatics,pathology,5
health informatics,pedagogy,5
health informatics,psychology,11
health informatics,the internet,3
health informatics,world wide web,7
health informatics,engineering,4
health informatics,linguistics,3
health informatics,philosophy,4
health informatics,transparency (behavior),4
health informatics,human–computer interaction,5
health informatics,usability,4
health informatics,health information technology,3
health informatics,psychiatry,3
health informatics,internet privacy,5
health informatics,sociology,3
health informatics,ehealth,3
health informatics,health equity,3
health informatics,informatics,3
health informatics,public relations,4
interpretability,knowledge management,7
interpretability,psychological intervention,4
interpretability,law,10
interpretability,political science,10
interpretability,psychology,13
interpretability,psychiatry,3
interpretability,biology,4
interpretability,machine learning,13
interpretability,risk analysis (engineering),5
interpretability,engineering,5
interpretability,management science,5
interpretability,pathology,3
interpretability,black box,5
interpretability,domain (mathematical analysis),3
interpretability,mathematical analysis,3
interpretability,mathematics,5
interpretability,philosophy,3
interpretability,transparency (behavior),15
interpretability,applications of artificial intelligence,3
interpretability,field (mathematics),3
interpretability,pure mathematics,3
interpretability,social psychology,4
interpretability,trustworthiness,4
interpretability,physics,5
interpretability,quantum mechanics,4
interpretability,power (physics),3
interpretability,reliability (semiconductor),3
knowledge management,mhealth,7
knowledge management,psychological intervention,14
knowledge management,telemedicine,16
knowledge management,law,151
knowledge management,pedagogy,38
knowledge management,political science,158
knowledge management,psychology,116
knowledge management,transformative learning,12
knowledge management,alternative medicine,9
knowledge management,autonomy,7
knowledge management,business,96
knowledge management,corporate governance,10
knowledge management,data sharing,5
knowledge management,finance,17
knowledge management,information privacy,3
knowledge management,internet privacy,23
knowledge management,marketing,31
knowledge management,pathology,23
knowledge management,service (business),9
knowledge management,engineering,81
knowledge management,engineering ethics,36
knowledge management,database,16
knowledge management,transparency (behavior),28
knowledge management,workflow,13
knowledge management,human–computer interaction,22
knowledge management,usability,7
knowledge management,biology,49
knowledge management,context (archaeology),41
knowledge management,paleontology,38
knowledge management,public relations,52
knowledge management,safeguarding,4
knowledge management,process management,21
knowledge management,public health,15
knowledge management,archaeology,7
knowledge management,digital literacy,17
knowledge management,ehealth,8
knowledge management,geography,6
knowledge management,health literacy,17
knowledge management,linguistics,15
knowledge management,literacy,14
knowledge management,philosophy,37
knowledge management,medical education,30
knowledge management,mental health,9
knowledge management,psychotherapist,9
knowledge management,information and communications technology,5
knowledge management,mechanical engineering,18
knowledge management,work (physics),14
knowledge management,world wide web,42
knowledge management,agency (philosophy),4
knowledge management,social science,22
knowledge management,sociology,32
knowledge management,applications of artificial intelligence,17
knowledge management,healthcare system,12
knowledge management,perspective (graphical),11
knowledge management,physics,15
knowledge management,power (physics),5
knowledge management,quantum mechanics,9
knowledge management,reliability (semiconductor),5
knowledge management,personalization,3
knowledge management,equity (law),7
knowledge management,epistemology,24
knowledge management,relevance (law),6
knowledge management,scope (computer science),4
knowledge management,key (lock),6
knowledge management,applied psychology,15
knowledge management,bridge (graph theory),5
knowledge management,internal medicine,6
knowledge management,psychiatry,11
knowledge management,distrust,3
knowledge management,machine learning,19
knowledge management,blockchain,6
knowledge management,computer network,7
knowledge management,expectancy theory,3
knowledge management,management,8
knowledge management,resource (disambiguation),6
knowledge management,social psychology,34
knowledge management,unified theory of acceptance and use of technology,3
knowledge management,best practice,3
knowledge management,management science,18
knowledge management,neuroscience,17
knowledge management,perception,14
knowledge management,art,6
knowledge management,digital library,4
knowledge management,inclusion (mineral),6
knowledge management,literature,3
knowledge management,medline,14
knowledge management,poetry,3
knowledge management,scopus,8
knowledge management,healthcare industry,6
knowledge management,biochemistry,3
knowledge management,chemistry,3
knowledge management,operations management,4
knowledge management,certification,3
knowledge management,government (linguistics),9
knowledge management,productivity,3
knowledge management,big data,25
knowledge management,data mining,17
knowledge management,curriculum,8
knowledge management,domain (mathematical analysis),7
knowledge management,field (mathematics),14
knowledge management,mathematical analysis,7
knowledge management,mathematics,26
knowledge management,pure mathematics,14
knowledge management,trustworthiness,16
knowledge management,focus (optics),3
knowledge management,optics,4
knowledge management,health professionals,10
knowledge management,qualitative research,7
knowledge management,quality (philosophy),12
knowledge management,sociotechnical system,3
knowledge management,thematic analysis,5
knowledge management,workforce,6
knowledge management,environmental health,11
knowledge management,health equity,3
knowledge management,population,10
knowledge management,social media,4
knowledge management,accountability,12
knowledge management,accounting,3
knowledge management,risk analysis (engineering),21
knowledge management,set (abstract data type),9
knowledge management,emerging technologies,4
knowledge management,health technology,4
knowledge management,information technology,4
knowledge management,leverage (statistics),7
knowledge management,industrial organization,3
knowledge management,supply chain,4
knowledge management,supply chain management,3
knowledge management,digital transformation,8
knowledge management,empowerment,4
knowledge management,health communication,3
knowledge management,misinformation,3
knowledge management,negotiation,4
knowledge management,precision medicine,3
knowledge management,robot,6
knowledge management,microeconomics,3
knowledge management,visual arts,3
knowledge management,order (exchange),6
knowledge management,affect (linguistics),3
knowledge management,communication,4
knowledge management,embedded system,6
knowledge management,wearable computer,4
knowledge management,wearable technology,3
knowledge management,digitization,4
knowledge management,telecommunications,8
knowledge management,botany,4
knowledge management,geometry,3
knowledge management,identification (biology),3
knowledge management,stakeholder,4
knowledge management,politics,3
knowledge management,harm,3
knowledge management,position paper,3
knowledge management,analytics,6
knowledge management,the internet,11
knowledge management,variety (cybernetics),8
knowledge management,competence (human resources),4
knowledge management,multidisciplinary approach,3
knowledge management,systematic review,6
knowledge management,flexibility (engineering),4
knowledge management,statistics,6
knowledge management,interoperability,4
knowledge management,systems engineering,4
knowledge management,health policy,4
knowledge management,information literacy,3
knowledge management,conceptual framework,4
knowledge management,structural equation modeling,3
knowledge management,focus group,3
knowledge management,chatbot,4
knowledge management,telehealth,3
knowledge management,value (mathematics),6
knowledge management,cognitive psychology,3
knowledge management,mechanism (biology),5
knowledge management,coronavirus disease 2019 (covid-19),5
knowledge management,disease,6
knowledge management,infectious disease (medical specialty),5
knowledge management,pandemic,4
knowledge management,anthropology,3
knowledge management,mental healthcare,5
knowledge management,electrical engineering,3
knowledge management,cloud computing,4
knowledge management,health promotion,3
knowledge management,popularity,3
knowledge management,digital learning,3
knowledge management,population health,3
knowledge management,ecology,3
knowledge management,automation,3
mhealth,psychological intervention,18
mhealth,telemedicine,8
mhealth,environmental health,3
mhealth,geography,4
mhealth,health literacy,6
mhealth,law,12
mhealth,political science,12
mhealth,psychology,12
mhealth,biology,4
mhealth,context (archaeology),6
mhealth,digital literacy,3
mhealth,ehealth,6
mhealth,medical education,5
mhealth,paleontology,3
mhealth,pedagogy,5
mhealth,philosophy,3
mhealth,literacy,4
mhealth,pathology,5
mhealth,psychiatry,7
mhealth,world wide web,10
mhealth,archaeology,3
mhealth,business,5
mhealth,internet privacy,5
mhealth,public health,4
mhealth,family medicine,3
psychological intervention,telemedicine,15
psychological intervention,archaeology,8
psychological intervention,cinahl,15
psychological intervention,context (archaeology),15
psychological intervention,digital literacy,9
psychological intervention,ehealth,13
psychological intervention,geography,9
psychological intervention,health literacy,35
psychological intervention,law,56
psychological intervention,literacy,24
psychological intervention,pedagogy,25
psychological intervention,philosophy,4
psychological intervention,political science,57
psychological intervention,psychology,74
psychological intervention,public relations,6
psychological intervention,cochrane library,4
psychological intervention,family medicine,8
psychological intervention,internal medicine,9
psychological intervention,medline,24
psychological intervention,meta-analysis,6
psychological intervention,systematic review,8
psychological intervention,autism,3
psychological intervention,autism spectrum disorder,3
psychological intervention,psychiatry,43
psychological intervention,telehealth,4
psychological intervention,applied psychology,7
psychological intervention,mental health,21
psychological intervention,environmental health,16
psychological intervention,medical education,22
psychological intervention,population,9
psychological intervention,social psychology,11
psychological intervention,the internet,7
psychological intervention,world wide web,21
psychological intervention,human–computer interaction,6
psychological intervention,neuroscience,3
psychological intervention,usability,3
psychological intervention,alternative medicine,7
psychological intervention,grey literature,3
psychological intervention,pathology,30
psychological intervention,protocol (science),6
psychological intervention,scopus,4
psychological intervention,coronavirus disease 2019 (covid-19),11
psychological intervention,disease,14
psychological intervention,infectious disease (medical specialty),11
psychological intervention,pandemic,10
psychological intervention,equity (law),4
psychological intervention,health equity,6
psychological intervention,scale (ratio),3
psychological intervention,biology,11
psychological intervention,engineering,7
psychological intervention,business,8
psychological intervention,big data,3
psychological intervention,data mining,3
psychological intervention,risk analysis (engineering),6
psychological intervention,developmental psychology,4
psychological intervention,machine learning,4
psychological intervention,management science,3
psychological intervention,public health,18
psychological intervention,clinical psychology,8
psychological intervention,gerontology,7
psychological intervention,health education,4
psychological intervention,process management,3
psychological intervention,chatbot,3
psychological intervention,sociology,6
psychological intervention,information literacy,3
psychological intervention,randomized controlled trial,4
psychological intervention,paleontology,8
psychological intervention,physical therapy,4
psychological intervention,mental health literacy,3
psychological intervention,mental illness,4
psychological intervention,psychotherapist,6
psychological intervention,internet privacy,5
psychological intervention,checklist,7
psychological intervention,cognitive psychology,7
psychological intervention,cognition,3
psychological intervention,psycinfo,6
psychological intervention,social media,4
psychological intervention,anxiety,3
psychological intervention,physics,3
psychological intervention,communication,3
psychological intervention,health communication,3
psychological intervention,information seeking,3
psychological intervention,library science,3
psychological intervention,clinical trial,8
psychological intervention,consolidated standards of reporting trials,3
psychological intervention,delphi method,5
psychological intervention,guideline,4
telemedicine,business,24
telemedicine,digital divide,7
telemedicine,digital literacy,9
telemedicine,engineering,5
telemedicine,information and communications technology,6
telemedicine,political science,38
telemedicine,public relations,15
telemedicine,world wide web,27
telemedicine,disease,17
telemedicine,embedded system,6
telemedicine,geography,3
telemedicine,health literacy,17
telemedicine,internet privacy,18
telemedicine,law,36
telemedicine,literacy,17
telemedicine,pathology,18
telemedicine,pedagogy,13
telemedicine,psychology,18
telemedicine,telehealth,20
telemedicine,wearable computer,6
telemedicine,wearable technology,6
telemedicine,the internet,11
telemedicine,health equity,4
telemedicine,equity (law),5
telemedicine,psychiatry,4
telemedicine,cinahl,3
telemedicine,coronavirus disease 2019 (covid-19),16
telemedicine,environmental health,9
telemedicine,family medicine,7
telemedicine,infectious disease (medical specialty),15
telemedicine,medline,7
telemedicine,pandemic,15
telemedicine,systematic review,4
telemedicine,ehealth,10
telemedicine,engineering ethics,3
telemedicine,social media,4
telemedicine,digital transformation,3
telemedicine,medical education,9
telemedicine,sociology,6
telemedicine,biology,7
telemedicine,context (archaeology),5
telemedicine,paleontology,4
telemedicine,population,6
telemedicine,service (business),3
telemedicine,social science,4
telemedicine,interoperability,3
telemedicine,big data,4
telemedicine,data mining,3
telemedicine,mathematics,3
telemedicine,statistics,3
telemedicine,multimedia,3
telemedicine,physical therapy,5
telemedicine,physics,3
telemedicine,public health,8
telemedicine,gerontology,3
telemedicine,socioeconomic status,3
telemedicine,variety (cybernetics),3
telemedicine,government (linguistics),4
telemedicine,epistemology,3
telemedicine,philosophy,7
telemedicine,rehabilitation,3
telemedicine,medical emergency,4
telemedicine,linguistics,4
curriculum,digital literacy,6
curriculum,mathematics,3
curriculum,mathematics education,4
curriculum,medical education,18
curriculum,pedagogy,23
curriculum,psychology,22
curriculum,world wide web,3
curriculum,delphi method,3
curriculum,health literacy,6
curriculum,literacy,10
curriculum,engineering,8
curriculum,engineering ethics,6
curriculum,law,16
curriculum,political science,16
curriculum,public relations,3
curriculum,nurse education,3
curriculum,sociology,3
curriculum,public health,3
curriculum,workforce,4
curriculum,information literacy,4
descriptive statistics,mathematics,8
descriptive statistics,medical education,5
descriptive statistics,pedagogy,5
descriptive statistics,psychology,8
descriptive statistics,statistics,8
descriptive statistics,world wide web,3
descriptive statistics,health literacy,6
descriptive statistics,literacy,3
descriptive statistics,pathology,4
descriptive statistics,law,5
descriptive statistics,political science,5
digital literacy,mathematics,4
digital literacy,mathematics education,5
digital literacy,medical education,29
digital literacy,pedagogy,50
digital literacy,psychology,46
digital literacy,world wide web,24
digital literacy,archaeology,6
digital literacy,cinahl,4
digital literacy,context (archaeology),7
digital literacy,ehealth,11
digital literacy,geography,7
digital literacy,health literacy,41
digital literacy,law,40
digital literacy,literacy,43
digital literacy,philosophy,4
digital literacy,political science,42
digital literacy,public relations,17
digital literacy,mental health,5
digital literacy,business,12
digital literacy,digital divide,6
digital literacy,engineering,3
digital literacy,information and communications technology,7
digital literacy,disease,6
digital literacy,internet privacy,6
digital literacy,pathology,8
digital literacy,telehealth,3
digital literacy,equity (law),4
digital literacy,applied psychology,6
digital literacy,machine learning,3
digital literacy,physics,3
digital literacy,quantum mechanics,3
digital literacy,social psychology,9
digital literacy,structural equation modeling,3
digital literacy,medline,4
digital literacy,biology,7
digital literacy,paleontology,6
digital literacy,environmental health,13
digital literacy,health equity,5
digital literacy,public health,6
digital literacy,coronavirus disease 2019 (covid-19),5
digital literacy,infectious disease (medical specialty),5
digital literacy,pandemic,4
digital literacy,psychiatry,7
digital literacy,clinical psychology,4
digital literacy,sociology,7
digital literacy,competence (human resources),3
digital literacy,social science,3
digital literacy,information literacy,8
digital literacy,population,12
digital literacy,marketing,3
digital literacy,workforce,3
digital literacy,gerontology,6
digital literacy,the internet,4
digital literacy,scale (ratio),3
digital literacy,multimedia,4
digital literacy,test (biology),3
digital literacy,digital learning,3
digital transformation,medical education,4
digital transformation,pedagogy,4
digital transformation,psychology,4
digital transformation,world wide web,14
digital transformation,law,6
digital transformation,political science,7
digital transformation,business,5
digital transformation,digital revolution,4
digital transformation,telecommunications,5
digital transformation,marketing,3
digital transformation,big data,3
mathematics,medical education,14
mathematics,pedagogy,17
mathematics,psychology,42
mathematics,statistics,41
mathematics,world wide web,22
mathematics,energy (signal processing),5
mathematics,machine learning,24
mathematics,accountability,3
mathematics,applications of artificial intelligence,9
mathematics,big data,20
mathematics,data mining,18
mathematics,deep learning,9
mathematics,domain (mathematical analysis),23
mathematics,law,39
mathematics,mathematical analysis,43
mathematics,pathology,22
mathematics,political science,42
mathematics,transparency (behavior),13
mathematics,business,20
mathematics,epistemology,10
mathematics,internet privacy,9
mathematics,marketing,5
mathematics,philosophy,18
mathematics,quality (philosophy),8
mathematics,service (business),3
mathematics,health literacy,15
mathematics,literacy,10
mathematics,engineering,29
mathematics,engineering ethics,5
mathematics,field (mathematics),44
mathematics,management science,8
mathematics,perspective (graphical),4
mathematics,popularity,4
mathematics,pure mathematics,45
mathematics,social psychology,11
mathematics,sociology,20
mathematics,process management,5
mathematics,trustworthiness,6
mathematics,geometry,11
mathematics,medical imaging,3
mathematics,risk analysis (engineering),10
mathematics,clinical psychology,7
mathematics,mental health,3
mathematics,psychiatry,7
mathematics,public health,8
mathematics,social science,10
mathematics,management,3
mathematics,human–computer interaction,11
mathematics,linguistics,10
mathematics,physics,10
mathematics,power (physics),8
mathematics,quantum mechanics,9
mathematics,reliability (semiconductor),7
mathematics,biology,22
mathematics,black box,7
mathematics,finance,6
mathematics,internal medicine,6
mathematics,botany,4
mathematics,identification (biology),4
mathematics,product (mathematics),4
mathematics,public relations,7
mathematics,biochemistry,4
mathematics,chemistry,5
mathematics,gene,3
mathematics,robustness (evolution),3
mathematics,medline,3
mathematics,politics,3
mathematics,mechanical engineering,4
mathematics,environmental health,7
mathematics,family medicine,6
mathematics,health information,3
mathematics,population,8
mathematics,flexibility (engineering),9
mathematics,set (abstract data type),3
mathematics,gerontology,4
mathematics,terminology,4
mathematics,aerospace engineering,4
mathematics,artificial neural network,5
mathematics,embedded system,11
mathematics,materials science,4
mathematics,nanotechnology,3
mathematics,wearable computer,10
mathematics,cloud computing,6
mathematics,computer network,3
mathematics,distributed computing,5
mathematics,scheme (mathematics),4
mathematics,paleontology,11
mathematics,test (biology),6
mathematics,data collection,7
mathematics,internet of things,9
mathematics,the internet,10
mathematics,algorithm,3
mathematics,applied psychology,5
mathematics,confirmatory factor analysis,4
mathematics,cronbach's alpha,4
mathematics,exploratory factor analysis,3
mathematics,geography,6
mathematics,psychometrics,5
mathematics,scale (ratio),3
mathematics,structural equation modeling,5
mathematics,coronavirus disease 2019 (covid-19),14
mathematics,demography,3
mathematics,disease,14
mathematics,infectious disease (medical specialty),14
mathematics,pandemic,11
mathematics,telecommunications,7
mathematics,digital divide,8
mathematics,inequality,8
mathematics,information and communications technology,5
mathematics,key (lock),3
mathematics,healthcare system,3
mathematics,construct validity,3
mathematics,electrical engineering,7
mathematics,database,4
mathematics,workflow,3
mathematics,content (measure theory),3
mathematics,social media,5
mathematics,wearable technology,8
mathematics,archaeology,3
mathematics,context (archaeology),6
mathematics,social distance,3
mathematics,neuroscience,3
mathematics,qualitative research,3
mathematics,medical emergency,3
mathematics,random forest,3
mathematics,social inequality,4
mathematics,2019-20 coronavirus outbreak,3
mathematics,outbreak,3
mathematics,severe acute respiratory syndrome coronavirus 2 (sars-cov-2),3
mathematics,virology,3
mathematics education,medical education,14
mathematics education,pedagogy,12
mathematics education,psychology,16
mathematics education,world wide web,4
mathematics education,health literacy,8
mathematics education,law,8
mathematics education,literacy,9
mathematics education,political science,8
mathematics education,biology,3
mathematics education,paleontology,3
medical education,pedagogy,90
medical education,psychology,128
medical education,statistics,10
medical education,world wide web,30
medical education,health literacy,83
medical education,law,98
medical education,literacy,71
medical education,mental health,6
medical education,political science,101
medical education,psychotherapist,6
medical education,public relations,25
medical education,applications of artificial intelligence,7
medical education,engineering,16
medical education,engineering ethics,12
medical education,delphi method,7
medical education,multimedia,3
medical education,archaeology,13
medical education,cinahl,8
medical education,context (archaeology),19
medical education,empowerment,5
medical education,environmental health,20
medical education,geography,13
medical education,inclusion (mineral),9
medical education,population,17
medical education,social psychology,17
medical education,the internet,11
medical education,chatbot,4
medical education,developmental psychology,7
medical education,machine learning,5
medical education,alternative medicine,5
medical education,digital library,3
medical education,grey literature,4
medical education,medline,18
medical education,pathology,34
medical education,protocol (science),3
medical education,scopus,7
medical education,linguistics,10
medical education,philosophy,15
medical education,cross-sectional study,8
medical education,biostatistics,4
medical education,family medicine,14
medical education,internal medicine,7
medical education,public health,22
medical education,computer network,3
medical education,biology,20
medical education,ehealth,17
medical education,paleontology,16
medical education,portuguese,3
medical education,coronavirus disease 2019 (covid-19),21
medical education,disease,21
medical education,infectious disease (medical specialty),21
medical education,pandemic,17
medical education,psychiatry,11
medical education,health professionals,6
medical education,clinical psychology,8
medical education,physics,10
medical education,health education,4
medical education,equity (law),5
medical education,health equity,6
medical education,epistemology,4
medical education,social science,14
medical education,sociology,19
medical education,power (physics),4
medical education,quantum mechanics,8
medical education,reliability (semiconductor),4
medical education,database,6
medical education,systematic review,5
medical education,transparency (behavior),3
medical education,workflow,6
medical education,information literacy,15
medical education,checklist,5
medical education,cognitive psychology,5
medical education,internet privacy,5
medical education,misinformation,3
medical education,applied psychology,14
medical education,communication,3
medical education,mechanical engineering,4
medical education,neuroscience,5
medical education,work (physics),4
medical education,information seeking,8
medical education,information seeking behavior,6
medical education,library science,10
medical education,workforce,4
medical education,business,7
medical education,focus group,4
medical education,marketing,5
medical education,narrative,3
medical education,qualitative research,7
medical education,thematic analysis,4
medical education,pure mathematics,3
medical education,test (biology),5
medical education,psycinfo,3
medical education,social media,7
medical education,gerontology,7
medical education,construct validity,5
medical education,cronbach's alpha,4
medical education,psychometrics,7
medical education,scale (ratio),7
medical education,genetics,3
medical education,pregnancy,3
medical education,history,3
medical education,confirmatory factor analysis,3
medical education,structural equation modeling,3
medical education,cartography,3
medical education,clinical trial,3
medical education,perception,3
pedagogy,psychology,169
pedagogy,statistics,9
pedagogy,world wide web,45
pedagogy,law,124
pedagogy,political science,128
pedagogy,transformative learning,24
pedagogy,alternative medicine,4
pedagogy,autonomy,3
pedagogy,business,18
pedagogy,finance,3
pedagogy,internet privacy,13
pedagogy,marketing,8
pedagogy,pathology,36
pedagogy,database,3
pedagogy,human–computer interaction,4
pedagogy,usability,3
pedagogy,environmental health,33
pedagogy,health literacy,119
pedagogy,literacy,128
pedagogy,public health,28
pedagogy,biology,17
pedagogy,context (archaeology),18
pedagogy,paleontology,14
pedagogy,public relations,29
pedagogy,archaeology,14
pedagogy,cinahl,7
pedagogy,ehealth,30
pedagogy,geography,15
pedagogy,linguistics,9
pedagogy,philosophy,15
pedagogy,mental health,11
pedagogy,psychotherapist,5
pedagogy,computer network,3
pedagogy,gerontology,20
pedagogy,engineering,19
pedagogy,engineering ethics,14
pedagogy,health equity,8
pedagogy,social media,7
pedagogy,applications of artificial intelligence,3
pedagogy,chemistry,3
pedagogy,psychiatry,17
pedagogy,disease,22
pedagogy,telehealth,4
pedagogy,health education,12
pedagogy,sociology,33
pedagogy,delphi method,3
pedagogy,family medicine,15
pedagogy,internal medicine,10
pedagogy,medline,12
pedagogy,systematic review,3
pedagogy,applied psychology,9
pedagogy,communication,6
pedagogy,developmental psychology,8
pedagogy,health communication,5
pedagogy,machine learning,11
pedagogy,mediation,3
pedagogy,neuroscience,6
pedagogy,physics,12
pedagogy,quantum mechanics,9
pedagogy,social psychology,17
pedagogy,structural equation modeling,7
pedagogy,library science,8
pedagogy,infectious disease (medical specialty),20
pedagogy,management science,3
pedagogy,portuguese,4
pedagogy,health promotion,6
pedagogy,social science,10
pedagogy,inclusion (mineral),4
pedagogy,scopus,3
pedagogy,cross-sectional study,12
pedagogy,biostatistics,3
pedagogy,digital divide,9
pedagogy,the internet,18
pedagogy,competence (human resources),4
pedagogy,perception,3
pedagogy,information seeking behavior,5
pedagogy,qualitative research,4
pedagogy,thematic analysis,3
pedagogy,health information,9
pedagogy,coronavirus disease 2019 (covid-19),19
pedagogy,pandemic,16
pedagogy,clinical psychology,11
pedagogy,health information national trends survey,6
pedagogy,epistemology,6
pedagogy,quality (philosophy),5
pedagogy,transparency (behavior),4
pedagogy,empowerment,4
pedagogy,information literacy,19
pedagogy,misinformation,5
pedagogy,adaptation (eye),3
pedagogy,field (mathematics),4
pedagogy,pure mathematics,5
pedagogy,demography,4
pedagogy,population,21
pedagogy,health professionals,3
pedagogy,information and communications technology,7
pedagogy,mechanical engineering,3
pedagogy,information seeking,6
pedagogy,equity (law),3
pedagogy,workforce,5
pedagogy,multidisciplinary approach,3
pedagogy,health policy,3
pedagogy,construct validity,6
pedagogy,cronbach's alpha,4
pedagogy,power (physics),4
pedagogy,psychometrics,7
pedagogy,reliability (semiconductor),4
pedagogy,scale (ratio),7
pedagogy,focus group,3
pedagogy,test (biology),5
pedagogy,confirmatory factor analysis,4
pedagogy,multimedia,5
pedagogy,psycinfo,3
pedagogy,perspective (graphical),4
pedagogy,socioeconomic status,4
pedagogy,digital learning,3
psychology,statistics,20
psychology,world wide web,86
psychology,law,277
psychology,political science,288
psychology,transformative learning,20
psychology,alternative medicine,16
psychology,autonomy,9
psychology,business,63
psychology,corporate governance,6
psychology,finance,9
psychology,internet privacy,46
psychology,marketing,20
psychology,pathology,100
psychology,service (business),5
psychology,engineering,87
psychology,engineering ethics,48
psychology,database,10
psychology,human–computer interaction,29
psychology,usability,10
psychology,workflow,8
psychology,diversity (politics),3
psychology,environmental health,57
psychology,health literacy,139
psychology,literacy,122
psychology,public health,54
psychology,biology,58
psychology,context (archaeology),48
psychology,paleontology,47
psychology,public relations,69
psychology,safeguarding,3
psychology,archaeology,25
psychology,cinahl,11
psychology,ehealth,34
psychology,geography,27
psychology,linguistics,25
psychology,philosophy,57
psychology,mental health,63
psychology,psychotherapist,33
psychology,anxiety,13
psychology,developmental psychology,23
psychology,medical diagnosis,5
psychology,psychiatry,91
psychology,association (psychology),4
psychology,computer network,10
psychology,resource (disambiguation),6
psychology,set (abstract data type),9
psychology,gerontology,31
psychology,agency (philosophy),3
psychology,social science,36
psychology,sociology,73
psychology,health equity,15
psychology,social determinants of health,3
psychology,social media,25
psychology,applications of artificial intelligence,17
psychology,biochemistry,9
psychology,chemistry,14
psychology,clarity,3
psychology,empathy,8
psychology,disease,65
psychology,embedded system,9
psychology,telehealth,5
psychology,wearable computer,8
psychology,wearable technology,5
psychology,social psychology,110
psychology,epistemology,34
psychology,generalizability theory,7
psychology,harm,6
psychology,management science,13
psychology,quality (philosophy),18
psychology,perspective (graphical),12
psychology,personalization,5
psychology,health education,12
psychology,healthcare system,6
psychology,physics,40
psychology,power (physics),13
psychology,quantum mechanics,27
psychology,reliability (semiconductor),12
psychology,robot,9
psychology,china,5
psychology,delphi method,8
psychology,cognitive science,9
psychology,ethical issues,4
psychology,informed consent,4
psychology,relevance (law),5
psychology,family medicine,25
psychology,internal medicine,27
psychology,medline,33
psychology,meta-analysis,6
psychology,systematic review,13
psychology,mechanical engineering,16
psychology,work (physics),12
psychology,multimedia,8
psychology,autism,6
psychology,autism spectrum disorder,5
psychology,action (physics),4
psychology,applied psychology,48
psychology,cognition,12
psychology,communication,22
psychology,health communication,12
psychology,machine learning,40
psychology,mediation,7
psychology,neuroscience,43
psychology,structural equation modeling,15
psychology,avatar,3
psychology,depression (economics),5
psychology,economic shortage,3
psychology,government (linguistics),9
psychology,macroeconomics,6
psychology,virtual reality,4
psychology,accountability,6
psychology,transparency (behavior),29
psychology,cloud computing,4
psychology,internet of things,4
psychology,systems engineering,4
psychology,empowerment,6
psychology,inclusion (mineral),12
psychology,population,43
psychology,the internet,28
psychology,portuguese,4
psychology,expectancy theory,5
psychology,management,3
psychology,unified theory of acceptance and use of technology,4
psychology,field (mathematics),11
psychology,popularity,12
psychology,pure mathematics,12
psychology,health professionals,11
psychology,chatbot,17
psychology,anthropology,5
psychology,distrust,3
psychology,microeconomics,3
psychology,preference,3
psychology,perception,27
psychology,health promotion,8
psychology,art,5
psychology,grey literature,5
psychology,literature,3
psychology,protocol (science),6
psychology,scopus,8
psychology,operations management,3
psychology,healthcare industry,3
psychology,influencer marketing,3
psychology,marketing management,3
psychology,misinformation,8
psychology,relationship marketing,3
psychology,cross-sectional study,17
psychology,gene,6
psychology,cartography,6
psychology,equity (law),10
psychology,scale (ratio),14
psychology,biostatistics,4
psychology,digital divide,9
psychology,multivariate analysis,3
psychology,trustworthiness,14
psychology,bridging (networking),3
psychology,electrical engineering,5
psychology,genetics,5
psychology,competence (human resources),8
psychology,information seeking behavior,9
psychology,history,8
psychology,meteorology,4
psychology,natural (archaeology),3
psychology,nurse education,3
psychology,qualitative research,12
psychology,thematic analysis,9
psychology,health information,11
psychology,focus (optics),6
psychology,optics,6
psychology,coronavirus disease 2019 (covid-19),60
psychology,digital media,9
psychology,infectious disease (medical specialty),60
psychology,pandemic,48
psychology,clinical psychology,29
psychology,health information national trends survey,7
psychology,key (lock),4
psychology,process management,4
psychology,sociotechnical system,3
psychology,workforce,9
psychology,risk perception,3
psychology,geometry,3
psychology,risk analysis (engineering),11
psychology,cognitive psychology,20
psychology,deep learning,7
psychology,emerging technologies,4
psychology,physical therapy,4
psychology,moderation,3
psychology,training (meteorology),3
psychology,intensive care medicine,4
psychology,narrative,5
psychology,information literacy,18
psychology,checklist,10
psychology,negotiation,4
psychology,interpersonal communication,7
psychology,politics,6
psychology,promotion (chess),4
psychology,conversation,6
psychology,empirical research,5
psychology,compassion,3
psychology,liability,3
psychology,demography,11
psychology,information and communications technology,6
psychology,value (mathematics),6
psychology,affect (linguistics),9
psychology,botany,3
psychology,information seeking,10
psychology,library science,10
psychology,domain (mathematical analysis),4
psychology,mathematical analysis,9
psychology,robustness (evolution),3
psychology,mental healthcare,6
psychology,2019-20 coronavirus outbreak,7
psychology,outbreak,7
psychology,severe acute respiratory syndrome coronavirus 2 (sars-cov-2),5
psychology,virology,7
psychology,multidisciplinary approach,5
psychology,mental health literacy,6
psychology,mental illness,9
psychology,big data,7
psychology,data mining,9
psychology,health policy,3
psychology,black box,5
psychology,conceptual framework,5
psychology,construct validity,7
psychology,cronbach's alpha,7
psychology,psychometrics,10
psychology,life expectancy,3
psychology,task (project management),4
psychology,focus group,4
psychology,feeling,4
psychology,data collection,4
psychology,confirmatory factor analysis,6
psychology,exploratory factor analysis,3
psychology,test (biology),11
psychology,metaverse,3
psychology,bubble,3
psychology,interface (matter),3
psychology,maximum bubble pressure method,3
psychology,parallel computing,3
psychology,telecommunications,3
psychology,openness to experience,4
psychology,likert scale,3
psychology,loneliness,3
psychology,stigma (botany),3
psychology,realm,3
psychology,inequality,4
psychology,psycinfo,5
psychology,mechanism (biology),3
psychology,modalities,3
psychology,population health,3
psychology,enabling,3
psychology,pregnancy,3
psychology,odds ratio,4
psychology,socioeconomic status,6
psychology,social distance,9
psychology,media studies,3
psychology,informatics,3
psychology,logistic regression,4
psychology,digital learning,3
psychology,safer,3
psychology,advertising,4
psychology,dementia,3
psychology,personality,3
psychology,chromatography,3
psychology,sample (material),3
psychology,medical emergency,4
psychology,distancing,4
psychology,globe,3
psychology,clinical trial,5
psychology,consolidated standards of reporting trials,3
psychology,guideline,4
statistics,world wide web,9
statistics,energy (signal processing),5
statistics,machine learning,5
statistics,health literacy,12
statistics,literacy,6
statistics,clinical psychology,7
statistics,pathology,9
statistics,psychiatry,3
statistics,public health,5
statistics,social science,3
statistics,sociology,5
statistics,biology,8
statistics,law,11
statistics,political science,11
statistics,environmental health,4
statistics,family medicine,5
statistics,population,4
statistics,business,5
statistics,flexibility (engineering),9
statistics,gerontology,4
statistics,linguistics,3
statistics,philosophy,3
statistics,engineering,10
statistics,mechanical engineering,3
statistics,embedded system,7
statistics,materials science,3
statistics,nanotechnology,3
statistics,wearable computer,6
statistics,big data,4
statistics,data collection,7
statistics,internet of things,5
statistics,the internet,6
statistics,human–computer interaction,4
statistics,applied psychology,3
statistics,confirmatory factor analysis,4
statistics,cronbach's alpha,4
statistics,exploratory factor analysis,3
statistics,geography,3
statistics,paleontology,5
statistics,physics,5
statistics,power (physics),5
statistics,psychometrics,4
statistics,quantum mechanics,5
statistics,reliability (semiconductor),4
statistics,scale (ratio),3
statistics,structural equation modeling,5
statistics,test (biology),4
statistics,coronavirus disease 2019 (covid-19),5
statistics,disease,5
statistics,infectious disease (medical specialty),5
statistics,pandemic,4
statistics,electrical engineering,5
statistics,wearable technology,5
statistics,internal medicine,3
statistics,geometry,3
world wide web,business,46
world wide web,digital divide,18
world wide web,engineering,18
world wide web,information and communications technology,22
world wide web,mechanical engineering,6
world wide web,political science,88
world wide web,public relations,30
world wide web,work (physics),3
world wide web,disease,29
world wide web,embedded system,10
world wide web,geography,12
world wide web,health literacy,44
world wide web,internet privacy,48
world wide web,law,82
world wide web,literacy,40
world wide web,pathology,39
world wide web,telehealth,8
world wide web,wearable computer,7
world wide web,wearable technology,6
world wide web,human–computer interaction,20
world wide web,personalization,8
world wide web,set (abstract data type),3
world wide web,the internet,82
world wide web,internet of things,18
world wide web,machine learning,22
world wide web,art,3
world wide web,blockchain,8
world wide web,distributed computing,4
world wide web,support vector machine,4
world wide web,metaverse,6
world wide web,virtual reality,6
world wide web,big data,18
world wide web,equity (law),4
world wide web,archaeology,11
world wide web,cinahl,4
world wide web,context (archaeology),20
world wide web,empowerment,5
world wide web,environmental health,21
world wide web,inclusion (mineral),3
world wide web,population,19
world wide web,social psychology,21
world wide web,preprint,3
world wide web,algorithm,3
world wide web,alternative medicine,6
world wide web,medline,10
world wide web,scopus,3
world wide web,linguistics,15
world wide web,philosophy,25
world wide web,cloud computing,20
world wide web,edge computing,4
world wide web,popularity,3
world wide web,health communication,8
world wide web,influencer marketing,3
world wide web,marketing,13
world wide web,marketing management,3
world wide web,misinformation,5
world wide web,relationship marketing,3
world wide web,social media,32
world wide web,cross-sectional study,4
world wide web,family medicine,6
world wide web,internal medicine,4
world wide web,public health,22
world wide web,chatbot,19
world wide web,epistemology,11
world wide web,quality (philosophy),6
world wide web,engineering ethics,4
world wide web,finance,4
world wide web,perspective (graphical),4
world wide web,position paper,3
world wide web,sociology,27
world wide web,trustworthiness,4
world wide web,computer network,8
world wide web,ehealth,18
world wide web,information seeking behavior,5
world wide web,health information,7
world wide web,health professionals,5
world wide web,natural language processing,4
world wide web,modalities,3
world wide web,physics,10
world wide web,power (physics),5
world wide web,quantum mechanics,8
world wide web,reliability (semiconductor),5
world wide web,social science,8
world wide web,information literacy,8
world wide web,systematic review,5
world wide web,healthcare system,3
world wide web,library science,8
world wide web,transparency (behavior),7
world wide web,communication,6
world wide web,coronavirus disease 2019 (covid-19),28
world wide web,digital media,7
world wide web,infectious disease (medical specialty),28
world wide web,mental health,13
world wide web,multimedia,10
world wide web,pandemic,22
world wide web,psychiatry,14
world wide web,gerontology,5
world wide web,service (business),5
world wide web,health information national trends survey,4
world wide web,information seeking,6
world wide web,disadvantaged,3
world wide web,health equity,3
world wide web,database,8
world wide web,workflow,5
world wide web,electrical engineering,4
world wide web,server,3
world wide web,analytics,3
world wide web,government (linguistics),7
world wide web,variety (cybernetics),5
world wide web,data mining,9
world wide web,data sharing,3
world wide web,applied psychology,13
world wide web,clinical psychology,4
world wide web,psychotherapist,6
world wide web,interoperability,8
world wide web,process management,3
world wide web,cognition,4
world wide web,neuroscience,8
world wide web,perception,4
world wide web,biology,27
world wide web,drone,3
world wide web,genetics,4
world wide web,scale (ratio),3
world wide web,paleontology,15
world wide web,demography,4
world wide web,emerging technologies,4
world wide web,digital revolution,5
world wide web,telecommunications,14
world wide web,data collection,3
world wide web,artificial neural network,3
world wide web,mobile device,3
world wide web,conversation,3
world wide web,history,3
world wide web,developmental psychology,4
world wide web,key (lock),9
world wide web,inequality,6
world wide web,mathematical analysis,9
world wide web,cyberspace,3
world wide web,usability,3
world wide web,engineering management,3
world wide web,latent dirichlet allocation,3
world wide web,topic model,3
world wide web,social distance,5
world wide web,information dissemination,3
world wide web,socioeconomic status,3
world wide web,risk analysis (engineering),4
world wide web,leverage (statistics),3
world wide web,dissemination,3
world wide web,authentication (law),5
world wide web,encryption,4
world wide web,field (mathematics),5
world wide web,pure mathematics,5
world wide web,social inequality,3
world wide web,automation,3
world wide web,smart city,3
world wide web,health policy,3
world wide web,outbreak,3
world wide web,virology,3
law,political science,502
law,transformative learning,15
law,alternative medicine,18
law,autonomy,19
law,business,116
law,corporate governance,13
law,data governance,4
law,data quality,4
law,data sharing,6
law,finance,22
law,information privacy,6
law,internet privacy,62
law,marketing,20
law,pathology,107
law,service (business),4
law,engineering,101
law,engineering ethics,57
law,database,14
law,human–computer interaction,18
law,usability,3
law,workflow,12
law,diversity (politics),3
law,environmental health,55
law,health literacy,129
law,literacy,97
law,public health,62
law,biology,68
law,context (archaeology),53
law,paleontology,43
law,public relations,106
law,safeguarding,5
law,process management,6
law,archaeology,23
law,cinahl,15
law,ehealth,29
law,geography,25
law,linguistics,30
law,philosophy,50
law,mental health,29
law,psychotherapist,18
law,transparency (behavior),46
law,healthcare system,16
law,machine learning,28
law,bioinformatics,6
law,personalized medicine,4
law,association (psychology),4
law,computer network,6
law,resource (disambiguation),4
law,set (abstract data type),10
law,gerontology,23
law,agency (philosophy),4
law,social science,30
law,sociology,70
law,accountability,21
law,applications of artificial intelligence,20
law,big data,26
law,data mining,20
law,deep learning,6
law,domain (mathematical analysis),7
law,mathematical analysis,14
law,precision medicine,4
law,global health,3
law,health equity,23
law,social determinants of health,5
law,social media,29
law,standardization,3
law,credibility,4
law,epistemology,21
law,health professionals,14
law,healthcare service,3
law,quality (philosophy),10
law,family medicine,21
law,internal medicine,27
law,randomized controlled trial,5
law,reading (process),4
law,disease,71
law,embedded system,13
law,telehealth,13
law,wearable computer,12
law,wearable technology,9
law,psychiatry,37
law,social psychology,61
law,developmental psychology,11
law,harm,8
law,management science,18
law,digital divide,15
law,the internet,28
law,personalization,3
law,health education,11
law,perspective (graphical),12
law,physics,24
law,power (physics),8
law,quantum mechanics,18
law,reliability (semiconductor),7
law,robot,7
law,china,7
law,equity (law),20
law,ethical issues,4
law,informed consent,4
law,relevance (law),12
law,scope (computer science),7
law,cochrane library,4
law,medline,62
law,meta-analysis,8
law,systematic review,31
law,electrical engineering,5
law,mechanical engineering,16
law,work (physics),12
law,applied psychology,19
law,cognition,5
law,communication,12
law,health communication,12
law,mediation,6
law,neuroscience,23
law,structural equation modeling,5
law,library science,14
law,media studies,5
law,distrust,3
law,accounting,5
law,empowerment,8
law,inclusion (mineral),13
law,population,36
law,portuguese,4
law,microbiology,4
law,multidisciplinary approach,7
law,risk analysis (engineering),20
law,intensive care medicine,6
law,art,7
law,digital library,4
law,grey literature,6
law,literature,6
law,poetry,4
law,scopus,22
law,metric (unit),3
law,misinformation,11
law,coronavirus disease 2019 (covid-19),66
law,infectious disease (medical specialty),66
law,pandemic,53
law,cartography,3
law,scale (ratio),8
law,position paper,4
law,trustworthiness,18
law,certification,3
law,government (linguistics),13
law,key (lock),7
law,stakeholder,5
law,history,4
law,nurse education,3
law,qualitative research,10
law,thematic analysis,8
law,field (mathematics),12
law,pure mathematics,13
law,health policy,10
law,focus (optics),4
law,optics,4
law,digital media,6
law,clinical psychology,13
law,ecology,5
law,macroeconomics,4
law,sustainability,3
law,workforce,12
law,perception,17
law,internet of things,7
law,medical diagnosis,4
law,geometry,3
law,emerging technologies,4
law,health technology,3
law,leverage (statistics),6
law,cross-sectional study,14
law,physical therapy,7
law,cloud computing,7
law,sustainable development,4
law,systems engineering,5
law,information and communications technology,16
law,breast cancer,3
law,cancer,3
law,narrative,9
law,analytics,4
law,botany,6
law,identification (biology),4
law,variety (cybernetics),6
law,information literacy,18
law,cognitive psychology,5
law,data extraction,3
law,negotiation,3
law,limiting,3
law,chatbot,8
law,interpersonal communication,4
law,politics,14
law,promotion (chess),5
law,empirical research,4
law,robotics,4
law,compassion,3
law,liability,5
law,surgery,3
law,demography,8
law,health information,6
law,face (sociological concept),3
law,multimedia,4
law,order (exchange),5
law,value (mathematics),5
law,health information national trends survey,4
law,information seeking,9
law,information seeking behavior,7
law,disadvantaged,4
law,exploratory research,3
law,biochemistry,5
law,chemistry,7
law,gene,4
law,reliability engineering,3
law,robustness (evolution),3
law,representation (politics),3
law,economic shortage,3
law,2019-20 coronavirus outbreak,10
law,outbreak,10
law,severe acute respiratory syndrome coronavirus 2 (sars-cov-2),10
law,virology,9
law,economic policy,3
law,european union,3
law,competence (human resources),6
law,health promotion,9
law,mental health literacy,3
law,mental illness,4
law,logistic regression,3
law,interoperability,4
law,blockchain,3
law,scrutiny,3
law,conceptual framework,4
law,advertising,3
law,medical emergency,10
law,triage,4
law,excellence,3
law,focus group,3
law,conversation,5
law,test (biology),6
law,empathy,3
law,realm,3
law,affect (linguistics),3
law,inequality,5
law,psycinfo,8
law,biostatistics,3
law,beneficence,3
law,economic justice,3
law,developing country,3
law,black box,3
law,digital revolution,3
law,telecommunications,9
law,biomedicine,3
law,anxiety,5
law,anthropology,6
law,genetics,4
law,psychometrics,4
law,social distance,9
law,socioeconomic status,6
law,metaverse,3
law,virtual reality,4
law,informatics,3
law,construct validity,3
law,primary care,3
law,data collection,3
law,population health,4
law,immunology,4
law,vaccination,4
law,hrhis,3
law,preparedness,5
law,dissemination,3
law,globe,4
political science,transformative learning,17
political science,alternative medicine,19
political science,autonomy,19
political science,business,126
political science,corporate governance,13
political science,data governance,4
political science,data quality,4
political science,data sharing,6
political science,finance,24
political science,information privacy,6
political science,internet privacy,70
political science,marketing,21
political science,pathology,114
political science,service (business),5
political science,engineering,108
political science,engineering ethics,61
political science,database,14
political science,human–computer interaction,19
political science,usability,3
political science,workflow,12
political science,diversity (politics),3
political science,environmental health,56
political science,health literacy,129
political science,literacy,99
political science,public health,66
political science,biology,71
political science,context (archaeology),56
political science,paleontology,45
political science,public relations,127
political science,safeguarding,5
political science,process management,7
political science,archaeology,25
political science,cinahl,15
political science,ehealth,29
political science,geography,27
political science,linguistics,32
political science,philosophy,56
political science,mental health,31
political science,psychotherapist,18
political science,transparency (behavior),48
political science,healthcare system,16
political science,machine learning,30
political science,bioinformatics,6
political science,personalized medicine,4
political science,association (psychology),4
political science,computer network,7
political science,resource (disambiguation),5
political science,set (abstract data type),10
political science,digital divide,17
political science,information and communications technology,17
political science,mechanical engineering,20
political science,social determinants of health,6
political science,work (physics),16
political science,gerontology,23
political science,agency (philosophy),4
political science,social science,32
political science,sociology,77
political science,accountability,21
political science,applications of artificial intelligence,20
political science,big data,26
political science,data mining,20
political science,deep learning,6
political science,domain (mathematical analysis),7
political science,mathematical analysis,16
political science,precision medicine,4
political science,global health,4
political science,health equity,23
political science,social media,33
political science,standardization,3
political science,credibility,4
political science,epistemology,25
political science,health professionals,14
political science,healthcare service,3
political science,quality (philosophy),15
political science,family medicine,21
political science,internal medicine,27
political science,randomized controlled trial,5
political science,reading (process),4
political science,disease,77
political science,embedded system,13
political science,telehealth,13
political science,wearable computer,12
political science,wearable technology,9
political science,psychiatry,38
political science,social psychology,66
political science,developmental psychology,11
political science,harm,8
political science,management science,19
political science,the internet,29
political science,personalization,3
political science,health education,11
political science,perspective (graphical),13
political science,physics,28
political science,power (physics),10
political science,quantum mechanics,21
political science,reliability (semiconductor),8
political science,robot,7
political science,china,7
political science,equity (law),20
political science,ethical issues,4
political science,informed consent,4
political science,relevance (law),12
political science,scope (computer science),7
political science,cochrane library,4
political science,medline,62
political science,meta-analysis,8
political science,systematic review,31
political science,electrical engineering,5
political science,action (physics),3
political science,applied psychology,20
political science,cognition,5
political science,communication,13
political science,health communication,14
political science,mediation,6
political science,neuroscience,23
political science,structural equation modeling,5
political science,library science,14
political science,media studies,5
political science,distrust,3
political science,accounting,5
political science,guideline,3
political science,empowerment,8
political science,inclusion (mineral),13
political science,population,37
political science,portuguese,4
political science,management,3
political science,microbiology,4
political science,multidisciplinary approach,7
political science,risk analysis (engineering),20
political science,intensive care medicine,6
political science,art,7
political science,digital library,4
political science,grey literature,6
political science,literature,6
political science,poetry,4
political science,protocol (science),3
political science,scopus,22
political science,metric (unit),3
political science,misinformation,11
political science,coronavirus disease 2019 (covid-19),72
political science,infectious disease (medical specialty),72
political science,pandemic,56
political science,cartography,3
political science,scale (ratio),8
political science,position paper,4
political science,trustworthiness,18
political science,certification,3
political science,government (linguistics),15
political science,key (lock),7
political science,stakeholder,7
political science,history,4
political science,nurse education,3
political science,qualitative research,10
political science,thematic analysis,8
political science,field (mathematics),12
political science,pure mathematics,13
political science,health policy,12
political science,focus (optics),4
political science,optics,4
political science,digital media,7
political science,clinical psychology,13
political science,ecology,5
political science,macroeconomics,4
political science,sustainability,3
political science,workforce,12
political science,perception,17
political science,internet of things,7
political science,medical diagnosis,4
political science,geometry,4
political science,delphi method,3
political science,emerging technologies,4
political science,health technology,4
political science,information technology,3
political science,leverage (statistics),7
political science,cross-sectional study,14
political science,physical therapy,7
political science,cloud computing,7
political science,sustainable development,4
political science,systems engineering,5
political science,breast cancer,3
political science,cancer,3
political science,narrative,9
political science,analytics,4
political science,botany,7
political science,identification (biology),5
political science,variety (cybernetics),8
political science,information literacy,18
political science,checklist,3
political science,cognitive psychology,6
political science,data extraction,3
political science,negotiation,4
political science,limiting,3
political science,chatbot,9
political science,interpersonal communication,5
political science,politics,14
political science,promotion (chess),5
political science,empirical research,5
political science,robotics,4
political science,compassion,3
political science,liability,5
political science,surgery,3
political science,demography,8
political science,health information,7
political science,face (sociological concept),3
political science,multimedia,4
political science,order (exchange),5
political science,value (mathematics),6
political science,health information national trends survey,4
political science,information seeking,9
political science,information seeking behavior,7
political science,disadvantaged,4
political science,exploratory research,3
political science,biochemistry,5
political science,chemistry,7
political science,gene,4
political science,reliability engineering,3
political science,robustness (evolution),3
political science,representation (politics),3
political science,economic shortage,3
political science,2019-20 coronavirus outbreak,12
political science,outbreak,12
political science,severe acute respiratory syndrome coronavirus 2 (sars-cov-2),11
political science,virology,11
political science,economic policy,3
political science,european union,3
political science,competence (human resources),6
political science,health promotion,10
political science,environmental science,3
political science,mental health literacy,3
political science,mental illness,4
political science,flexibility (engineering),3
political science,logistic regression,3
political science,interoperability,4
political science,blockchain,3
political science,scrutiny,3
political science,conceptual framework,4
political science,advertising,5
political science,medical emergency,10
political science,triage,4
political science,excellence,3
political science,focus group,3
political science,conversation,5
political science,test (biology),6
political science,empathy,3
political science,realm,3
political science,affect (linguistics),3
political science,inequality,6
political science,psycinfo,8
political science,metaverse,4
political science,virtual reality,5
political science,biostatistics,3
political science,beneficence,3
political science,economic justice,3
political science,developing country,3
political science,black box,3
political science,digital revolution,4
political science,telecommunications,10
political science,biomedicine,3
political science,anxiety,5
political science,anthropology,6
political science,genetics,4
political science,psychometrics,4
political science,social distance,9
political science,information dissemination,4
political science,socioeconomic status,6
political science,informatics,3
political science,construct validity,3
political science,primary care,3
political science,data collection,3
political science,population health,4
political science,immunology,4
political science,vaccination,4
political science,hrhis,3
political science,dissemination,4
political science,preparedness,5
political science,globe,4
political science,social inequality,3
transformative learning,business,5
transformative learning,internet privacy,3
transformative learning,pathology,4
transformative learning,biology,4
transformative learning,context (archaeology),3
transformative learning,paleontology,3
transformative learning,public relations,7
transformative learning,mental health,3
transformative learning,psychiatry,4
transformative learning,engineering,8
transformative learning,engineering ethics,5
transformative learning,sociology,7
transformative learning,transparency (behavior),3
transformative learning,public health,3
transformative learning,health communication,3
alternative medicine,business,9
alternative medicine,data sharing,17
alternative medicine,finance,4
alternative medicine,information privacy,5
alternative medicine,internet privacy,11
alternative medicine,pathology,42
alternative medicine,engineering,8
alternative medicine,engineering ethics,4
alternative medicine,informed consent,4
alternative medicine,blockchain,4
alternative medicine,computer network,6
alternative medicine,database,5
alternative medicine,health literacy,4
alternative medicine,literacy,3
alternative medicine,medline,3
alternative medicine,protocol (science),11
alternative medicine,social psychology,4
alternative medicine,big data,7
alternative medicine,embedded system,4
alternative medicine,wearable computer,4
alternative medicine,wearable technology,3
alternative medicine,scalability,3
alternative medicine,data mining,3
alternative medicine,cloud computing,4
alternative medicine,machine learning,3
alternative medicine,internet of things,3
alternative medicine,public relations,5
alternative medicine,the internet,3
alternative medicine,biology,5
alternative medicine,linguistics,4
alternative medicine,philosophy,6
alternative medicine,encryption,3
alternative medicine,coronavirus disease 2019 (covid-19),3
alternative medicine,disease,3
alternative medicine,infectious disease (medical specialty),3
alternative medicine,materials science,3
alternative medicine,nanotechnology,3
alternative medicine,checklist,4
alternative medicine,clinical trial,4
alternative medicine,cognitive psychology,4
alternative medicine,delphi method,4
alternative medicine,guideline,4
autonomy,business,4
autonomy,internet privacy,4
autonomy,transparency (behavior),4
autonomy,engineering,8
autonomy,engineering ethics,6
autonomy,biology,3
autonomy,big data,3
autonomy,public relations,4
autonomy,beneficence,3
business,corporate governance,15
business,data governance,5
business,data quality,5
business,data sharing,8
business,finance,34
business,information privacy,6
business,internet privacy,46
business,marketing,57
business,pathology,47
business,service (business),14
business,database,8
business,transparency (behavior),24
business,workflow,5
business,process management,22
business,public health,19
business,digital divide,7
business,engineering,48
business,information and communications technology,13
business,mechanical engineering,12
business,public relations,55
business,social determinants of health,3
business,work (physics),7
business,domain (mathematical analysis),3
business,epistemology,15
business,health professionals,3
business,healthcare service,3
business,mathematical analysis,7
business,philosophy,31
business,quality (philosophy),10
business,biology,32
business,health literacy,14
business,literacy,12
business,the internet,12
business,agriculture,3
business,archaeology,7
business,environmental science,4
business,geography,8
business,engineering ethics,11
business,personalization,3
business,equity (law),6
business,key (lock),6
business,accountability,11
business,accounting,8
business,social psychology,22
business,environmental health,21
business,risk analysis (engineering),33
business,computer network,4
business,context (archaeology),17
business,management,6
business,paleontology,14
business,resource (disambiguation),3
business,human–computer interaction,9
business,management science,3
business,healthcare system,7
business,metric (unit),4
business,operations management,7
business,health communication,3
business,influencer marketing,3
business,marketing management,3
business,relationship marketing,3
business,social media,10
business,biochemistry,4
business,chemistry,4
business,gene,4
business,sociology,25
business,transformation (genetics),3
business,perspective (graphical),6
business,trustworthiness,7
business,productivity,5
business,stakeholder,6
business,ehealth,7
business,physics,10
business,quantum mechanics,8
business,engineering management,4
business,ecology,8
business,macroeconomics,5
business,sustainability,7
business,audit,4
business,blockchain,12
business,cloud computing,7
business,data security,3
business,encryption,3
business,power (physics),6
business,reliability (semiconductor),4
business,healthcare industry,5
business,internet of things,9
business,emerging technologies,9
business,health technology,5
business,information technology,3
business,leverage (statistics),4
business,machine learning,15
business,big data,19
business,industrial organization,3
business,supply chain,6
business,supply chain management,4
business,social science,9
business,systems engineering,7
business,psychiatry,6
business,bridge (graph theory),3
business,field (mathematics),5
business,internal medicine,8
business,pure mathematics,5
business,order (exchange),7
business,robot,6
business,botany,5
business,identification (biology),4
business,neuroscience,3
business,perception,3
business,embedded system,9
business,wearable computer,7
business,wearable technology,5
business,health equity,5
business,telehealth,9
business,digitization,3
business,population,14
business,telecommunications,14
business,business model,3
business,geometry,5
business,product (mathematics),4
business,safer,3
business,analytics,8
business,business intelligence,3
business,government (linguistics),13
business,linguistics,17
business,variety (cybernetics),7
business,data mining,12
business,economic policy,3
business,european union,3
business,industry 4.0,4
business,flexibility (engineering),5
business,politics,4
business,set (abstract data type),7
business,interoperability,4
business,advertising,6
business,medical emergency,3
business,applied psychology,7
business,communication,3
business,structural equation modeling,3
business,focus group,4
business,workforce,3
business,smart city,3
business,value (mathematics),7
business,2019-20 coronavirus outbreak,6
business,coronavirus disease 2019 (covid-19),34
business,disease,34
business,infectious disease (medical specialty),34
business,outbreak,6
business,pandemic,28
business,severe acute respiratory syndrome coronavirus 2 (sars-cov-2),5
business,virology,6
business,applications of artificial intelligence,4
business,cyber-physical system,3
business,psychotherapist,3
business,anthropology,3
business,medline,6
business,scopus,4
business,systematic review,3
business,family medicine,4
business,predictive analytics,3
business,computer-assisted web interviewing,3
business,tourism,3
business,payment,3
business,automation,4
business,dissemination,4
business,mental health,4
business,health policy,4
business,qualitative research,3
business,liability,3
business,china,3
business,inequality,3
business,microeconomics,3
corporate governance,data governance,4
corporate governance,data quality,4
corporate governance,finance,15
corporate governance,marketing,4
corporate governance,pathology,3
corporate governance,engineering,5
corporate governance,engineering ethics,3
corporate governance,social psychology,3
corporate governance,metric (unit),3
corporate governance,public relations,4
corporate governance,government (linguistics),3
corporate governance,linguistics,3
corporate governance,philosophy,3
data governance,data quality,5
data governance,finance,4
data governance,information privacy,3
data governance,marketing,4
data governance,metric (unit),4
data governance,big data,3
data quality,finance,4
data quality,information privacy,3
data quality,marketing,4
data quality,metric (unit),4
data quality,big data,3
data sharing,finance,4
data sharing,information privacy,3
data sharing,internet privacy,7
data sharing,pathology,17
data sharing,blockchain,4
data sharing,computer network,3
data sharing,database,3
data sharing,big data,7
data sharing,data mining,3
data sharing,cloud computing,3
data sharing,biology,3
data sharing,encryption,3
finance,information privacy,3
finance,internet privacy,6
finance,marketing,5
finance,pathology,9
finance,engineering,13
finance,engineering ethics,7
finance,accountability,4
finance,social psychology,4
finance,transparency (behavior),4
finance,metric (unit),3
finance,perspective (graphical),3
finance,philosophy,8
finance,sociology,5
finance,physics,3
finance,risk analysis (engineering),4
finance,order (exchange),8
finance,environmental health,5
finance,public relations,8
finance,government (linguistics),4
finance,linguistics,6
finance,coronavirus disease 2019 (covid-19),4
finance,disease,4
finance,infectious disease (medical specialty),4
finance,pandemic,3
finance,population,3
finance,mechanical engineering,3
finance,analytics,3
information privacy,internet privacy,19
information privacy,marketing,3
information privacy,pathology,6
information privacy,internet of things,6
information privacy,blockchain,8
information privacy,database,3
information privacy,scalability,3
information privacy,big data,8
information privacy,biology,3
information privacy,context (archaeology),3
information privacy,data mining,5
information privacy,paleontology,3
information privacy,privacy by design,3
internet privacy,marketing,8
internet privacy,pathology,35
internet privacy,service (business),4
internet privacy,engineering,17
internet privacy,engineering ethics,9
internet privacy,trusted computing,3
internet privacy,epistemology,5
internet privacy,mathematical analysis,7
internet privacy,philosophy,12
internet privacy,quality (philosophy),3
internet privacy,disease,24
internet privacy,embedded system,7
internet privacy,geography,3
internet privacy,health literacy,13
internet privacy,literacy,12
internet privacy,telehealth,8
internet privacy,wearable computer,7
internet privacy,wearable technology,6
internet privacy,digital divide,5
internet privacy,public relations,37
internet privacy,the internet,14
internet privacy,health equity,3
internet privacy,internet of things,14
internet privacy,key (lock),3
internet privacy,federated learning,3
internet privacy,big data,9
internet privacy,transparency (behavior),12
internet privacy,equity (law),4
internet privacy,cloud computing,7
internet privacy,human–computer interaction,6
internet privacy,misinformation,7
internet privacy,social psychology,14
internet privacy,machine learning,5
internet privacy,health communication,4
internet privacy,social media,16
internet privacy,environmental health,7
internet privacy,health information,3
internet privacy,blockchain,10
internet privacy,database,3
internet privacy,hacker,3
internet privacy,applied psychology,4
internet privacy,accountability,4
internet privacy,sociology,18
internet privacy,liability,3
internet privacy,popularity,4
internet privacy,information and communications technology,6
internet privacy,physics,5
internet privacy,communication,3
internet privacy,coronavirus disease 2019 (covid-19),22
internet privacy,digital media,5
internet privacy,infectious disease (medical specialty),22
internet privacy,mental health,9
internet privacy,pandemic,20
internet privacy,psychiatry,7
internet privacy,social science,7
internet privacy,biology,9
internet privacy,context (archaeology),4
internet privacy,data mining,5
internet privacy,mechanical engineering,3
internet privacy,paleontology,4
internet privacy,public health,16
internet privacy,variety (cybernetics),4
internet privacy,chatbot,3
internet privacy,government (linguistics),5
internet privacy,linguistics,7
internet privacy,psychotherapist,3
internet privacy,trustworthiness,10
internet privacy,ehealth,6
internet privacy,risk analysis (engineering),5
internet privacy,authentication (law),3
internet privacy,population,6
internet privacy,information dissemination,3
internet privacy,media studies,3
internet privacy,electrical engineering,3
internet privacy,2019-20 coronavirus outbreak,3
internet privacy,outbreak,3
internet privacy,virology,3
internet privacy,neuroscience,4
internet privacy,perception,3
internet privacy,encryption,4
internet privacy,health policy,3
internet privacy,social distance,4
marketing,pathology,11
marketing,service (business),14
marketing,epistemology,5
marketing,healthcare service,3
marketing,philosophy,8
marketing,quality (philosophy),4
marketing,engineering,7
marketing,personalization,3
marketing,biology,10
marketing,context (archaeology),6
marketing,paleontology,5
marketing,social psychology,7
marketing,influencer marketing,3
marketing,marketing management,3
marketing,public relations,8
marketing,relationship marketing,3
marketing,social media,5
marketing,environmental health,4
marketing,health literacy,5
marketing,literacy,4
marketing,the internet,4
marketing,human–computer interaction,4
marketing,big data,8
marketing,industrial organization,3
marketing,operations management,3
marketing,process management,8
marketing,supply chain,6
marketing,supply chain management,4
marketing,metric (unit),3
marketing,sociology,6
marketing,transparency (behavior),3
marketing,embedded system,5
marketing,wearable computer,4
marketing,population,4
marketing,telecommunications,5
marketing,business model,3
marketing,analytics,5
marketing,business intelligence,3
marketing,government (linguistics),3
marketing,linguistics,4
marketing,internal medicine,4
marketing,ecology,3
marketing,sustainability,3
marketing,focus group,4
marketing,applied psychology,6
marketing,blockchain,3
marketing,coronavirus disease 2019 (covid-19),9
marketing,disease,9
marketing,infectious disease (medical specialty),9
marketing,pandemic,6
marketing,risk analysis (engineering),3
marketing,machine learning,8
marketing,value (mathematics),5
marketing,computer-assisted web interviewing,3
marketing,robot,4
marketing,data mining,3
pathology,service (business),4
pathology,biochemistry,4
pathology,bioinformatics,12
pathology,biology,45
pathology,drug,3
pathology,gene,3
pathology,personalized medicine,7
pathology,pharmacology,3
pathology,precision medicine,20
pathology,anxiety,6
pathology,developmental psychology,6
pathology,medical diagnosis,11
pathology,mental health,18
pathology,psychiatry,35
pathology,applications of artificial intelligence,8
pathology,big data,23
pathology,data mining,17
pathology,deep learning,6
pathology,mathematical analysis,9
pathology,transparency (behavior),7
pathology,disease,123
pathology,embedded system,8
pathology,geography,18
pathology,health literacy,41
pathology,literacy,32
pathology,telehealth,7
pathology,wearable computer,8
pathology,wearable technology,6
pathology,database,12
pathology,machine learning,23
pathology,social science,8
pathology,sociology,28
pathology,workflow,7
pathology,engineering,26
pathology,engineering ethics,8
pathology,ethical issues,3
pathology,informed consent,4
pathology,clinical trial,9
pathology,blockchain,6
pathology,computer network,7
pathology,epistemology,10
pathology,guideline,6
pathology,management science,5
pathology,medline,15
pathology,philosophy,30
pathology,quality (philosophy),3
pathology,systematic review,6
pathology,botany,4
pathology,infectious disease (medical specialty),108
pathology,risk analysis (engineering),12
pathology,art,4
pathology,cinahl,4
pathology,inclusion (mineral),3
pathology,literature,4
pathology,protocol (science),11
pathology,scopus,8
pathology,social psychology,21
pathology,cross-sectional study,22
pathology,biostatistics,7
pathology,digital divide,5
pathology,environmental health,32
pathology,family medicine,14
pathology,internal medicine,19
pathology,multivariate analysis,3
pathology,public health,37
pathology,the internet,14
pathology,coronavirus disease 2019 (covid-19),107
pathology,digital media,6
pathology,pandemic,84
pathology,clinical psychology,12
pathology,gerontology,13
pathology,physical therapy,4
pathology,physics,13
pathology,psychotherapist,4
pathology,quantum mechanics,10
pathology,applied psychology,7
pathology,waste management,3
pathology,chemistry,5
pathology,power (physics),6
pathology,cancer,4
pathology,intensive care medicine,11
pathology,linguistics,20
pathology,narrative,3
pathology,neuroscience,7
pathology,perception,3
pathology,set (abstract data type),7
pathology,context (archaeology),22
pathology,paleontology,21
pathology,demography,10
pathology,population,23
pathology,communication,3
pathology,scalability,3
pathology,public relations,33
pathology,2019-20 coronavirus outbreak,18
pathology,archaeology,14
pathology,outbreak,19
pathology,severe acute respiratory syndrome coronavirus 2 (sars-cov-2),20
pathology,virology,19
pathology,logistic regression,4
pathology,microbiology,4
pathology,odds ratio,3
pathology,politics,3
pathology,vaccination,5
pathology,genetics,3
pathology,cloud computing,5
pathology,radiology,3
pathology,internet of things,5
pathology,key (lock),4
pathology,mechanical engineering,6
pathology,cartography,3
pathology,confirmatory factor analysis,3
pathology,cronbach's alpha,3
pathology,psychometrics,4
pathology,reliability (semiconductor),5
pathology,scale (ratio),4
pathology,structural equation modeling,4
pathology,test (biology),8
pathology,pure mathematics,4
pathology,human–computer interaction,6
pathology,china,4
pathology,government (linguistics),10
pathology,telecommunications,6
pathology,information literacy,5
pathology,information seeking,7
pathology,library science,7
pathology,immunology,5
pathology,ehealth,6
pathology,socioeconomic status,4
pathology,information seeking behavior,6
pathology,social media,25
pathology,social distance,12
pathology,information dissemination,3
pathology,media studies,4
pathology,construct validity,3
pathology,generalizability theory,3
pathology,data collection,3
pathology,wireless,4
pathology,encryption,3
pathology,field (mathematics),3
pathology,advertising,3
pathology,tourism,3
pathology,analytics,3
pathology,dementia,3
pathology,contact tracing,3
pathology,health equity,3
pathology,misinformation,6
pathology,preparedness,4
pathology,information and communications technology,4
pathology,distancing,4
pathology,health communication,7
pathology,robot,5
pathology,medical emergency,6
pathology,globe,4
pathology,materials science,4
pathology,nanotechnology,4
pathology,inequality,4
pathology,social inequality,3
pathology,feeling,3
pathology,checklist,5
pathology,cognitive psychology,5
pathology,consolidated standards of reporting trials,3
pathology,delphi method,5
pathology,isolation (microbiology),3
service (business),engineering,3
service (business),biology,4
service (business),context (archaeology),3
service (business),paleontology,3
service (business),applied psychology,3
service (business),coronavirus disease 2019 (covid-19),3
service (business),disease,3
service (business),infectious disease (medical specialty),3
biochemistry,biology,3
biochemistry,computational biology,3
biochemistry,gene,12
biochemistry,chemistry,15
biochemistry,clarity,4
biochemistry,psychiatry,3
biochemistry,philosophy,3
biochemistry,transformation (genetics),3
biochemistry,engineering,3
biochemistry,mathematical analysis,3
biochemistry,psychotherapist,3
biochemistry,robustness (evolution),6
biochemistry,trustworthiness,3
biochemistry,transparency (behavior),3
biochemistry,disease,3
bioinformatics,biology,28
bioinformatics,computational biology,8
bioinformatics,drug,4
bioinformatics,drug development,3
bioinformatics,gene,5
bioinformatics,personalized medicine,12
bioinformatics,pharmacology,4
bioinformatics,precision medicine,9
bioinformatics,big data,6
bioinformatics,data mining,5
bioinformatics,machine learning,6
bioinformatics,sociology,3
bioinformatics,environmental health,4
bioinformatics,genetics,5
bioinformatics,human microbiome,3
bioinformatics,microbiome,4
bioinformatics,engineering,3
bioinformatics,disease,8
bioinformatics,risk analysis (engineering),3
bioinformatics,internal medicine,4
bioinformatics,intensive care medicine,3
biology,computational biology,9
biology,drug,4
biology,drug development,3
biology,gene,5
biology,personalized medicine,12
biology,pharmacology,4
biology,precision medicine,11
biology,context (archaeology),81
biology,paleontology,93
biology,public relations,20
biology,health literacy,19
biology,social science,14
biology,sociology,23
biology,epistemology,13
biology,evolutionary biology,5
biology,function (biology),4
biology,philosophy,22
biology,quality (philosophy),6
biology,process management,7
biology,big data,21
biology,data mining,17
biology,database,10
biology,machine learning,27
biology,workflow,7
biology,engineering,33
biology,engineering ethics,9
biology,perspective (graphical),6
biology,relevance (law),5
biology,scope (computer science),3
biology,art,6
biology,ecology,18
biology,immunology,4
biology,leverage (statistics),3
biology,repurposing,3
biology,visual arts,5
biology,botany,21
biology,citizen science,3
biology,disease,27
biology,infectious disease (medical specialty),19
biology,management science,5
biology,risk analysis (engineering),16
biology,computer network,7
biology,resource (disambiguation),3
biology,social psychology,19
biology,identification (biology),18
biology,intensive care medicine,7
biology,antibiotic resistance,3
biology,antibiotics,3
biology,microbiology,6
biology,multidisciplinary approach,4
biology,environmental health,16
biology,genetics,18
biology,human microbiome,3
biology,microbiome,4
biology,health professionals,5
biology,transparency (behavior),8
biology,psychiatry,10
biology,ehealth,4
biology,linguistics,11
biology,embedded system,7
biology,human–computer interaction,12
biology,neuroscience,9
biology,perception,7
biology,robot,4
biology,wearable computer,5
biology,agriculture,3
biology,macroeconomics,5
biology,sustainability,9
biology,supply chain,3
biology,cloud computing,9
biology,systems engineering,4
biology,physics,13
biology,analytics,6
biology,grey literature,3
biology,medline,12
biology,systematic review,7
biology,qualitative research,4
biology,telecommunications,8
biology,wireless,5
biology,domain (mathematical analysis),5
biology,mathematical analysis,6
biology,medical diagnosis,4
biology,literacy,11
biology,scopus,6
biology,key (lock),3
biology,mechanical engineering,6
biology,public health,14
biology,deep learning,4
biology,gerontology,6
biology,population,14
biology,power (physics),5
biology,quantum mechanics,12
biology,reliability (semiconductor),5
biology,internal medicine,8
biology,mechanism (biology),3
biology,authentication (law),3
biology,field (mathematics),8
biology,pure mathematics,9
biology,cognition,3
biology,politics,7
biology,set (abstract data type),7
biology,coronavirus disease 2019 (covid-19),18
biology,demography,4
biology,pandemic,11
biology,severe acute respiratory syndrome coronavirus 2 (sars-cov-2),3
biology,health education,4
biology,information literacy,3
biology,productivity,3
biology,drone,5
biology,internet of things,7
biology,the internet,12
biology,diabetes mellitus,3
biology,endocrinology,3
biology,pregnancy,5
biology,materials science,5
biology,metaverse,4
biology,virtual reality,4
biology,social media,6
biology,geography,3
biology,test (biology),12
biology,nanotechnology,4
biology,wearable technology,3
biology,applied psychology,6
biology,clinical psychology,3
biology,scale (ratio),5
biology,chatbot,3
biology,developmental psychology,3
biology,family medicine,6
biology,government (linguistics),3
biology,telehealth,3
biology,cognitive psychology,4
biology,psycinfo,3
biology,biomedicine,3
biology,multimedia,4
biology,applications of artificial intelligence,8
biology,mental health,6
biology,social distance,3
biology,popularity,3
biology,psychotherapist,3
biology,data collection,3
biology,architecture,3
biology,narrative,3
biology,healthcare system,4
biology,host (biology),3
biology,radiology,4
biology,isolation (microbiology),3
computational biology,drug,3
computational biology,drug development,3
computational biology,gene,4
computational biology,pharmacology,3
computational biology,genetics,3
computational biology,human microbiome,3
computational biology,microbiome,3
drug,drug development,4
drug,pharmacology,7
drug,repurposing,3
drug development,pharmacology,4
gene,genetics,4
gene,chemistry,10
gene,transformation (genetics),3
gene,engineering,3
gene,robustness (evolution),6
gene,disease,3
gene,phenotype,3
personalized medicine,precision medicine,6
personalized medicine,big data,4
personalized medicine,data mining,3
pharmacology,repurposing,3
precision medicine,big data,4
precision medicine,data mining,3
precision medicine,deep learning,3
precision medicine,database,4
precision medicine,workflow,4
precision medicine,engineering,4
precision medicine,context (archaeology),3
precision medicine,disease,5
precision medicine,intensive care medicine,6
precision medicine,internal medicine,3
direct anonymous attestation,trusted computing,3
engineering,engineering ethics,76
engineering,information and communications technology,5
engineering,mechanical engineering,47
engineering,public relations,29
engineering,work (physics),23
engineering,social media,4
engineering,applications of artificial intelligence,13
engineering,developmental psychology,4
engineering,epistemology,16
engineering,management science,33
engineering,philosophy,25
engineering,quality (philosophy),6
engineering,social psychology,22
engineering,perspective (graphical),12
engineering,sociology,27
engineering,healthcare system,4
engineering,physics,19
engineering,power (physics),8
engineering,quantum mechanics,10
engineering,reliability (semiconductor),4
engineering,ethical issues,6
engineering,context (archaeology),18
engineering,paleontology,18
engineering,relevance (law),3
engineering,scope (computer science),4
engineering,electrical engineering,37
engineering,transformer,5
engineering,voltage,7
engineering,cloud computing,8
engineering,computer network,7
engineering,embedded system,29
engineering,internet of things,15
engineering,systems engineering,18
engineering,wearable computer,20
engineering,medline,4
engineering,systematic review,3
engineering,botany,5
engineering,disease,9
engineering,ecology,3
engineering,infectious disease (medical specialty),8
engineering,risk analysis (engineering),19
engineering,field (mathematics),14
engineering,pure mathematics,14
engineering,multidisciplinary approach,5
engineering,nanoparticle,3
engineering,best practice,3
engineering,human–computer interaction,10
engineering,management,4
engineering,health professionals,3
engineering,transparency (behavior),22
engineering,composite material,9
engineering,materials science,21
engineering,piezoresistive effect,4
engineering,pressure sensor,5
engineering,operations management,6
engineering,chemistry,3
engineering,process management,10
engineering,trustworthiness,8
engineering,government (linguistics),5
engineering,linguistics,9
engineering,current (fluid),4
engineering,psychiatry,11
engineering,engineering management,10
engineering,healthcare industry,3
engineering,manufacturing engineering,3
engineering,telecommunications,15
engineering,key (lock),6
engineering,competence (human resources),3
engineering,literacy,4
engineering,neuroscience,11
engineering,perception,8
engineering,nurse education,3
engineering,qualitative research,4
engineering,social science,15
engineering,thematic analysis,3
engineering,domain (mathematical analysis),4
engineering,mathematical analysis,6
engineering,machine learning,19
engineering,public health,9
engineering,capacitive sensing,3
engineering,electronics,12
engineering,environmental health,8
engineering,wearable technology,14
engineering,aerospace,3
engineering,aerospace engineering,10
engineering,space (punctuation),3
engineering,space exploration,3
engineering,accountability,9
engineering,applied psychology,6
engineering,waste management,3
engineering,variety (cybernetics),6
engineering,internal medicine,7
engineering,negotiation,4
engineering,limiting,4
engineering,wireless,5
engineering,robot,11
engineering,robotics,5
engineering,order (exchange),4
engineering,big data,13
engineering,data mining,11
engineering,affect (linguistics),3
engineering,communication,4
engineering,deep learning,6
engineering,identification (biology),3
engineering,psychotherapist,4
engineering,reliability engineering,7
engineering,chatbot,3
engineering,civil engineering,4
engineering,database,11
engineering,workflow,8
engineering,intersection (aeronautics),4
engineering,nanotechnology,19
engineering,scalability,3
engineering,industry 4.0,8
engineering,leverage (statistics),3
engineering,macroeconomics,5
engineering,productivity,4
engineering,task (project management),4
engineering,conceptual framework,4
engineering,flexibility (engineering),6
engineering,optoelectronics,6
engineering,digitization,3
engineering,population,4
engineering,tactile sensor,3
engineering,triboelectric effect,4
engineering,automation,11
engineering,intrusion detection system,3
engineering,electronic engineering,3
engineering,smart city,3
engineering,mental health,8
engineering,optics,4
engineering,operations research,3
engineering,electronic skin,3
engineering,blockchain,4
engineering,smart grid,4
engineering,downtime,3
engineering,predictive maintenance,3
engineering,structural engineering,6
engineering,geometry,4
engineering,cyber-physical system,4
engineering,energy (signal processing),4
engineering,distributed computing,3
engineering,set (abstract data type),4
engineering,coronavirus disease 2019 (covid-19),7
engineering,pandemic,6
engineering,the internet,3
engineering,graphene,3
engineering,severe acute respiratory syndrome coronavirus 2 (sars-cov-2),3
engineering ethics,public relations,19
engineering ethics,applications of artificial intelligence,6
engineering ethics,epistemology,9
engineering ethics,management science,13
engineering ethics,perspective (graphical),8
engineering ethics,philosophy,14
engineering ethics,sociology,19
engineering ethics,physics,6
engineering ethics,quantum mechanics,3
engineering ethics,ethical issues,6
engineering ethics,context (archaeology),7
engineering ethics,paleontology,7
engineering ethics,field (mathematics),5
engineering ethics,pure mathematics,5
engineering ethics,social psychology,11
engineering ethics,health professionals,3
engineering ethics,transparency (behavior),13
engineering ethics,trustworthiness,4
engineering ethics,competence (human resources),3
engineering ethics,literacy,4
engineering ethics,psychiatry,4
engineering ethics,linguistics,5
engineering ethics,nurse education,3
engineering ethics,social science,9
engineering ethics,accountability,6
engineering ethics,mechanical engineering,3
engineering ethics,variety (cybernetics),3
engineering ethics,work (physics),3
engineering ethics,database,3
engineering ethics,workflow,3
database,transparency (behavior),5
database,workflow,33
database,human–computer interaction,5
database,big data,11
database,data mining,9
database,machine learning,7
database,social science,4
database,sociology,5
database,key (lock),3
database,blockchain,7
database,computer network,7
database,distributed computing,3
database,context (archaeology),7
database,internet of things,6
database,scalability,15
database,embedded system,5
database,wearable computer,3
database,medline,4
database,paleontology,6
database,systematic review,4
database,social psychology,4
database,applications of artificial intelligence,3
database,radiology,5
database,philosophy,5
database,the internet,3
database,cloud computing,5
database,epistemology,4
database,field (mathematics),3
database,pure mathematics,3
transparency (behavior),workflow,4
transparency (behavior),healthcare system,6
transparency (behavior),machine learning,11
transparency (behavior),accountability,11
transparency (behavior),applications of artificial intelligence,7
transparency (behavior),big data,7
transparency (behavior),data mining,5
transparency (behavior),deep learning,3
transparency (behavior),domain (mathematical analysis),6
transparency (behavior),mathematical analysis,7
transparency (behavior),black box,7
transparency (behavior),accounting,3
transparency (behavior),social psychology,11
transparency (behavior),health professionals,3
transparency (behavior),government (linguistics),3
transparency (behavior),linguistics,5
transparency (behavior),philosophy,9
transparency (behavior),process management,6
transparency (behavior),medline,6
transparency (behavior),scopus,3
transparency (behavior),context (archaeology),6
transparency (behavior),paleontology,6
transparency (behavior),systematic review,4
transparency (behavior),sociology,4
transparency (behavior),physics,7
transparency (behavior),public relations,7
transparency (behavior),embedded system,3
transparency (behavior),risk analysis (engineering),10
transparency (behavior),wearable computer,3
transparency (behavior),management science,7
transparency (behavior),chemistry,3
transparency (behavior),openness to experience,3
transparency (behavior),popularity,4
transparency (behavior),blockchain,9
transparency (behavior),cloud computing,5
transparency (behavior),traceability,3
transparency (behavior),field (mathematics),8
transparency (behavior),pure mathematics,8
transparency (behavior),trustworthiness,8
transparency (behavior),telecommunications,4
transparency (behavior),epistemology,5
transparency (behavior),variety (cybernetics),5
transparency (behavior),quantum mechanics,5
transparency (behavior),power (physics),3
transparency (behavior),reliability (semiconductor),3
workflow,big data,6
workflow,data mining,5
workflow,machine learning,5
workflow,social science,3
workflow,sociology,3
workflow,context (archaeology),6
workflow,medline,4
workflow,paleontology,5
workflow,systematic review,4
workflow,social psychology,3
workflow,radiology,5
workflow,philosophy,5
workflow,epistemology,4
workflow,field (mathematics),3
workflow,pure mathematics,3
human–computer interaction,usability,13
human–computer interaction,set (abstract data type),4
human–computer interaction,human–robot interaction,4
human–computer interaction,robot,9
human–computer interaction,internet of things,8
human–computer interaction,machine learning,13
human–computer interaction,metaverse,17
human–computer interaction,the internet,7
human–computer interaction,virtual reality,19
human–computer interaction,bubble,6
human–computer interaction,interface (matter),6
human–computer interaction,maximum bubble pressure method,6
human–computer interaction,cloud computing,4
human–computer interaction,edge computing,3
human–computer interaction,embedded system,15
human–computer interaction,enhanced data rates for gsm evolution,3
human–computer interaction,wearable computer,15
human–computer interaction,wearable technology,11
human–computer interaction,avatar,4
human–computer interaction,linguistics,5
human–computer interaction,mental health,10
human–computer interaction,philosophy,9
human–computer interaction,psychiatry,9
human–computer interaction,psychotherapist,9
human–computer interaction,neuroscience,6
human–computer interaction,perception,4
human–computer interaction,cyber-physical system,3
human–computer interaction,physics,9
human–computer interaction,quantum mechanics,6
human–computer interaction,telecommunications,9
human–computer interaction,wireless,5
human–computer interaction,big data,5
human–computer interaction,deep learning,4
human–computer interaction,multimedia,4
human–computer interaction,haptic technology,3
human–computer interaction,parallel computing,5
human–computer interaction,scalability,3
human–computer interaction,tactile sensor,3
human–computer interaction,chatbot,4
human–computer interaction,geography,3
human–computer interaction,domain (mathematical analysis),4
human–computer interaction,mathematical analysis,5
human–computer interaction,power (physics),3
human–computer interaction,reliability (semiconductor),3
human–computer interaction,context (archaeology),9
human–computer interaction,paleontology,9
human–computer interaction,social science,3
human–computer interaction,sociology,6
human–computer interaction,augmented reality,5
human–computer interaction,epistemology,3
human–computer interaction,smart device,3
human–computer interaction,social psychology,7
human–computer interaction,applied psychology,8
human–computer interaction,clinical psychology,3
human–computer interaction,health literacy,3
human–computer interaction,archaeology,5
human–computer interaction,history,4
human–computer interaction,perspective (graphical),4
human–computer interaction,public relations,4
human–computer interaction,trustworthiness,5
human–computer interaction,mental healthcare,3
human–computer interaction,variety (cybernetics),3
human–computer interaction,mechanical engineering,3
human–computer interaction,ambient intelligence,3
human–computer interaction,key (lock),3
usability,applied psychology,5
usability,clinical psychology,3
usability,health literacy,3
usability,psychiatry,3
environmental health,health literacy,48
environmental health,literacy,35
environmental health,public health,29
environmental health,association (psychology),3
environmental health,psychotherapist,4
environmental health,gerontology,16
environmental health,mental health,6
environmental health,psychiatry,9
environmental health,social psychology,13
environmental health,china,3
environmental health,archaeology,7
environmental health,cinahl,4
environmental health,context (archaeology),9
environmental health,geography,7
environmental health,population,63
environmental health,the internet,11
environmental health,human health,4
environmental health,immunology,5
environmental health,coronavirus disease 2019 (covid-19),23
environmental health,disease,25
environmental health,family medicine,13
environmental health,infectious disease (medical specialty),22
environmental health,internal medicine,11
environmental health,medline,8
environmental health,pandemic,19
environmental health,telehealth,4
environmental health,applied psychology,8
environmental health,equity (law),7
environmental health,health equity,8
environmental health,scale (ratio),3
environmental health,biostatistics,5
environmental health,cross-sectional study,11
environmental health,digital divide,5
environmental health,multivariate analysis,3
environmental health,ehealth,10
environmental health,information seeking behavior,4
environmental health,social media,6
environmental health,health information,5
environmental health,mechanical engineering,5
environmental health,public relations,15
environmental health,physics,6
environmental health,quantum mechanics,6
environmental health,demography,4
environmental health,sociology,10
environmental health,paleontology,8
environmental health,health information national trends survey,4
environmental health,information seeking,4
environmental health,library science,4
environmental health,information literacy,4
environmental health,health education,5
environmental health,epistemology,3
environmental health,linguistics,8
environmental health,philosophy,9
environmental health,quality (philosophy),3
environmental health,expectancy theory,3
environmental health,life expectancy,4
environmental health,machine learning,9
environmental health,structural equation modeling,3
environmental health,social science,3
environmental health,epidemiology,3
environmental health,misinformation,4
environmental health,population health,5
environmental health,test (biology),4
environmental health,health services,4
environmental health,information and communications technology,5
environmental health,2019-20 coronavirus outbreak,5
environmental health,government (linguistics),6
environmental health,outbreak,4
environmental health,severe acute respiratory syndrome coronavirus 2 (sars-cov-2),5
environmental health,vaccination,3
environmental health,virology,4
environmental health,socioeconomic status,5
environmental health,mathematical analysis,3
environmental health,logistic regression,4
environmental health,health promotion,4
environmental health,developmental psychology,3
environmental health,health policy,4
environmental health,intensive care medicine,3
environmental health,social determinants of health,3
environmental health,medical emergency,3
health literacy,literacy,119
health literacy,public health,41
health literacy,archaeology,16
health literacy,cinahl,13
health literacy,context (archaeology),19
health literacy,ehealth,37
health literacy,geography,19
health literacy,linguistics,10
health literacy,philosophy,13
health literacy,public relations,27
health literacy,mental health,11
health literacy,psychotherapist,9
health literacy,association (psychology),4
health literacy,gerontology,33
health literacy,paleontology,16
health literacy,social science,8
health literacy,sociology,25
health literacy,disease,28
health literacy,telehealth,7
health literacy,psychiatry,19
health literacy,social psychology,14
health literacy,digital divide,7
health literacy,the internet,20
health literacy,health education,13
health literacy,health equity,13
health literacy,china,3
health literacy,equity (law),9
health literacy,cochrane library,4
health literacy,family medicine,21
health literacy,internal medicine,17
health literacy,medline,20
health literacy,meta-analysis,6
health literacy,systematic review,7
health literacy,applied psychology,18
health literacy,cognition,4
health literacy,communication,4
health literacy,developmental psychology,8
health literacy,health communication,4
health literacy,machine learning,6
health literacy,mediation,4
health literacy,neuroscience,3
health literacy,physics,12
health literacy,quantum mechanics,11
health literacy,structural equation modeling,8
health literacy,library science,13
health literacy,empowerment,6
health literacy,inclusion (mineral),4
health literacy,population,27
health literacy,portuguese,3
health literacy,health promotion,9
health literacy,scopus,4
health literacy,coronavirus disease 2019 (covid-19),25
health literacy,infectious disease (medical specialty),25
health literacy,pandemic,20
health literacy,cartography,4
health literacy,scale (ratio),10
health literacy,biostatistics,6
health literacy,cross-sectional study,14
health literacy,multivariate analysis,3
health literacy,information seeking behavior,9
health literacy,social media,10
health literacy,health information,9
health literacy,health policy,7
health literacy,clinical psychology,16
health literacy,health information national trends survey,7
health literacy,physical therapy,5
health literacy,anxiety,3
health literacy,power (physics),6
health literacy,reliability (semiconductor),6
health literacy,information literacy,17
health literacy,misinformation,6
health literacy,demography,7
health literacy,randomized controlled trial,3
health literacy,quality of life (healthcare),3
health literacy,information seeking,10
health literacy,disadvantaged,3
health literacy,information and communications technology,3
health literacy,mental health literacy,3
health literacy,mental illness,3
health literacy,affect (linguistics),3
health literacy,epistemology,3
health literacy,construct validity,6
health literacy,cronbach's alpha,6
health literacy,psychometrics,9
health literacy,confirmatory factor analysis,5
health literacy,exploratory factor analysis,3
health literacy,test (biology),8
health literacy,psycinfo,4
health literacy,population health,3
health literacy,odds ratio,4
health literacy,socioeconomic status,5
health literacy,qualitative research,3
health literacy,social determinants of health,3
health literacy,logistic regression,4
literacy,public health,27
literacy,archaeology,12
literacy,cinahl,7
literacy,context (archaeology),13
literacy,ehealth,28
literacy,geography,13
literacy,linguistics,7
literacy,philosophy,10
literacy,public relations,22
literacy,mental health,7
literacy,psychotherapist,5
literacy,computer network,3
literacy,gerontology,23
literacy,disease,18
literacy,telehealth,6
literacy,digital divide,10
literacy,the internet,17
literacy,health education,11
literacy,health equity,10
literacy,sociology,24
literacy,china,3
literacy,equity (law),6
literacy,family medicine,18
literacy,internal medicine,8
literacy,medline,11
literacy,systematic review,3
literacy,applied psychology,8
literacy,developmental psychology,6
literacy,machine learning,6
literacy,mediation,3
literacy,neuroscience,5
literacy,physics,10
literacy,quantum mechanics,9
literacy,social psychology,12
literacy,structural equation modeling,6
literacy,library science,4
literacy,health promotion,5
literacy,social science,8
literacy,inclusion (mineral),3
literacy,scopus,3
literacy,cross-sectional study,12
literacy,biostatistics,5
literacy,competence (human resources),3
literacy,perception,3
literacy,psychiatry,12
literacy,information seeking behavior,3
literacy,social media,5
literacy,health information,8
literacy,health policy,4
literacy,coronavirus disease 2019 (covid-19),16
literacy,infectious disease (medical specialty),16
literacy,pandemic,13
literacy,clinical psychology,10
literacy,health information national trends survey,6
literacy,physical therapy,3
literacy,empowerment,4
literacy,information literacy,13
literacy,misinformation,4
literacy,paleontology,8
literacy,demography,4
literacy,population,21
literacy,health professionals,3
literacy,disadvantaged,3
literacy,information and communications technology,6
literacy,workforce,4
literacy,construct validity,6
literacy,cronbach's alpha,4
literacy,power (physics),4
literacy,psychometrics,6
literacy,reliability (semiconductor),4
literacy,scale (ratio),7
literacy,test (biology),3
literacy,confirmatory factor analysis,3
literacy,multimedia,5
literacy,socioeconomic status,5
literacy,qualitative research,3
literacy,epistemology,3
public health,gerontology,12
public health,mental health,8
public health,psychiatry,13
public health,psychotherapist,3
public health,social psychology,12
public health,archaeology,7
public health,ehealth,11
public health,health promotion,11
public health,social science,9
public health,sociology,13
public health,biostatistics,7
public health,cross-sectional study,9
public health,digital divide,4
public health,family medicine,10
public health,internal medicine,5
public health,the internet,9
public health,health equity,11
public health,health policy,8
public health,public relations,27
public health,clinical psychology,4
public health,health education,12
public health,health information,3
public health,equity (law),7
public health,population,14
public health,anxiety,3
public health,coronavirus disease 2019 (covid-19),25
public health,disease,26
public health,infectious disease (medical specialty),24
public health,pandemic,24
public health,physics,3
public health,quantum mechanics,3
public health,medline,3
public health,big data,3
public health,context (archaeology),14
public health,paleontology,12
public health,politics,3
public health,promotion (chess),3
public health,epistemology,3
public health,health communication,7
public health,philosophy,9
public health,quality (philosophy),3
public health,global health,3
public health,workforce,4
public health,epidemiology,3
public health,applied psychology,3
public health,geography,6
public health,information literacy,4
public health,information seeking,4
public health,information seeking behavior,4
public health,library science,4
public health,social media,13
public health,telehealth,3
public health,data collection,3
public health,social distance,3
public health,test (biology),3
public health,population health,3
public health,qualitative research,3
public health,2019-20 coronavirus outbreak,3
public health,government (linguistics),5
public health,severe acute respiratory syndrome coronavirus 2 (sars-cov-2),3
public health,misinformation,4
public health,digital media,3
public health,dissemination,3
public health,information dissemination,3
public health,linguistics,6
context (archaeology),paleontology,81
context (archaeology),public relations,19
context (archaeology),archaeology,21
context (archaeology),cinahl,4
context (archaeology),ehealth,5
context (archaeology),geography,21
context (archaeology),linguistics,5
context (archaeology),philosophy,14
context (archaeology),social science,7
context (archaeology),sociology,13
context (archaeology),epistemology,9
context (archaeology),relevance (law),3
context (archaeology),scope (computer science),3
context (archaeology),population,8
context (archaeology),social psychology,15
context (archaeology),the internet,11
context (archaeology),computer network,4
context (archaeology),big data,10
context (archaeology),process management,6
context (archaeology),physics,5
context (archaeology),quality (philosophy),4
context (archaeology),grey literature,3
context (archaeology),medline,10
context (archaeology),systematic review,5
context (archaeology),telecommunications,4
context (archaeology),wireless,3
context (archaeology),scopus,5
context (archaeology),data mining,7
context (archaeology),mechanical engineering,4
context (archaeology),machine learning,11
context (archaeology),disease,14
context (archaeology),internal medicine,4
context (archaeology),mechanism (biology),3
context (archaeology),cloud computing,4
context (archaeology),risk analysis (engineering),5
context (archaeology),coronavirus disease 2019 (covid-19),13
context (archaeology),cross-sectional study,3
context (archaeology),family medicine,3
context (archaeology),infectious disease (medical specialty),13
context (archaeology),severe acute respiratory syndrome coronavirus 2 (sars-cov-2),3
context (archaeology),psychiatry,12
context (archaeology),health equity,3
context (archaeology),information literacy,6
context (archaeology),embedded system,4
context (archaeology),wearable computer,3
context (archaeology),metaverse,4
context (archaeology),virtual reality,4
context (archaeology),health communication,3
context (archaeology),cognitive psychology,3
context (archaeology),health professionals,3
context (archaeology),set (abstract data type),4
context (archaeology),psycinfo,3
context (archaeology),pandemic,9
context (archaeology),quantum mechanics,4
context (archaeology),scale (ratio),3
context (archaeology),social media,5
context (archaeology),mental health,7
context (archaeology),applied psychology,6
context (archaeology),popularity,3
context (archaeology),applications of artificial intelligence,6
context (archaeology),domain (mathematical analysis),3
context (archaeology),field (mathematics),3
context (archaeology),mathematical analysis,3
context (archaeology),pure mathematics,3
paleontology,public relations,14
paleontology,social science,7
paleontology,sociology,11
paleontology,epistemology,9
paleontology,philosophy,13
paleontology,relevance (law),3
paleontology,scope (computer science),3
paleontology,computer network,4
paleontology,social psychology,15
paleontology,ehealth,4
paleontology,linguistics,4
paleontology,big data,10
paleontology,process management,5
paleontology,physics,7
paleontology,quality (philosophy),3
paleontology,grey literature,3
paleontology,medline,9
paleontology,systematic review,5
paleontology,telecommunications,4
paleontology,wireless,3
paleontology,scopus,4
paleontology,data mining,8
paleontology,mechanical engineering,4
paleontology,machine learning,10
paleontology,gerontology,5
paleontology,population,7
paleontology,disease,12
paleontology,internal medicine,3
paleontology,mechanism (biology),3
paleontology,cloud computing,4
paleontology,risk analysis (engineering),5
paleontology,psychiatry,8
paleontology,health education,3
paleontology,information literacy,3
paleontology,embedded system,4
paleontology,wearable computer,3
paleontology,metaverse,4
paleontology,virtual reality,4
paleontology,domain (mathematical analysis),4
paleontology,mathematical analysis,4
paleontology,test (biology),12
paleontology,applied psychology,6
paleontology,clinical psychology,3
paleontology,quantum mechanics,6
paleontology,scale (ratio),4
paleontology,coronavirus disease 2019 (covid-19),11
paleontology,infectious disease (medical specialty),11
paleontology,pandemic,6
paleontology,pure mathematics,4
paleontology,chatbot,3
paleontology,family medicine,3
paleontology,the internet,6
paleontology,cognitive psychology,3
paleontology,health professionals,3
paleontology,set (abstract data type),3
paleontology,psycinfo,3
paleontology,mental health,6
paleontology,politics,3
paleontology,popularity,3
paleontology,psychotherapist,3
paleontology,applications of artificial intelligence,6
paleontology,field (mathematics),3
public relations,archaeology,8
public relations,ehealth,4
public relations,geography,8
public relations,linguistics,14
public relations,philosophy,23
public relations,mental health,6
public relations,psychotherapist,4
public relations,digital divide,10
public relations,information and communications technology,8
public relations,mechanical engineering,8
public relations,social determinants of health,6
public relations,work (physics),8
public relations,social science,14
public relations,sociology,37
public relations,health equity,16
public relations,social media,23
public relations,the internet,8
public relations,health education,4
public relations,telehealth,6
public relations,equity (law),14
public relations,epistemology,9
public relations,perspective (graphical),6
public relations,inclusion (mineral),3
public relations,social psychology,17
public relations,health communication,11
public relations,misinformation,6
public relations,stakeholder,7
public relations,health policy,11
public relations,qualitative research,5
public relations,quality (philosophy),6
public relations,thematic analysis,5
public relations,workforce,5
public relations,population,12
public relations,physics,7
public relations,empowerment,3
public relations,big data,3
public relations,botany,3
public relations,quantum mechanics,5
public relations,neuroscience,3
public relations,government (linguistics),9
public relations,trustworthiness,7
public relations,healthcare system,3
public relations,information literacy,4
public relations,communication,3
public relations,health promotion,6
public relations,health professionals,5
public relations,leverage (statistics),3
public relations,narrative,3
public relations,accountability,6
public relations,machine learning,4
public relations,value (mathematics),3
public relations,coronavirus disease 2019 (covid-19),26
public relations,disease,26
public relations,infectious disease (medical specialty),26
public relations,pandemic,22
public relations,information dissemination,4
public relations,media studies,3
public relations,advertising,4
public relations,psychiatry,5
public relations,politics,3
public relations,digital media,4
public relations,dissemination,4
public relations,variety (cybernetics),3
public relations,preparedness,3
public relations,inequality,4
public relations,mathematical analysis,5
public relations,social distance,4
safeguarding,accountability,3
process management,key (lock),3
process management,operations management,3
process management,philosophy,5
process management,engineering management,3
process management,supply chain,5
process management,supply chain management,4
process management,epistemology,4
process management,quality (philosophy),4
process management,blockchain,3
process management,risk analysis (engineering),6
process management,management science,3
archaeology,ehealth,3
archaeology,geography,29
archaeology,linguistics,3
archaeology,philosophy,5
archaeology,population,7
archaeology,social psychology,3
archaeology,the internet,5
archaeology,history,14
archaeology,natural (archaeology),5
archaeology,mental health,4
archaeology,psychiatry,7
archaeology,psychotherapist,3
archaeology,2019-20 coronavirus outbreak,3
archaeology,coronavirus disease 2019 (covid-19),12
archaeology,cross-sectional study,4
archaeology,disease,12
archaeology,family medicine,3
archaeology,infectious disease (medical specialty),12
archaeology,outbreak,4
archaeology,virology,4
archaeology,sociology,8
archaeology,health equity,3
archaeology,information literacy,5
archaeology,machine learning,4
archaeology,library science,4
archaeology,information seeking,3
archaeology,information seeking behavior,3
archaeology,pandemic,9
archaeology,social media,6
cinahl,ehealth,4
cinahl,cochrane library,3
cinahl,family medicine,3
cinahl,internal medicine,3
cinahl,medline,13
cinahl,meta-analysis,3
cinahl,systematic review,3
cinahl,population,3
cinahl,social psychology,3
cinahl,scopus,3
cinahl,psycinfo,6
ehealth,geography,3
ehealth,linguistics,3
ehealth,philosophy,3
ehealth,gerontology,11
ehealth,sociology,4
ehealth,social media,3
ehealth,the internet,9
ehealth,information literacy,3
ehealth,medline,6
ehealth,disease,5
ehealth,family medicine,5
ehealth,internal medicine,4
ehealth,health education,3
ehealth,clinical psychology,4
ehealth,applied psychology,5
ehealth,population,8
ehealth,health information,4
ehealth,health information national trends survey,4
ehealth,telehealth,3
ehealth,coronavirus disease 2019 (covid-19),4
ehealth,cross-sectional study,3
ehealth,infectious disease (medical specialty),4
ehealth,pandemic,3
geography,linguistics,4
geography,philosophy,6
geography,disease,14
geography,geodesy,4
geography,population,6
geography,social psychology,3
geography,the internet,6
geography,applied psychology,5
geography,cartography,7
geography,health equity,4
geography,scale (ratio),5
geography,mental health,3
geography,physics,4
geography,psychiatry,5
geography,2019-20 coronavirus outbreak,3
geography,coronavirus disease 2019 (covid-19),13
geography,cross-sectional study,5
geography,infectious disease (medical specialty),13
geography,outbreak,3
geography,virology,3
geography,sociology,8
geography,information literacy,4
geography,clinical psychology,3
geography,confirmatory factor analysis,3
geography,power (physics),3
geography,psychometrics,4
geography,quantum mechanics,3
geography,reliability (semiconductor),3
geography,structural equation modeling,3
geography,machine learning,4
geography,library science,4
geography,information seeking,3
geography,information seeking behavior,3
geography,pandemic,11
geography,social media,4
geography,construct validity,3
geography,benchmark (surveying),3
linguistics,philosophy,61
linguistics,terminology,6
linguistics,applications of artificial intelligence,3
linguistics,economic shortage,4
linguistics,government (linguistics),24
linguistics,psychiatry,3
linguistics,psychotherapist,4
linguistics,portuguese,4
linguistics,chatbot,3
linguistics,epistemology,6
linguistics,quality (philosophy),6
linguistics,machine learning,7
linguistics,natural language processing,3
linguistics,medline,3
linguistics,narrative,9
linguistics,neuroscience,3
linguistics,perception,3
linguistics,domain (mathematical analysis),3
linguistics,mathematical analysis,5
linguistics,physics,5
linguistics,power (physics),4
linguistics,quantum mechanics,5
linguistics,reliability (semiconductor),4
linguistics,feature (linguistics),4
linguistics,social psychology,5
linguistics,trustworthiness,5
linguistics,the internet,6
linguistics,population,7
linguistics,conversation,3
linguistics,sociology,5
linguistics,applied psychology,3
linguistics,risk analysis (engineering),3
linguistics,coronavirus disease 2019 (covid-19),13
linguistics,disease,13
linguistics,infectious disease (medical specialty),13
linguistics,pandemic,10
linguistics,social media,7
linguistics,phone,3
linguistics,field (mathematics),3
linguistics,pure mathematics,3
philosophy,terminology,6
philosophy,epistemology,62
philosophy,evolutionary biology,3
philosophy,quality (philosophy),33
philosophy,domain (mathematical analysis),5
philosophy,health professionals,5
philosophy,mathematical analysis,8
philosophy,harm,3
philosophy,management science,5
philosophy,social psychology,15
philosophy,perspective (graphical),8
philosophy,sociology,18
philosophy,relevance (law),3
philosophy,applications of artificial intelligence,5
philosophy,economic shortage,4
philosophy,government (linguistics),24
philosophy,psychiatry,8
philosophy,psychotherapist,4
philosophy,medline,5
philosophy,portuguese,4
philosophy,chemistry,3
philosophy,chatbot,4
philosophy,trustworthiness,7
philosophy,machine learning,15
philosophy,natural language processing,3
philosophy,qualitative research,5
philosophy,social science,8
philosophy,thematic analysis,4
philosophy,field (mathematics),6
philosophy,geometry,3
philosophy,pure mathematics,6
philosophy,risk analysis (engineering),7
philosophy,set (abstract data type),6
philosophy,physics,9
philosophy,intensive care medicine,3
philosophy,internal medicine,5
philosophy,narrative,9
philosophy,neuroscience,5
philosophy,perception,4
philosophy,power (physics),4
philosophy,quantum mechanics,7
philosophy,reliability (semiconductor),4
philosophy,black box,3
philosophy,feature (linguistics),4
philosophy,empirical research,4
philosophy,communication,6
philosophy,coronavirus disease 2019 (covid-19),17
philosophy,digital media,3
philosophy,disease,19
philosophy,infectious disease (medical specialty),17
philosophy,multimedia,3
philosophy,pandemic,14
philosophy,mechanism (biology),6
philosophy,analytics,3
philosophy,big data,4
philosophy,the internet,10
philosophy,health communication,4
philosophy,population,8
philosophy,applied psychology,7
philosophy,conversation,4
philosophy,medical emergency,3
philosophy,standardization,3
philosophy,structural equation modeling,3
philosophy,cognitive psychology,4
philosophy,management,5
philosophy,mechanical engineering,4
philosophy,telecommunications,3
philosophy,blockchain,3
philosophy,social media,7
philosophy,operationalization,3
philosophy,automation,3
philosophy,philosophy of science,3
philosophy,healthcare system,4
philosophy,data mining,5
philosophy,phone,3
mental health,psychotherapist,19
mental health,anxiety,8
mental health,psychiatry,53
mental health,gerontology,5
mental health,social psychology,12
mental health,applied psychology,10
mental health,internal medicine,6
mental health,applications of artificial intelligence,3
mental health,depression (economics),3
mental health,macroeconomics,3
mental health,virtual reality,3
mental health,clinical psychology,13
mental health,coronavirus disease 2019 (covid-19),12
mental health,disease,13
mental health,infectious disease (medical specialty),12
mental health,pandemic,9
mental health,medline,8
mental health,physics,7
mental health,social science,4
mental health,sociology,7
mental health,chatbot,9
mental health,interpersonal communication,3
mental health,neuroscience,5
mental health,perception,3
mental health,communication,3
mental health,mental healthcare,6
mental health,mental health literacy,6
mental health,mental illness,9
mental health,machine learning,3
mental health,quantum mechanics,4
mental health,trustworthiness,3
mental health,social distance,5
mental health,social media,5
mental health,population,4
mental health,distancing,3
psychotherapist,association (psychology),4
psychotherapist,gerontology,3
psychotherapist,psychiatry,8
psychotherapist,social psychology,8
psychotherapist,virtual reality,3
psychotherapist,chatbot,5
psychotherapist,distrust,3
psychotherapist,medline,3
psychotherapist,physics,4
psychotherapist,chemistry,3
psychotherapist,machine learning,3
psychotherapist,trustworthiness,4
psychotherapist,applied psychology,8
psychotherapist,clinical psychology,4
psychotherapist,politics,3
psychotherapist,social science,3
psychotherapist,sociology,3
psychotherapist,mental healthcare,4
psychotherapist,neuroscience,4
psychotherapist,perception,3
anxiety,psychiatry,14
anxiety,depression (economics),3
anxiety,macroeconomics,3
anxiety,coronavirus disease 2019 (covid-19),6
anxiety,disease,6
anxiety,infectious disease (medical specialty),6
anxiety,pandemic,6
anxiety,clinical psychology,3
anxiety,social psychology,3
developmental psychology,psychiatry,8
developmental psychology,generalizability theory,7
developmental psychology,social psychology,5
developmental psychology,applied psychology,5
developmental psychology,cognition,3
developmental psychology,machine learning,6
developmental psychology,coronavirus disease 2019 (covid-19),3
developmental psychology,disease,3
developmental psychology,infectious disease (medical specialty),3
developmental psychology,likert scale,3
developmental psychology,population,4
medical diagnosis,psychiatry,3
medical diagnosis,medline,3
medical diagnosis,scopus,3
medical diagnosis,internal medicine,3
medical diagnosis,machine learning,4
psychiatry,chemistry,3
psychiatry,gerontology,9
psychiatry,social psychology,15
psychiatry,autism,6
psychiatry,autism spectrum disorder,5
psychiatry,applied psychology,12
psychiatry,internal medicine,10
psychiatry,applications of artificial intelligence,3
psychiatry,depression (economics),5
psychiatry,macroeconomics,5
psychiatry,electrical engineering,3
psychiatry,perspective (graphical),3
psychiatry,competence (human resources),3
psychiatry,neuroscience,6
psychiatry,perception,3
psychiatry,big data,6
psychiatry,data mining,5
psychiatry,disease,23
psychiatry,risk analysis (engineering),5
psychiatry,machine learning,9
psychiatry,management science,3
psychiatry,coronavirus disease 2019 (covid-19),21
psychiatry,digital media,3
psychiatry,infectious disease (medical specialty),21
psychiatry,pandemic,16
psychiatry,clinical psychology,16
psychiatry,medline,9
psychiatry,physics,9
psychiatry,social science,4
psychiatry,sociology,8
psychiatry,chatbot,8
psychiatry,interpersonal communication,3
psychiatry,meta-analysis,3
psychiatry,systematic review,3
psychiatry,communication,3
psychiatry,epistemology,6
psychiatry,cognition,7
psychiatry,mental health literacy,6
psychiatry,mental illness,9
psychiatry,population,6
psychiatry,quality (philosophy),3
psychiatry,quantum mechanics,5
psychiatry,stigma (botany),3
psychiatry,the internet,4
psychiatry,scale (ratio),3
psychiatry,set (abstract data type),3
psychiatry,social distance,5
psychiatry,social media,5
psychiatry,generalizability theory,3
psychiatry,health equity,3
psychiatry,scopus,3
psychiatry,distancing,3
healthcare system,perspective (graphical),4
healthcare system,sociology,3
healthcare system,risk analysis (engineering),3
healthcare system,epistemology,3
machine learning,big data,18
machine learning,data mining,29
machine learning,social science,4
machine learning,sociology,6
machine learning,internet of things,11
machine learning,applied psychology,9
machine learning,communication,3
machine learning,mediation,3
machine learning,neuroscience,3
machine learning,physics,11
machine learning,quantum mechanics,10
machine learning,social psychology,11
machine learning,structural equation modeling,11
machine learning,botany,8
machine learning,identification (biology),8
machine learning,intensive care medicine,5
machine learning,risk analysis (engineering),10
machine learning,algorithm,11
machine learning,the internet,10
machine learning,applications of artificial intelligence,7
machine learning,internal medicine,14
machine learning,deep learning,27
machine learning,natural language processing,4
machine learning,convolutional neural network,7
machine learning,leverage (statistics),6
machine learning,analytics,3
machine learning,black box,7
machine learning,domain (mathematical analysis),6
machine learning,feature (linguistics),3
machine learning,mathematical analysis,12
machine learning,artificial neural network,19
machine learning,value (mathematics),13
machine learning,field (mathematics),8
machine learning,pure mathematics,8
machine learning,chemistry,4
machine learning,reliability engineering,4
machine learning,cloud computing,7
machine learning,computer network,9
machine learning,decision tree,10
machine learning,disease,16
machine learning,medline,5
machine learning,scopus,4
machine learning,systematic review,3
machine learning,embedded system,14
machine learning,set (abstract data type),7
machine learning,distributed computing,5
machine learning,federated learning,3
machine learning,raw data,3
machine learning,expectancy theory,3
machine learning,population,8
machine learning,telecommunications,10
machine learning,wearable computer,6
machine learning,wireless,7
machine learning,clinical psychology,4
machine learning,confirmatory factor analysis,3
machine learning,electrical engineering,4
machine learning,diabetes mellitus,3
machine learning,endocrinology,3
machine learning,reinforcement learning,3
machine learning,epistemology,9
machine learning,quality (philosophy),7
machine learning,personalization,5
machine learning,perspective (graphical),3
machine learning,activity recognition,3
machine learning,feature extraction,3
machine learning,variety (cybernetics),5
machine learning,social media,3
machine learning,power (physics),6
machine learning,reliability (semiconductor),5
machine learning,fidelity,3
machine learning,coronavirus disease 2019 (covid-19),12
machine learning,infectious disease (medical specialty),12
machine learning,art,4
machine learning,pandemic,6
machine learning,classifier (uml),4
machine learning,random forest,8
machine learning,support vector machine,9
machine learning,management,3
machine learning,bridge (graph theory),3
machine learning,ecology,3
machine learning,trustworthiness,3
machine learning,key (lock),3
machine learning,visual arts,3
machine learning,image (mathematics),3
cloud computing,edge computing,10
cloud computing,embedded system,11
cloud computing,enhanced data rates for gsm evolution,6
cloud computing,internet of things,18
cloud computing,wearable computer,7
cloud computing,wearable technology,5
cloud computing,computer network,14
cloud computing,the internet,14
cloud computing,blockchain,9
cloud computing,distributed computing,8
cloud computing,encryption,10
cloud computing,single point of failure,5
cloud computing,traceability,3
cloud computing,algorithm,3
cloud computing,cryptography,5
cloud computing,risk analysis (engineering),5
cloud computing,authentication (law),6
cloud computing,server,6
cloud computing,analytics,3
cloud computing,deep learning,3
cloud computing,edge device,4
cloud computing,data mining,7
cloud computing,key (lock),4
cloud computing,big data,13
cloud computing,scalability,3
cloud computing,variety (cybernetics),3
cloud computing,telecommunications,4
cloud computing,cyber-physical system,3
cloud computing,smart objects,3
computer network,resource (disambiguation),9
computer network,blockchain,9
computer network,distributed computing,9
computer network,embedded system,10
computer network,internet of things,12
computer network,wearable computer,4
computer network,wireless sensor network,7
computer network,social psychology,4
computer network,cryptography,6
computer network,encryption,6
computer network,protocol (science),3
computer network,scalability,4
computer network,server,5
computer network,the internet,5
computer network,authentication (law),4
computer network,big data,6
computer network,data mining,5
computer network,single point of failure,5
computer network,deep learning,3
computer network,edge device,3
computer network,intrusion detection system,5
computer network,electrical engineering,3
computer network,key (lock),3
computer network,mechanical engineering,3
computer network,telecommunications,8
computer network,wireless,5
computer network,smart city,3
computer network,edge computing,4
computer network,enhanced data rates for gsm evolution,4
resource (disambiguation),social psychology,3
set (abstract data type),epistemology,4
set (abstract data type),social psychology,5
set (abstract data type),cognitive psychology,3
set (abstract data type),risk analysis (engineering),4
set (abstract data type),medline,3
set (abstract data type),scopus,3
set (abstract data type),big data,3
set (abstract data type),data mining,4
digital divide,information and communications technology,11
digital divide,the internet,10
digital divide,equity (law),3
digital divide,health equity,3
digital divide,sociology,8
digital divide,telehealth,3
digital divide,inequality,7
digital divide,mathematical analysis,7
digital divide,population,4
digital divide,socioeconomic status,3
digital divide,coronavirus disease 2019 (covid-19),4
digital divide,disease,4
digital divide,infectious disease (medical specialty),4
digital divide,pandemic,4
digital divide,social inequality,3
digital divide,social media,3
information and communications technology,mechanical engineering,3
information and communications technology,work (physics),3
information and communications technology,embedded system,4
information and communications technology,wearable computer,3
information and communications technology,equity (law),3
information and communications technology,health equity,3
information and communications technology,sociology,7
information and communications technology,telehealth,4
information and communications technology,inequality,5
information and communications technology,mathematical analysis,5
information and communications technology,internet of things,3
information and communications technology,telecommunications,4
information and communications technology,population,3
information and communications technology,coronavirus disease 2019 (covid-19),3
information and communications technology,disease,3
information and communications technology,infectious disease (medical specialty),3
information and communications technology,pandemic,3
mechanical engineering,work (physics),23
mechanical engineering,composite material,4
mechanical engineering,materials science,6
mechanical engineering,pressure sensor,5
mechanical engineering,electrical engineering,3
mechanical engineering,embedded system,7
mechanical engineering,wearable computer,4
mechanical engineering,wearable technology,3
mechanical engineering,applications of artificial intelligence,4
mechanical engineering,physics,6
mechanical engineering,quantum mechanics,5
mechanical engineering,variety (cybernetics),4
mechanical engineering,negotiation,3
mechanical engineering,limiting,4
mechanical engineering,neuroscience,5
mechanical engineering,perception,4
mechanical engineering,power (physics),4
mechanical engineering,big data,4
mechanical engineering,productivity,3
mechanical engineering,automation,11
mechanical engineering,internet of things,3
mechanical engineering,industry 4.0,3
mechanical engineering,nanotechnology,5
mechanical engineering,coronavirus disease 2019 (covid-19),3
mechanical engineering,disease,3
mechanical engineering,infectious disease (medical specialty),3
social determinants of health,health equity,5
social determinants of health,equity (law),4
social determinants of health,health policy,3
work (physics),variety (cybernetics),3
work (physics),negotiation,3
work (physics),big data,3
work (physics),neuroscience,3
gerontology,social psychology,6
gerontology,health promotion,4
gerontology,sociology,7
gerontology,clinical psychology,7
gerontology,health education,3
gerontology,cross-sectional study,5
gerontology,physical therapy,3
gerontology,physics,3
gerontology,quantum mechanics,3
gerontology,the internet,4
gerontology,quality of life (healthcare),4
gerontology,internal medicine,7
gerontology,medline,4
gerontology,population,9
gerontology,scale (ratio),3
gerontology,applied psychology,3
gerontology,epidemiology,3
gerontology,family medicine,5
gerontology,coronavirus disease 2019 (covid-19),8
gerontology,disease,9
gerontology,infectious disease (medical specialty),7
gerontology,socioeconomic status,3
gerontology,test (biology),3
gerontology,demography,4
gerontology,pandemic,5
agency (philosophy),social science,4
agency (philosophy),sociology,4
social science,sociology,57
social science,modalities,7
social science,mediation,4
social science,qualitative research,18
social science,thematic analysis,12
social science,epistemology,6
social science,quality (philosophy),3
social science,workforce,3
social science,multidisciplinary approach,5
social science,risk analysis (engineering),3
social science,coronavirus disease 2019 (covid-19),3
social science,disease,4
social science,face (sociological concept),5
social science,infectious disease (medical specialty),3
social science,population,4
social science,social psychology,12
social science,conceptual framework,5
social science,management science,3
social science,the internet,3
social science,mathematical analysis,3
social science,content analysis,3
social science,family medicine,3
social science,data collection,3
social science,neuroscience,4
social science,perception,3
social science,field (mathematics),4
social science,pure mathematics,4
sociology,epistemology,13
sociology,management science,8
sociology,perspective (graphical),12
sociology,big data,3
sociology,modalities,7
sociology,physics,5
sociology,quantum mechanics,4
sociology,relevance (law),4
sociology,library science,3
sociology,media studies,5
sociology,disease,23
sociology,ecology,3
sociology,infectious disease (medical specialty),22
sociology,risk analysis (engineering),6
sociology,empathy,3
sociology,field (mathematics),6
sociology,pure mathematics,7
sociology,social psychology,18
sociology,anthropology,7
sociology,mediation,4
sociology,chemistry,3
sociology,trustworthiness,4
sociology,qualitative research,18
sociology,thematic analysis,12
sociology,quality (philosophy),4
sociology,workforce,4
sociology,clinical psychology,3
sociology,multidisciplinary approach,5
sociology,accountability,4
sociology,internal medicine,9
sociology,cross-sectional study,4
sociology,demography,16
sociology,population,12
sociology,communication,6
sociology,coronavirus disease 2019 (covid-19),21
sociology,digital media,6
sociology,face (sociological concept),5
sociology,multimedia,3
sociology,pandemic,16
sociology,equity (law),4
sociology,health equity,5
sociology,exploratory research,3
sociology,severe acute respiratory syndrome coronavirus 2 (sars-cov-2),3
sociology,vaccination,5
sociology,virology,5
sociology,information literacy,4
sociology,conceptual framework,5
sociology,social media,14
sociology,medline,3
sociology,narrative,3
sociology,the internet,7
sociology,inequality,5
sociology,mathematical analysis,8
sociology,applied psychology,3
sociology,2019-20 coronavirus outbreak,4
sociology,government (linguistics),3
sociology,immunology,4
sociology,outbreak,4
sociology,content analysis,3
sociology,family medicine,5
sociology,health professionals,3
sociology,data collection,4
sociology,neuroscience,6
sociology,perception,3
sociology,social distance,3
sociology,social inequality,3
sociology,art,3
sociology,literature,3
energy (signal processing),electrical engineering,3
black box,domain (mathematical analysis),3
black box,mathematical analysis,5
black box,deep learning,3
black box,data mining,3
accountability,big data,3
accountability,accounting,3
accountability,risk analysis (engineering),4
accountability,trustworthiness,4
applications of artificial intelligence,big data,9
applications of artificial intelligence,data mining,5
applications of artificial intelligence,deep learning,5
applications of artificial intelligence,domain (mathematical analysis),3
applications of artificial intelligence,mathematical analysis,3
applications of artificial intelligence,management science,4
applications of artificial intelligence,physics,4
applications of artificial intelligence,field (mathematics),7
applications of artificial intelligence,pure mathematics,7
applications of artificial intelligence,social psychology,4
applications of artificial intelligence,scope (computer science),3
applications of artificial intelligence,medline,6
applications of artificial intelligence,scopus,4
applications of artificial intelligence,web of science,3
applications of artificial intelligence,neuroscience,5
applications of artificial intelligence,disease,5
applications of artificial intelligence,coronavirus disease 2019 (covid-19),4
applications of artificial intelligence,infectious disease (medical specialty),4
applications of artificial intelligence,pandemic,3
applications of artificial intelligence,perception,3
big data,data mining,61
big data,deep learning,11
big data,mathematical analysis,5
big data,the internet,12
big data,disease,12
big data,risk analysis (engineering),6
big data,analytics,12
big data,botany,3
big data,identification (biology),3
big data,metric (unit),3
big data,key (lock),3
big data,field (mathematics),13
big data,pure mathematics,13
big data,embedded system,7
big data,variety (cybernetics),3
big data,wearable computer,3
big data,medline,3
big data,scopus,3
big data,politics,3
big data,blockchain,7
big data,leverage (statistics),4
big data,social psychology,3
big data,internet of things,15
big data,artificial neural network,3
big data,distributed computing,5
big data,scalability,4
big data,trustworthiness,4
big data,flexibility (engineering),3
big data,coronavirus disease 2019 (covid-19),9
big data,infectious disease (medical specialty),9
big data,pandemic,7
big data,telecommunications,8
big data,decision tree,3
big data,wireless,4
big data,edge computing,3
big data,enhanced data rates for gsm evolution,3
big data,severe acute respiratory syndrome coronavirus 2 (sars-cov-2),3
data mining,deep learning,11
data mining,domain (mathematical analysis),3
data mining,mathematical analysis,7
data mining,disease,11
data mining,risk analysis (engineering),5
data mining,analytics,7
data mining,botany,5
data mining,identification (biology),5
data mining,natural language processing,3
data mining,field (mathematics),11
data mining,pure mathematics,11
data mining,medline,4
data mining,scopus,4
data mining,blockchain,6
data mining,the internet,4
data mining,health records,4
data mining,leverage (statistics),3
data mining,social psychology,3
data mining,internet of things,7
data mining,distributed computing,4
data mining,artificial neural network,5
data mining,scalability,3
data mining,coronavirus disease 2019 (covid-19),8
data mining,infectious disease (medical specialty),8
data mining,macroeconomics,4
data mining,pandemic,5
data mining,telecommunications,5
data mining,epistemology,3
data mining,exploit,3
data mining,decision tree,5
data mining,random forest,3
data mining,wireless,3
data mining,support vector machine,3
data mining,severe acute respiratory syndrome coronavirus 2 (sars-cov-2),3
deep learning,domain (mathematical analysis),4
deep learning,mathematical analysis,6
deep learning,convolutional neural network,6
deep learning,artificial neural network,12
deep learning,disease,3
deep learning,embedded system,4
deep learning,internet of things,3
deep learning,algorithm,4
deep learning,physics,4
deep learning,quantum mechanics,3
deep learning,field (mathematics),3
deep learning,pure mathematics,3
deep learning,wearable computer,3
deep learning,activity recognition,3
deep learning,telecommunications,3
deep learning,wireless,3
domain (mathematical analysis),mathematical analysis,23
domain (mathematical analysis),field (mathematics),5
domain (mathematical analysis),pure mathematics,5
domain (mathematical analysis),trustworthiness,3
domain (mathematical analysis),physics,3
domain (mathematical analysis),telecommunications,3
mathematical analysis,epistemology,4
mathematical analysis,field (mathematics),6
mathematical analysis,pure mathematics,6
mathematical analysis,trustworthiness,4
mathematical analysis,physics,3
mathematical analysis,quantum mechanics,3
mathematical analysis,chemistry,3
mathematical analysis,artificial neural network,3
mathematical analysis,scheme (mathematics),4
mathematical analysis,risk analysis (engineering),3
mathematical analysis,telecommunications,4
mathematical analysis,inequality,8
mathematical analysis,content (measure theory),3
mathematical analysis,social media,4
mathematical analysis,population,4
mathematical analysis,coronavirus disease 2019 (covid-19),6
mathematical analysis,disease,6
mathematical analysis,infectious disease (medical specialty),6
mathematical analysis,pandemic,4
mathematical analysis,social inequality,4
mathematical analysis,the internet,3
epistemology,quality (philosophy),33
epistemology,health professionals,4
epistemology,management science,4
epistemology,social psychology,11
epistemology,perspective (graphical),6
epistemology,qualitative research,4
epistemology,thematic analysis,3
epistemology,field (mathematics),3
epistemology,geometry,3
epistemology,pure mathematics,3
epistemology,risk analysis (engineering),5
epistemology,physics,5
epistemology,empirical research,4
epistemology,communication,4
epistemology,coronavirus disease 2019 (covid-19),5
epistemology,digital media,3
epistemology,disease,7
epistemology,infectious disease (medical specialty),5
epistemology,multimedia,3
epistemology,pandemic,5
epistemology,internal medicine,3
epistemology,mechanism (biology),6
epistemology,population,3
epistemology,applied psychology,4
epistemology,neuroscience,3
epistemology,cognitive psychology,4
epistemology,management,4
epistemology,quantum mechanics,3
epistemology,the internet,4
epistemology,operationalization,3
epistemology,philosophy of science,3
evolutionary biology,function (biology),4
quality (philosophy),social psychology,8
quality (philosophy),field (mathematics),3
quality (philosophy),geometry,3
quality (philosophy),pure mathematics,3
quality (philosophy),risk analysis (engineering),4
quality (philosophy),empirical research,3
quality (philosophy),population,3
quality (philosophy),management,3
quality (philosophy),government (linguistics),3
quality (philosophy),the internet,3
medical emergency,triage,3
medical emergency,medline,3
medical emergency,coronavirus disease 2019 (covid-19),5
medical emergency,disease,5
medical emergency,infectious disease (medical specialty),5
medical emergency,pandemic,5
radiology,internal medicine,3
radiology,disease,3
health equity,telehealth,4
health equity,equity (law),14
health equity,health policy,6
health equity,population,4
health equity,coronavirus disease 2019 (covid-19),3
health equity,disease,3
health equity,infectious disease (medical specialty),3
social media,health communication,7
social media,influencer marketing,3
social media,marketing management,3
social media,misinformation,6
social media,relationship marketing,3
social media,information seeking behavior,3
social media,the internet,6
social media,health professionals,3
social media,demography,3
social media,population,5
social media,social psychology,5
social media,applied psychology,4
social media,coronavirus disease 2019 (covid-19),25
social media,cross-sectional study,3
social media,disease,25
social media,infectious disease (medical specialty),25
social media,pandemic,22
social media,social distance,4
social media,government (linguistics),4
social media,information dissemination,4
social media,media studies,4
social media,digital media,4
social media,dissemination,4
social media,neuroscience,3
social media,outbreak,3
social media,virology,3
family medicine,internal medicine,10
family medicine,randomized controlled trial,4
family medicine,medline,8
family medicine,systematic review,5
family medicine,coronavirus disease 2019 (covid-19),7
family medicine,disease,8
family medicine,infectious disease (medical specialty),6
family medicine,pandemic,6
family medicine,telehealth,3
family medicine,cross-sectional study,8
family medicine,the internet,3
family medicine,physical therapy,3
family medicine,2019-20 coronavirus outbreak,3
family medicine,severe acute respiratory syndrome coronavirus 2 (sars-cov-2),3
family medicine,population,8
family medicine,physics,3
family medicine,quantum mechanics,3
family medicine,primary care,3
internal medicine,randomized controlled trial,4
internal medicine,cochrane library,4
internal medicine,confidence interval,4
internal medicine,medline,10
internal medicine,meta-analysis,8
internal medicine,systematic review,7
internal medicine,applied psychology,3
internal medicine,bridge (graph theory),7
internal medicine,coronavirus disease 2019 (covid-19),19
internal medicine,disease,26
internal medicine,infectious disease (medical specialty),19
internal medicine,pandemic,16
internal medicine,cross-sectional study,9
internal medicine,clinical psychology,6
internal medicine,breast cancer,5
internal medicine,cancer,7
internal medicine,intensive care medicine,8
internal medicine,physics,3
internal medicine,risk analysis (engineering),4
internal medicine,surgery,4
internal medicine,demography,6
internal medicine,population,6
internal medicine,china,3
internal medicine,severe acute respiratory syndrome coronavirus 2 (sars-cov-2),9
internal medicine,vaccination,3
internal medicine,virology,8
internal medicine,diabetes mellitus,3
internal medicine,endocrinology,3
internal medicine,2019-20 coronavirus outbreak,7
internal medicine,outbreak,7
internal medicine,logistic regression,5
internal medicine,cardiology,4
internal medicine,odds ratio,3
randomized controlled trial,medline,4
randomized controlled trial,surgery,3
randomized controlled trial,systematic review,3
chemistry,clarity,4
chemistry,transformation (genetics),3
chemistry,coronavirus disease 2019 (covid-19),4
chemistry,disease,5
chemistry,infectious disease (medical specialty),4
chemistry,organic chemistry,3
chemistry,pandemic,3
chemistry,physics,3
chemistry,robustness (evolution),6
chemistry,social psychology,3
chemistry,trustworthiness,3
chemistry,chromatography,3
chemistry,sample (material),3
empathy,social psychology,7
disease,embedded system,3
disease,telehealth,8
disease,infectious disease (medical specialty),118
disease,risk analysis (engineering),8
disease,coronavirus disease 2019 (covid-19),118
disease,medline,8
disease,pandemic,92
disease,digital media,6
disease,clinical psychology,9
disease,applied psychology,6
disease,social psychology,15
disease,physics,7
disease,power (physics),4
disease,quantum mechanics,6
disease,communication,3
disease,physical therapy,3
disease,intensive care medicine,9
disease,value (mathematics),3
disease,2019-20 coronavirus outbreak,24
disease,cross-sectional study,9
disease,outbreak,24
disease,severe acute respiratory syndrome coronavirus 2 (sars-cov-2),26
disease,virology,24
disease,analytics,3
disease,internet of things,3
disease,demography,10
disease,vaccination,4
disease,diabetes mellitus,3
disease,endocrinology,3
disease,genetics,3
disease,pure mathematics,3
disease,test (biology),5
disease,telecommunications,4
disease,scale (ratio),3
disease,government (linguistics),9
disease,information literacy,4
disease,information seeking,7
disease,library science,7
disease,the internet,8
disease,immunology,4
disease,odds ratio,3
disease,population,18
disease,socioeconomic status,4
disease,information seeking behavior,6
disease,social distance,12
disease,information dissemination,3
disease,media studies,4
disease,construct validity,3
disease,psychometrics,3
disease,logistic regression,3
disease,reliability (semiconductor),3
disease,structural equation modeling,4
disease,advertising,3
disease,tourism,3
disease,dementia,4
disease,contact tracing,3
disease,misinformation,6
disease,art,3
disease,literature,3
disease,preparedness,4
disease,distancing,4
disease,health communication,7
disease,robot,5
disease,inequality,4
disease,social inequality,3
disease,feeling,3
disease,globe,3
disease,neuroscience,3
disease,china,3
disease,scopus,3
disease,coronavirus,3
disease,isolation (microbiology),3
disease,microbiology,3
embedded system,wearable computer,59
embedded system,wearable technology,40
embedded system,edge computing,4
embedded system,enhanced data rates for gsm evolution,4
embedded system,internet of things,21
embedded system,systems engineering,7
embedded system,wireless sensor network,4
embedded system,engineering management,3
embedded system,telecommunications,12
embedded system,multimedia,3
embedded system,electrical engineering,13
embedded system,electronics,8
embedded system,pressure sensor,3
embedded system,neuroscience,3
embedded system,robot,3
embedded system,scalability,4
embedded system,simulation,3
embedded system,algorithm,3
embedded system,risk analysis (engineering),3
embedded system,variety (cybernetics),3
embedded system,industry 4.0,7
embedded system,artificial neural network,4
embedded system,flexibility (engineering),4
embedded system,materials science,13
embedded system,nanotechnology,12
embedded system,optoelectronics,3
embedded system,wireless,8
embedded system,composite material,3
embedded system,medline,3
embedded system,smartwatch,4
embedded system,systematic review,3
embedded system,cyber-physical system,3
embedded system,distributed computing,4
embedded system,physics,6
embedded system,blockchain,4
embedded system,key (lock),4
embedded system,physical therapy,3
embedded system,encryption,3
embedded system,bluetooth,3
embedded system,the internet,4
embedded system,optics,3
embedded system,authentication (law),3
geodesy,benchmark (surveying),3
telehealth,coronavirus disease 2019 (covid-19),7
telehealth,infectious disease (medical specialty),7
telehealth,pandemic,6
telehealth,equity (law),3
telehealth,the internet,3
wearable computer,wearable technology,41
wearable computer,internet of things,11
wearable computer,systems engineering,5
wearable computer,wireless sensor network,3
wearable computer,multimedia,3
wearable computer,electrical engineering,10
wearable computer,electronics,7
wearable computer,pressure sensor,3
wearable computer,neuroscience,3
wearable computer,perception,3
wearable computer,robot,3
wearable computer,scalability,3
wearable computer,simulation,3
wearable computer,variety (cybernetics),3
wearable computer,flexibility (engineering),4
wearable computer,materials science,12
wearable computer,nanotechnology,11
wearable computer,optoelectronics,3
wearable computer,telecommunications,7
wearable computer,wireless,5
wearable computer,composite material,3
wearable computer,artificial neural network,3
wearable computer,medline,3
wearable computer,smartwatch,4
wearable computer,systematic review,3
wearable computer,physics,6
wearable computer,physical therapy,3
wearable computer,encryption,3
wearable computer,the internet,4
wearable computer,key (lock),4
wearable computer,optics,3
wearable technology,internet of things,7
wearable technology,electrical engineering,8
wearable technology,electronics,7
wearable technology,materials science,8
wearable technology,nanotechnology,7
wearable technology,systems engineering,3
wearable technology,telecommunications,6
wearable technology,wireless,4
wearable technology,composite material,3
wearable technology,medline,3
wearable technology,systematic review,3
wearable technology,physics,5
wearable technology,flexibility (engineering),3
wearable technology,the internet,4
wearable technology,key (lock),4
wearable technology,optics,3
social psychology,harm,6
social psychology,management science,3
social psychology,applied psychology,21
social psychology,cognition,5
social psychology,communication,7
social psychology,health communication,4
social psychology,mediation,4
social psychology,neuroscience,16
social psychology,physics,6
social psychology,quantum mechanics,5
social psychology,structural equation modeling,7
social psychology,inclusion (mineral),12
social psychology,population,15
social psychology,the internet,6
social psychology,expectancy theory,5
social psychology,management,3
social psychology,unified theory of acceptance and use of technology,4
social psychology,field (mathematics),8
social psychology,perspective (graphical),3
social psychology,popularity,12
social psychology,pure mathematics,8
social psychology,chatbot,9
social psychology,art,3
social psychology,medline,8
social psychology,scopus,3
social psychology,competence (human resources),8
social psychology,perception,11
social psychology,risk analysis (engineering),5
social psychology,moderation,3
social psychology,cognitive psychology,7
social psychology,systematic review,4
social psychology,clinical psychology,8
social psychology,interpersonal communication,7
social psychology,politics,4
social psychology,promotion (chess),3
social psychology,botany,3
social psychology,trustworthiness,7
social psychology,affect (linguistics),4
social psychology,digital media,3
social psychology,conceptual framework,3
social psychology,demography,4
social psychology,life expectancy,3
social psychology,task (project management),3
social psychology,feeling,4
social psychology,openness to experience,4
social psychology,coronavirus disease 2019 (covid-19),14
social psychology,infectious disease (medical specialty),14
social psychology,pandemic,10
social psychology,value (mathematics),3
social psychology,social distance,5
social psychology,personality,3
social psychology,distancing,3
management science,perspective (graphical),3
management science,medline,4
management science,systematic review,3
management science,risk analysis (engineering),5
management science,field (mathematics),6
management science,pure mathematics,6
perspective (graphical),trustworthiness,4
perspective (graphical),risk analysis (engineering),3
human–robot interaction,robot,4
robot,haptic technology,3
robot,neuroscience,3
robot,tactile sensor,6
robot,robotics,9
robot,physics,4
robot,materials science,4
robot,composite material,3
robot,electrical engineering,4
robot,electronics,3
robot,triboelectric effect,3
robot,applied psychology,3
robot,coronavirus disease 2019 (covid-19),3
robot,infectious disease (medical specialty),3
robot,pandemic,3
the internet,blockchain,4
the internet,internet of things,12
the internet,metaverse,3
the internet,virtual reality,3
the internet,empowerment,4
the internet,population,9
the internet,edge computing,4
the internet,cross-sectional study,3
the internet,information seeking behavior,4
the internet,library science,6
the internet,health information,4
the internet,health information national trends survey,4
the internet,information seeking,5
the internet,analytics,3
the internet,government (linguistics),4
the internet,physics,4
the internet,power (physics),3
the internet,quantum mechanics,3
the internet,multimedia,5
the internet,data collection,3
the internet,key (lock),5
the internet,cyberspace,3
the internet,information literacy,4
the internet,coronavirus disease 2019 (covid-19),8
the internet,infectious disease (medical specialty),8
the internet,pandemic,7
the internet,applied psychology,3
the internet,neuroscience,3
the internet,telecommunications,6
the internet,inequality,3
health education,population,3
health education,health policy,4
health education,health promotion,4
internet of things,key (lock),8
internet of things,architecture,4
internet of things,art,4
internet of things,blockchain,12
internet of things,distributed computing,6
internet of things,visual arts,4
internet of things,edge computing,7
internet of things,enhanced data rates for gsm evolution,4
internet of things,systems engineering,5
internet of things,wireless sensor network,6
internet of things,engineering management,3
internet of things,telecommunications,9
internet of things,scalability,5
internet of things,analytics,3
internet of things,smart system,4
internet of things,authentication (law),5
internet of things,smart city,9
internet of things,electrical engineering,6
internet of things,industry 4.0,3
internet of things,power (physics),3
key (lock),telecommunications,7
key (lock),wireless,5
key (lock),physics,3
physics,power (physics),30
physics,quantum mechanics,50
physics,reliability (semiconductor),24
physics,action (physics),5
physics,applied psychology,9
physics,communication,3
physics,health communication,3
physics,neuroscience,5
physics,structural equation modeling,5
physics,focus (optics),8
physics,optics,14
physics,telecommunications,8
physics,wireless,7
physics,thermodynamics,6
physics,cross-sectional study,3
physics,physical therapy,3
physics,meteorology,3
physics,training (meteorology),3
physics,coronavirus disease 2019 (covid-19),7
physics,infectious disease (medical specialty),7
physics,pandemic,6
physics,scale (ratio),15
physics,variety (cybernetics),3
physics,perception,3
physics,risk analysis (engineering),6
physics,trustworthiness,3
physics,materials science,8
physics,nanotechnology,7
physics,botany,4
physics,identification (biology),4
physics,clinical psychology,7
physics,construct validity,5
physics,cronbach's alpha,5
physics,psychometrics,6
physics,cartography,3
physics,confirmatory factor analysis,4
physics,openness to experience,3
physics,population,5
physics,electrical engineering,5
physics,electronics,4
physics,composite material,6
physics,triboelectric effect,3
physics,electronic skin,3
physics,photonics,3
power (physics),quantum mechanics,30
power (physics),reliability (semiconductor),24
power (physics),coronavirus disease 2019 (covid-19),4
power (physics),infectious disease (medical specialty),4
power (physics),pandemic,3
power (physics),perception,3
power (physics),risk analysis (engineering),3
power (physics),clinical psychology,6
power (physics),construct validity,5
power (physics),cronbach's alpha,5
power (physics),psychometrics,6
power (physics),scale (ratio),6
power (physics),applied psychology,4
power (physics),cartography,3
power (physics),confirmatory factor analysis,4
power (physics),structural equation modeling,4
power (physics),telecommunications,5
quantum mechanics,reliability (semiconductor),24
quantum mechanics,action (physics),5
quantum mechanics,applied psychology,8
quantum mechanics,neuroscience,4
quantum mechanics,structural equation modeling,5
quantum mechanics,telecommunications,6
quantum mechanics,wireless,4
quantum mechanics,cross-sectional study,3
quantum mechanics,coronavirus disease 2019 (covid-19),6
quantum mechanics,infectious disease (medical specialty),6
quantum mechanics,pandemic,5
quantum mechanics,scale (ratio),15
quantum mechanics,variety (cybernetics),3
quantum mechanics,perception,3
quantum mechanics,risk analysis (engineering),5
quantum mechanics,trustworthiness,3
quantum mechanics,botany,4
quantum mechanics,identification (biology),4
quantum mechanics,clinical psychology,7
quantum mechanics,construct validity,5
quantum mechanics,cronbach's alpha,5
quantum mechanics,psychometrics,6
quantum mechanics,cartography,3
quantum mechanics,confirmatory factor analysis,4
quantum mechanics,population,5
reliability (semiconductor),risk analysis (engineering),3
reliability (semiconductor),clinical psychology,6
reliability (semiconductor),construct validity,5
reliability (semiconductor),cronbach's alpha,5
reliability (semiconductor),psychometrics,6
reliability (semiconductor),scale (ratio),6
reliability (semiconductor),applied psychology,4
reliability (semiconductor),cartography,3
reliability (semiconductor),confirmatory factor analysis,4
reliability (semiconductor),structural equation modeling,4
reliability (semiconductor),telecommunications,3
reliability (semiconductor),coronavirus disease 2019 (covid-19),3
reliability (semiconductor),infectious disease (medical specialty),3
architecture,art,8
architecture,blockchain,3
architecture,visual arts,8
art,blockchain,3
art,visual arts,13
art,digital library,4
art,literature,7
art,medline,4
art,poetry,4
art,scopus,3
art,coronavirus disease 2019 (covid-19),3
art,infectious disease (medical specialty),3
blockchain,distributed computing,7
blockchain,visual arts,3
blockchain,scalability,5
blockchain,encryption,5
blockchain,single point of failure,4
blockchain,traceability,6
blockchain,authentication (law),3
blockchain,cryptography,3
blockchain,telecommunications,3
blockchain,smart contract,3
blockchain,risk analysis (engineering),3
distributed computing,single point of failure,3
distributed computing,edge device,4
distributed computing,federated learning,4
distributed computing,server,3
distributed computing,edge computing,4
distributed computing,enhanced data rates for gsm evolution,4
support vector machine,artificial neural network,4
support vector machine,classifier (uml),3
agriculture,ecology,3
agriculture,macroeconomics,3
agriculture,sustainability,3
environmental science,environmental resource management,3
metaverse,virtual reality,17
metaverse,augmented reality,3
metaverse,avatar,3
virtual reality,avatar,4
virtual reality,augmented reality,4
china,coronavirus disease 2019 (covid-19),3
china,infectious disease (medical specialty),3
china,outbreak,3
china,virology,3
delphi method,checklist,5
delphi method,clinical trial,5
delphi method,cognitive psychology,5
delphi method,consolidated standards of reporting trials,3
delphi method,guideline,4
delphi method,protocol (science),4
equity (law),population,4
equity (law),health policy,4
cochrane library,medline,4
cochrane library,meta-analysis,4
medline,meta-analysis,8
medline,systematic review,32
medline,digital library,5
medline,grey literature,6
medline,inclusion (mineral),7
medline,literature,4
medline,poetry,4
medline,scopus,24
medline,coronavirus disease 2019 (covid-19),7
medline,infectious disease (medical specialty),6
medline,pandemic,5
medline,narrative,3
medline,neuroscience,3
medline,data extraction,3
medline,clinical psychology,5
medline,physical therapy,4
medline,psycinfo,8
medline,population,4
medline,web of science,4
medline,severe acute respiratory syndrome coronavirus 2 (sars-cov-2),3
meta-analysis,systematic review,6
meta-analysis,clinical psychology,3
systematic review,grey literature,4
systematic review,data extraction,3
systematic review,inclusion (mineral),5
systematic review,scopus,10
systematic review,clinical psychology,3
bubble,interface (matter),9
bubble,maximum bubble pressure method,9
bubble,neuroscience,3
bubble,parallel computing,8
interface (matter),maximum bubble pressure method,9
interface (matter),neuroscience,3
interface (matter),parallel computing,8
maximum bubble pressure method,neuroscience,3
maximum bubble pressure method,parallel computing,8
electrical engineering,transformer,5
electrical engineering,voltage,7
electrical engineering,current (fluid),4
electrical engineering,capacitive sensing,3
electrical engineering,electronics,12
electrical engineering,composite material,4
electrical engineering,materials science,8
electrical engineering,nanotechnology,8
electrical engineering,optoelectronics,4
electrical engineering,piezoresistive effect,3
electrical engineering,tactile sensor,3
electrical engineering,triboelectric effect,3
electrical engineering,systems engineering,3
electrical engineering,electronic skin,3
electrical engineering,smart grid,4
electrical engineering,telecommunications,5
electrical engineering,optics,3
transformer,voltage,6
clinical trial,checklist,5
clinical trial,cognitive psychology,5
clinical trial,consolidated standards of reporting trials,3
clinical trial,guideline,4
clinical trial,protocol (science),4
ecology,risk analysis (engineering),4
ecology,macroeconomics,3
ecology,sustainability,9
ecology,analytics,3
immunology,coronavirus disease 2019 (covid-19),3
immunology,demography,4
immunology,infectious disease (medical specialty),3
immunology,vaccination,5
immunology,population,3
edge computing,enhanced data rates for gsm evolution,10
edge computing,telecommunications,4
edge computing,edge device,3
enhanced data rates for gsm evolution,telecommunications,4
enhanced data rates for gsm evolution,edge device,3
autism,autism spectrum disorder,5
autism,clinical psychology,3
autism spectrum disorder,clinical psychology,3
applied psychology,cognition,5
applied psychology,communication,4
applied psychology,mediation,4
applied psychology,neuroscience,8
applied psychology,structural equation modeling,11
applied psychology,cartography,4
applied psychology,scale (ratio),7
applied psychology,chatbot,4
applied psychology,clinical psychology,12
applied psychology,perception,6
applied psychology,politics,3
applied psychology,expectancy theory,4
applied psychology,life expectancy,3
applied psychology,population,6
applied psychology,unified theory of acceptance and use of technology,3
applied psychology,confirmatory factor analysis,5
applied psychology,cronbach's alpha,3
applied psychology,psychometrics,7
applied psychology,construct validity,4
applied psychology,coronavirus disease 2019 (covid-19),4
applied psychology,infectious disease (medical specialty),4
applied psychology,pandemic,3
cognition,neuroscience,7
communication,health communication,6
communication,neuroscience,5
communication,conversation,7
communication,affect (linguistics),9
health communication,misinformation,3
health communication,coronavirus disease 2019 (covid-19),7
health communication,infectious disease (medical specialty),7
health communication,pandemic,7
mediation,structural equation modeling,3
neuroscience,perception,30
neuroscience,parallel computing,3
neuroscience,risk perception,3
neuroscience,affect (linguistics),4
neuroscience,telecommunications,4
neuroscience,trustworthiness,3
neuroscience,qualitative research,3
neuroscience,mental healthcare,3
neuroscience,coronavirus disease 2019 (covid-19),3
neuroscience,globe,3
neuroscience,infectious disease (medical specialty),3
structural equation modeling,expectancy theory,3
structural equation modeling,population,3
structural equation modeling,cartography,3
structural equation modeling,clinical psychology,7
structural equation modeling,confirmatory factor analysis,7
structural equation modeling,cronbach's alpha,3
structural equation modeling,exploratory factor analysis,3
structural equation modeling,psychometrics,5
structural equation modeling,scale (ratio),4
structural equation modeling,construct validity,3
structural equation modeling,coronavirus disease 2019 (covid-19),4
structural equation modeling,infectious disease (medical specialty),4
structural equation modeling,pandemic,4
misinformation,coronavirus disease 2019 (covid-19),6
misinformation,infectious disease (medical specialty),6
misinformation,pandemic,6
library science,information seeking,10
library science,information seeking behavior,8
library science,population,3
library science,coronavirus disease 2019 (covid-19),7
library science,infectious disease (medical specialty),7
library science,information literacy,4
library science,pandemic,6
library science,cross-sectional study,3
media studies,coronavirus disease 2019 (covid-19),4
media studies,infectious disease (medical specialty),4
media studies,pandemic,4
bridge (graph theory),risk analysis (engineering),3
depression (economics),macroeconomics,5
economic shortage,government (linguistics),4
government (linguistics),risk analysis (engineering),3
government (linguistics),coronavirus disease 2019 (covid-19),9
government (linguistics),infectious disease (medical specialty),8
government (linguistics),pandemic,8
government (linguistics),information dissemination,3
government (linguistics),population,4
macroeconomics,production (economics),3
macroeconomics,sustainability,3
macroeconomics,productivity,6
macroeconomics,industry 4.0,3
macroeconomics,risk analysis (engineering),3
accounting,audit,4
systems engineering,risk analysis (engineering),5
systems engineering,task (project management),4
wireless sensor network,smart city,3
guideline,checklist,4
guideline,cognitive psychology,4
guideline,protocol (science),4
botany,citizen science,3
botany,identification (biology),17
infectious disease (medical specialty),risk analysis (engineering),7
infectious disease (medical specialty),coronavirus disease 2019 (covid-19),117
infectious disease (medical specialty),pandemic,91
infectious disease (medical specialty),digital media,6
infectious disease (medical specialty),clinical psychology,9
infectious disease (medical specialty),2019-20 coronavirus outbreak,23
infectious disease (medical specialty),cross-sectional study,9
infectious disease (medical specialty),outbreak,24
infectious disease (medical specialty),severe acute respiratory syndrome coronavirus 2 (sars-cov-2),25
infectious disease (medical specialty),virology,24
infectious disease (medical specialty),demography,10
infectious disease (medical specialty),vaccination,4
infectious disease (medical specialty),pure mathematics,3
infectious disease (medical specialty),test (biology),5
infectious disease (medical specialty),telecommunications,4
infectious disease (medical specialty),scale (ratio),3
infectious disease (medical specialty),information literacy,4
infectious disease (medical specialty),information seeking,7
infectious disease (medical specialty),odds ratio,3
infectious disease (medical specialty),population,16
infectious disease (medical specialty),socioeconomic status,4
infectious disease (medical specialty),information seeking behavior,6
infectious disease (medical specialty),social distance,12
infectious disease (medical specialty),information dissemination,3
infectious disease (medical specialty),construct validity,3
infectious disease (medical specialty),psychometrics,3
infectious disease (medical specialty),logistic regression,3
infectious disease (medical specialty),advertising,3
infectious disease (medical specialty),tourism,3
infectious disease (medical specialty),contact tracing,3
infectious disease (medical specialty),literature,3
infectious disease (medical specialty),preparedness,4
infectious disease (medical specialty),distancing,4
infectious disease (medical specialty),inequality,4
infectious disease (medical specialty),social inequality,3
infectious disease (medical specialty),feeling,3
infectious disease (medical specialty),globe,3
infectious disease (medical specialty),scopus,3
infectious disease (medical specialty),coronavirus,3
infectious disease (medical specialty),isolation (microbiology),3
infectious disease (medical specialty),microbiology,3
risk analysis (engineering),multidisciplinary approach,3
risk analysis (engineering),field (mathematics),5
risk analysis (engineering),geometry,3
risk analysis (engineering),pure mathematics,5
risk analysis (engineering),trustworthiness,6
risk analysis (engineering),emerging technologies,5
risk analysis (engineering),coronavirus disease 2019 (covid-19),6
risk analysis (engineering),pandemic,4
risk analysis (engineering),engineering management,3
inclusion (mineral),digital library,3
inclusion (mineral),scopus,4
population,cross-sectional study,5
population,demography,8
population,health information,3
population,health information national trends survey,3
population,information seeking,3
population,information literacy,3
population,expectancy theory,3
population,life expectancy,4
population,population health,5
population,test (biology),4
population,health services,3
population,coronavirus disease 2019 (covid-19),16
population,pandemic,14
population,socioeconomic status,7
population,logistic regression,3
population,digital media,4
population,reproductive health,3
population,intensive care medicine,3
population,2019-20 coronavirus outbreak,3
population,outbreak,3
population,virology,3
population,inequality,3
expectancy theory,unified theory of acceptance and use of technology,4
expectancy theory,life expectancy,3
management,best practice,3
management,task (project management),3
field (mathematics),popularity,3
field (mathematics),pure mathematics,44
field (mathematics),trustworthiness,4
field (mathematics),geometry,3
field (mathematics),artificial neural network,3
field (mathematics),aerospace engineering,3
popularity,pure mathematics,3
pure mathematics,trustworthiness,4
pure mathematics,geometry,3
pure mathematics,coronavirus disease 2019 (covid-19),3
pure mathematics,pandemic,3
pure mathematics,artificial neural network,3
pure mathematics,aerospace engineering,3
telecommunications,wireless,26
telecommunications,wireless network,7
telecommunications,engineering management,4
telecommunications,healthcare industry,3
telecommunications,digitization,5
telecommunications,digital revolution,5
telecommunications,emerging technologies,3
telecommunications,perception,3
telecommunications,coronavirus disease 2019 (covid-19),4
telecommunications,pandemic,3
telecommunications,fidelity,4
telecommunications,bluetooth,3
telecommunications,composite material,3
telecommunications,materials science,4
telecommunications,smart city,3
telecommunications,electronics,3
wireless,wireless network,7
wireless,bluetooth,3
wireless,composite material,3
wireless,materials science,5
chatbot,natural language processing,4
chatbot,conversation,3
natural language processing,natural language,3
intensive care medicine,cancer,3
intensive care medicine,clinical decision making,4
intensive care medicine,decision tree,3
intensive care medicine,cardiology,3
intensive care medicine,diabetes mellitus,3
intensive care medicine,endocrinology,3
focus (optics),optics,8
optics,materials science,3
optics,photonics,3
antibiotic resistance,antibiotics,3
microbiology,coronavirus disease 2019 (covid-19),3
microbiology,isolation (microbiology),3
microbiology,pandemic,3
nanomedicine,nanoparticle,3
nanoparticle,materials science,3
nanoparticle,nanotechnology,3
algorithm,state (computer science),3
microeconomics,preference,3
microeconomics,incentive,3
history,natural (archaeology),5
genetics,microbiome,3
genetics,drone,5
genetics,pregnancy,5
human microbiome,microbiome,3
perception,risk perception,3
perception,trustworthiness,3
perception,qualitative research,3
health promotion,politics,3
health promotion,promotion (chess),3
health promotion,health policy,4
digital library,literature,4
digital library,poetry,4
digital library,scopus,4
literature,poetry,4
literature,scopus,3
literature,coronavirus disease 2019 (covid-19),3
poetry,scopus,3
protocol (science),checklist,4
protocol (science),cognitive psychology,4
scopus,web of science,4
scopus,coronavirus disease 2019 (covid-19),3
composite material,materials science,16
composite material,pressure sensor,4
composite material,electronics,3
composite material,nanotechnology,10
composite material,optoelectronics,3
composite material,tactile sensor,3
composite material,triboelectric effect,5
composite material,electronic skin,5
composite material,polymer,3
materials science,piezoresistive effect,3
materials science,pressure sensor,5
materials science,nanotechnology,26
materials science,tactile sensor,4
materials science,optoelectronics,7
materials science,electronics,6
materials science,triboelectric effect,5
materials science,biomedical engineering,3
materials science,electronic skin,6
materials science,polymer,3
materials science,electronic engineering,3
materials science,sensitivity (control systems),3
materials science,graphene,3
pressure sensor,nanotechnology,4
influencer marketing,marketing management,3
influencer marketing,relationship marketing,3
marketing management,relationship marketing,3
cross-sectional study,biostatistics,3
cross-sectional study,demography,3
cross-sectional study,coronavirus disease 2019 (covid-19),9
cross-sectional study,pandemic,8
cross-sectional study,information seeking,3
cross-sectional study,information seeking behavior,3
cross-sectional study,logistic regression,3
coronavirus disease 2019 (covid-19),pandemic,92
coronavirus disease 2019 (covid-19),digital media,6
coronavirus disease 2019 (covid-19),clinical psychology,9
coronavirus disease 2019 (covid-19),2019-20 coronavirus outbreak,24
coronavirus disease 2019 (covid-19),outbreak,24
coronavirus disease 2019 (covid-19),severe acute respiratory syndrome coronavirus 2 (sars-cov-2),26
coronavirus disease 2019 (covid-19),virology,24
coronavirus disease 2019 (covid-19),demography,10
coronavirus disease 2019 (covid-19),vaccination,4
coronavirus disease 2019 (covid-19),test (biology),5
coronavirus disease 2019 (covid-19),scale (ratio),3
coronavirus disease 2019 (covid-19),information literacy,4
coronavirus disease 2019 (covid-19),information seeking,7
coronavirus disease 2019 (covid-19),odds ratio,3
coronavirus disease 2019 (covid-19),socioeconomic status,4
coronavirus disease 2019 (covid-19),information seeking behavior,6
coronavirus disease 2019 (covid-19),social distance,12
coronavirus disease 2019 (covid-19),information dissemination,3
coronavirus disease 2019 (covid-19),construct validity,3
coronavirus disease 2019 (covid-19),psychometrics,3
coronavirus disease 2019 (covid-19),logistic regression,3
coronavirus disease 2019 (covid-19),advertising,3
coronavirus disease 2019 (covid-19),tourism,3
coronavirus disease 2019 (covid-19),contact tracing,3
coronavirus disease 2019 (covid-19),preparedness,4
coronavirus disease 2019 (covid-19),distancing,4
coronavirus disease 2019 (covid-19),inequality,4
coronavirus disease 2019 (covid-19),social inequality,3
coronavirus disease 2019 (covid-19),feeling,3
coronavirus disease 2019 (covid-19),globe,3
coronavirus disease 2019 (covid-19),coronavirus,3
coronavirus disease 2019 (covid-19),isolation (microbiology),3
pandemic,digital media,6
pandemic,clinical psychology,6
pandemic,demography,8
pandemic,severe acute respiratory syndrome coronavirus 2 (sars-cov-2),18
pandemic,vaccination,3
pandemic,virology,15
pandemic,2019-20 coronavirus outbreak,16
pandemic,outbreak,15
pandemic,scale (ratio),3
pandemic,information literacy,4
pandemic,information seeking,6
pandemic,socioeconomic status,3
pandemic,information seeking behavior,5
pandemic,information dissemination,3
pandemic,advertising,3
pandemic,tourism,3
pandemic,preparedness,4
pandemic,distancing,4
pandemic,social distance,8
pandemic,inequality,3
pandemic,feeling,3
pandemic,isolation (microbiology),3
cartography,scale (ratio),5
cartography,clinical psychology,3
cartography,confirmatory factor analysis,3
cartography,psychometrics,3
scale (ratio),clinical psychology,7
scale (ratio),construct validity,5
scale (ratio),cronbach's alpha,5
scale (ratio),psychometrics,6
scale (ratio),confirmatory factor analysis,4
information seeking behavior,information seeking,8
meteorology,training (meteorology),3
qualitative research,thematic analysis,12
health information,health information national trends survey,7
health policy,hrhis,3
capacitive sensing,electronics,3
electronics,nanotechnology,6
clinical psychology,politics,3
clinical psychology,construct validity,6
clinical psychology,cronbach's alpha,6
clinical psychology,psychometrics,8
clinical psychology,confirmatory factor analysis,6
clinical psychology,exploratory factor analysis,3
clinical psychology,test (biology),3
haptic technology,tactile sensor,3
tactile sensor,triboelectric effect,3
sustainability,analytics,3
data security,encryption,4
encryption,cryptography,5
encryption,authentication (law),4
aerospace,aerospace engineering,3
aerospace engineering,space (punctuation),3
aerospace engineering,space exploration,3
aerospace engineering,intersection (aeronautics),3
space (punctuation),space exploration,3
geometry,product (mathematics),4
cryptography,cryptographic protocol,3
cryptography,authentication (law),3
cognitive psychology,checklist,10
cognitive psychology,consolidated standards of reporting trials,3
convolutional neural network,artificial neural network,5
diabetes mellitus,endocrinology,7
physical therapy,rehabilitation,3
supply chain,supply chain management,4
breast cancer,cancer,5
information literacy,information seeking,4
checklist,consolidated standards of reporting trials,3
politics,promotion (chess),5
politics,representation (politics),3
artificial neural network,feature extraction,3
demography,vaccination,5
demography,virology,3
nanotechnology,optoelectronics,6
nanotechnology,triboelectric effect,4
nanotechnology,biomedical engineering,3
nanotechnology,electronic skin,6
nanotechnology,polymer,3
nanotechnology,graphene,3
reliability engineering,downtime,3
reliability engineering,industry 4.0,3
reliability engineering,predictive maintenance,3
decision tree,random forest,4
server,edge device,3
2019-20 coronavirus outbreak,outbreak,23
2019-20 coronavirus outbreak,severe acute respiratory syndrome coronavirus 2 (sars-cov-2),22
2019-20 coronavirus outbreak,virology,22
2019-20 coronavirus outbreak,coronavirus,3
outbreak,severe acute respiratory syndrome coronavirus 2 (sars-cov-2),21
outbreak,virology,23
outbreak,coronavirus,3
severe acute respiratory syndrome coronavirus 2 (sars-cov-2),virology,21
severe acute respiratory syndrome coronavirus 2 (sars-cov-2),coronavirus,3
virology,coronavirus,3
economic policy,european union,3
industry 4.0,downtime,3
industry 4.0,predictive maintenance,3
mental health literacy,mental illness,6
logistic regression,odds ratio,4
construct validity,cronbach's alpha,5
construct validity,psychometrics,7
construct validity,confirmatory factor analysis,3
cronbach's alpha,psychometrics,6
cronbach's alpha,confirmatory factor analysis,3
psychometrics,confirmatory factor analysis,5
psychometrics,exploratory factor analysis,3
optoelectronics,electronic engineering,3
optoelectronics,sensitivity (control systems),3
confirmatory factor analysis,exploratory factor analysis,3
electronic engineering,sensitivity (control systems),3
inequality,social inequality,4
latent dirichlet allocation,topic model,3
social distance,distancing,3
downtime,predictive maintenance,3
chromatography,sample (material),3
